============================================================
 BR NO GTA — CONSOLIDAÇÃO SEGURA
============================================================
ORIGEM : /data/data/com.termux/files/home/br-no-gta
DESTINO: /data/data/com.termux/files/home/GTA/BR
DATA   : Mon Aug 31 20:20:31 -03 2026

REGRA: NENHUM ARQUIVO SERÁ APAGADO.
REGRA: CONFLITOS NÃO SERÃO SOBRESCRITOS.

=== ARQUIVOS NOVOS ===

=== CONFLITOS ===

=== ARQUIVOS AGORA PRESENTES NO PROJETO ÚNICO ===
/data/data/com.termux/files/home/GTA/BR/.venv.broken.20260831-112339/.gitignore
/data/data/com.termux/files/home/GTA/BR/.venv.broken.20260831-112339/bin/Activate.ps1
/data/data/com.termux/files/home/GTA/BR/.venv.broken.20260831-112339/bin/activate
/data/data/com.termux/files/home/GTA/BR/.venv.broken.20260831-112339/bin/activate.csh
/data/data/com.termux/files/home/GTA/BR/.venv.broken.20260831-112339/bin/activate.fish
/data/data/com.termux/files/home/GTA/BR/.venv.broken.20260831-112339/bin/cffi-gen-src
/data/data/com.termux/files/home/GTA/BR/.venv.broken.20260831-112339/bin/google-oauthlib-tool
/data/data/com.termux/files/home/GTA/BR/.venv.broken.20260831-112339/bin/idna
/data/data/com.termux/files/home/GTA/BR/.venv.broken.20260831-112339/bin/normalizer
/data/data/com.termux/files/home/GTA/BR/.venv.broken.20260831-112339/bin/pip
/data/data/com.termux/files/home/GTA/BR/.venv.broken.20260831-112339/bin/pip3
/data/data/com.termux/files/home/GTA/BR/.venv.broken.20260831-112339/bin/pip3.14
/data/data/com.termux/files/home/GTA/BR/.venv.broken.20260831-112339/lib/python3.14/site-packages/__pycache__/google_auth_httplib2.cpython-314.pyc
/data/data/com.termux/files/home/GTA/BR/.venv.broken.20260831-112339/lib/python3.14/site-packages/_cffi_backend.cpython-314-aarch64-linux-android.so
/data/data/com.termux/files/home/GTA/BR/.venv.broken.20260831-112339/lib/python3.14/site-packages/apiclient/__init__.py
/data/data/com.termux/files/home/GTA/BR/.venv.broken.20260831-112339/lib/python3.14/site-packages/apiclient/__pycache__/__init__.cpython-314.pyc
/data/data/com.termux/files/home/GTA/BR/.venv.broken.20260831-112339/lib/python3.14/site-packages/certifi-2026.7.22.dist-info/INSTALLER
/data/data/com.termux/files/home/GTA/BR/.venv.broken.20260831-112339/lib/python3.14/site-packages/certifi-2026.7.22.dist-info/METADATA
/data/data/com.termux/files/home/GTA/BR/.venv.broken.20260831-112339/lib/python3.14/site-packages/certifi-2026.7.22.dist-info/RECORD
/data/data/com.termux/files/home/GTA/BR/.venv.broken.20260831-112339/lib/python3.14/site-packages/certifi-2026.7.22.dist-info/WHEEL
/data/data/com.termux/files/home/GTA/BR/.venv.broken.20260831-112339/lib/python3.14/site-packages/certifi-2026.7.22.dist-info/licenses/LICENSE
/data/data/com.termux/files/home/GTA/BR/.venv.broken.20260831-112339/lib/python3.14/site-packages/certifi-2026.7.22.dist-info/top_level.txt
/data/data/com.termux/files/home/GTA/BR/.venv.broken.20260831-112339/lib/python3.14/site-packages/certifi/__init__.py
/data/data/com.termux/files/home/GTA/BR/.venv.broken.20260831-112339/lib/python3.14/site-packages/certifi/__main__.py
/data/data/com.termux/files/home/GTA/BR/.venv.broken.20260831-112339/lib/python3.14/site-packages/certifi/__pycache__/__init__.cpython-314.pyc
/data/data/com.termux/files/home/GTA/BR/.venv.broken.20260831-112339/lib/python3.14/site-packages/certifi/__pycache__/__main__.cpython-314.pyc
/data/data/com.termux/files/home/GTA/BR/.venv.broken.20260831-112339/lib/python3.14/site-packages/certifi/__pycache__/core.cpython-314.pyc
/data/data/com.termux/files/home/GTA/BR/.venv.broken.20260831-112339/lib/python3.14/site-packages/certifi/cacert.pem
/data/data/com.termux/files/home/GTA/BR/.venv.broken.20260831-112339/lib/python3.14/site-packages/certifi/core.py
/data/data/com.termux/files/home/GTA/BR/.venv.broken.20260831-112339/lib/python3.14/site-packages/certifi/py.typed
/data/data/com.termux/files/home/GTA/BR/.venv.broken.20260831-112339/lib/python3.14/site-packages/certifi/tests/__init__.py
/data/data/com.termux/files/home/GTA/BR/.venv.broken.20260831-112339/lib/python3.14/site-packages/certifi/tests/__pycache__/__init__.cpython-314.pyc
/data/data/com.termux/files/home/GTA/BR/.venv.broken.20260831-112339/lib/python3.14/site-packages/certifi/tests/__pycache__/test_certify.cpython-314.pyc
/data/data/com.termux/files/home/GTA/BR/.venv.broken.20260831-112339/lib/python3.14/site-packages/certifi/tests/test_certify.py
/data/data/com.termux/files/home/GTA/BR/.venv.broken.20260831-112339/lib/python3.14/site-packages/cffi-2.1.1.dist-info/INSTALLER
/data/data/com.termux/files/home/GTA/BR/.venv.broken.20260831-112339/lib/python3.14/site-packages/cffi-2.1.1.dist-info/METADATA
/data/data/com.termux/files/home/GTA/BR/.venv.broken.20260831-112339/lib/python3.14/site-packages/cffi-2.1.1.dist-info/RECORD
/data/data/com.termux/files/home/GTA/BR/.venv.broken.20260831-112339/lib/python3.14/site-packages/cffi-2.1.1.dist-info/WHEEL
/data/data/com.termux/files/home/GTA/BR/.venv.broken.20260831-112339/lib/python3.14/site-packages/cffi-2.1.1.dist-info/entry_points.txt
/data/data/com.termux/files/home/GTA/BR/.venv.broken.20260831-112339/lib/python3.14/site-packages/cffi-2.1.1.dist-info/licenses/LICENSE
/data/data/com.termux/files/home/GTA/BR/.venv.broken.20260831-112339/lib/python3.14/site-packages/cffi-2.1.1.dist-info/top_level.txt
/data/data/com.termux/files/home/GTA/BR/.venv.broken.20260831-112339/lib/python3.14/site-packages/cffi/__init__.py
/data/data/com.termux/files/home/GTA/BR/.venv.broken.20260831-112339/lib/python3.14/site-packages/cffi/__pycache__/__init__.cpython-314.pyc
/data/data/com.termux/files/home/GTA/BR/.venv.broken.20260831-112339/lib/python3.14/site-packages/cffi/__pycache__/_cffi_gen_src.cpython-314.pyc
/data/data/com.termux/files/home/GTA/BR/.venv.broken.20260831-112339/lib/python3.14/site-packages/cffi/__pycache__/_imp_emulation.cpython-314.pyc
/data/data/com.termux/files/home/GTA/BR/.venv.broken.20260831-112339/lib/python3.14/site-packages/cffi/__pycache__/_shimmed_dist_utils.cpython-314.pyc
/data/data/com.termux/files/home/GTA/BR/.venv.broken.20260831-112339/lib/python3.14/site-packages/cffi/__pycache__/api.cpython-314.pyc
/data/data/com.termux/files/home/GTA/BR/.venv.broken.20260831-112339/lib/python3.14/site-packages/cffi/__pycache__/backend_ctypes.cpython-314.pyc
/data/data/com.termux/files/home/GTA/BR/.venv.broken.20260831-112339/lib/python3.14/site-packages/cffi/__pycache__/cffi_opcode.cpython-314.pyc
/data/data/com.termux/files/home/GTA/BR/.venv.broken.20260831-112339/lib/python3.14/site-packages/cffi/__pycache__/commontypes.cpython-314.pyc
/data/data/com.termux/files/home/GTA/BR/.venv.broken.20260831-112339/lib/python3.14/site-packages/cffi/__pycache__/cparser.cpython-314.pyc
/data/data/com.termux/files/home/GTA/BR/.venv.broken.20260831-112339/lib/python3.14/site-packages/cffi/__pycache__/error.cpython-314.pyc
/data/data/com.termux/files/home/GTA/BR/.venv.broken.20260831-112339/lib/python3.14/site-packages/cffi/__pycache__/ffiplatform.cpython-314.pyc
/data/data/com.termux/files/home/GTA/BR/.venv.broken.20260831-112339/lib/python3.14/site-packages/cffi/__pycache__/gen_src.cpython-314.pyc
/data/data/com.termux/files/home/GTA/BR/.venv.broken.20260831-112339/lib/python3.14/site-packages/cffi/__pycache__/lock.cpython-314.pyc
/data/data/com.termux/files/home/GTA/BR/.venv.broken.20260831-112339/lib/python3.14/site-packages/cffi/__pycache__/model.cpython-314.pyc
/data/data/com.termux/files/home/GTA/BR/.venv.broken.20260831-112339/lib/python3.14/site-packages/cffi/__pycache__/pkgconfig.cpython-314.pyc
/data/data/com.termux/files/home/GTA/BR/.venv.broken.20260831-112339/lib/python3.14/site-packages/cffi/__pycache__/recompiler.cpython-314.pyc
/data/data/com.termux/files/home/GTA/BR/.venv.broken.20260831-112339/lib/python3.14/site-packages/cffi/__pycache__/setuptools_ext.cpython-314.pyc
/data/data/com.termux/files/home/GTA/BR/.venv.broken.20260831-112339/lib/python3.14/site-packages/cffi/__pycache__/vengine_cpy.cpython-314.pyc
/data/data/com.termux/files/home/GTA/BR/.venv.broken.20260831-112339/lib/python3.14/site-packages/cffi/__pycache__/vengine_gen.cpython-314.pyc
/data/data/com.termux/files/home/GTA/BR/.venv.broken.20260831-112339/lib/python3.14/site-packages/cffi/__pycache__/verifier.cpython-314.pyc
/data/data/com.termux/files/home/GTA/BR/.venv.broken.20260831-112339/lib/python3.14/site-packages/cffi/_cffi_errors.h
/data/data/com.termux/files/home/GTA/BR/.venv.broken.20260831-112339/lib/python3.14/site-packages/cffi/_cffi_gen_src.py
/data/data/com.termux/files/home/GTA/BR/.venv.broken.20260831-112339/lib/python3.14/site-packages/cffi/_cffi_include.h
/data/data/com.termux/files/home/GTA/BR/.venv.broken.20260831-112339/lib/python3.14/site-packages/cffi/_embedding.h
/data/data/com.termux/files/home/GTA/BR/.venv.broken.20260831-112339/lib/python3.14/site-packages/cffi/_imp_emulation.py
/data/data/com.termux/files/home/GTA/BR/.venv.broken.20260831-112339/lib/python3.14/site-packages/cffi/_shimmed_dist_utils.py
/data/data/com.termux/files/home/GTA/BR/.venv.broken.20260831-112339/lib/python3.14/site-packages/cffi/api.py
/data/data/com.termux/files/home/GTA/BR/.venv.broken.20260831-112339/lib/python3.14/site-packages/cffi/backend_ctypes.py
/data/data/com.termux/files/home/GTA/BR/.venv.broken.20260831-112339/lib/python3.14/site-packages/cffi/cffi_opcode.py
/data/data/com.termux/files/home/GTA/BR/.venv.broken.20260831-112339/lib/python3.14/site-packages/cffi/commontypes.py
/data/data/com.termux/files/home/GTA/BR/.venv.broken.20260831-112339/lib/python3.14/site-packages/cffi/cparser.py
/data/data/com.termux/files/home/GTA/BR/.venv.broken.20260831-112339/lib/python3.14/site-packages/cffi/error.py
/data/data/com.termux/files/home/GTA/BR/.venv.broken.20260831-112339/lib/python3.14/site-packages/cffi/ffiplatform.py
/data/data/com.termux/files/home/GTA/BR/.venv.broken.20260831-112339/lib/python3.14/site-packages/cffi/gen_src.py
/data/data/com.termux/files/home/GTA/BR/.venv.broken.20260831-112339/lib/python3.14/site-packages/cffi/lock.py
/data/data/com.termux/files/home/GTA/BR/.venv.broken.20260831-112339/lib/python3.14/site-packages/cffi/model.py
/data/data/com.termux/files/home/GTA/BR/.venv.broken.20260831-112339/lib/python3.14/site-packages/cffi/parse_c_type.h
/data/data/com.termux/files/home/GTA/BR/.venv.broken.20260831-112339/lib/python3.14/site-packages/cffi/pkgconfig.py
/data/data/com.termux/files/home/GTA/BR/.venv.broken.20260831-112339/lib/python3.14/site-packages/cffi/recompiler.py
/data/data/com.termux/files/home/GTA/BR/.venv.broken.20260831-112339/lib/python3.14/site-packages/cffi/setuptools_ext.py
/data/data/com.termux/files/home/GTA/BR/.venv.broken.20260831-112339/lib/python3.14/site-packages/cffi/vengine_cpy.py
/data/data/com.termux/files/home/GTA/BR/.venv.broken.20260831-112339/lib/python3.14/site-packages/cffi/vengine_gen.py
/data/data/com.termux/files/home/GTA/BR/.venv.broken.20260831-112339/lib/python3.14/site-packages/cffi/verifier.py
/data/data/com.termux/files/home/GTA/BR/.venv.broken.20260831-112339/lib/python3.14/site-packages/charset_normalizer-3.5.1.dist-info/INSTALLER
/data/data/com.termux/files/home/GTA/BR/.venv.broken.20260831-112339/lib/python3.14/site-packages/charset_normalizer-3.5.1.dist-info/METADATA
/data/data/com.termux/files/home/GTA/BR/.venv.broken.20260831-112339/lib/python3.14/site-packages/charset_normalizer-3.5.1.dist-info/RECORD
/data/data/com.termux/files/home/GTA/BR/.venv.broken.20260831-112339/lib/python3.14/site-packages/charset_normalizer-3.5.1.dist-info/WHEEL
/data/data/com.termux/files/home/GTA/BR/.venv.broken.20260831-112339/lib/python3.14/site-packages/charset_normalizer-3.5.1.dist-info/entry_points.txt
/data/data/com.termux/files/home/GTA/BR/.venv.broken.20260831-112339/lib/python3.14/site-packages/charset_normalizer-3.5.1.dist-info/licenses/LICENSE
/data/data/com.termux/files/home/GTA/BR/.venv.broken.20260831-112339/lib/python3.14/site-packages/charset_normalizer-3.5.1.dist-info/top_level.txt
/data/data/com.termux/files/home/GTA/BR/.venv.broken.20260831-112339/lib/python3.14/site-packages/charset_normalizer/__init__.py
/data/data/com.termux/files/home/GTA/BR/.venv.broken.20260831-112339/lib/python3.14/site-packages/charset_normalizer/__main__.py
/data/data/com.termux/files/home/GTA/BR/.venv.broken.20260831-112339/lib/python3.14/site-packages/charset_normalizer/__pycache__/__init__.cpython-314.pyc
/data/data/com.termux/files/home/GTA/BR/.venv.broken.20260831-112339/lib/python3.14/site-packages/charset_normalizer/__pycache__/__main__.cpython-314.pyc
/data/data/com.termux/files/home/GTA/BR/.venv.broken.20260831-112339/lib/python3.14/site-packages/charset_normalizer/__pycache__/api.cpython-314.pyc
/data/data/com.termux/files/home/GTA/BR/.venv.broken.20260831-112339/lib/python3.14/site-packages/charset_normalizer/__pycache__/cd.cpython-314.pyc
/data/data/com.termux/files/home/GTA/BR/.venv.broken.20260831-112339/lib/python3.14/site-packages/charset_normalizer/__pycache__/constant.cpython-314.pyc
/data/data/com.termux/files/home/GTA/BR/.venv.broken.20260831-112339/lib/python3.14/site-packages/charset_normalizer/__pycache__/legacy.cpython-314.pyc
/data/data/com.termux/files/home/GTA/BR/.venv.broken.20260831-112339/lib/python3.14/site-packages/charset_normalizer/__pycache__/md.cpython-314.pyc
/data/data/com.termux/files/home/GTA/BR/.venv.broken.20260831-112339/lib/python3.14/site-packages/charset_normalizer/__pycache__/models.cpython-314.pyc
/data/data/com.termux/files/home/GTA/BR/.venv.broken.20260831-112339/lib/python3.14/site-packages/charset_normalizer/__pycache__/utils.cpython-314.pyc
/data/data/com.termux/files/home/GTA/BR/.venv.broken.20260831-112339/lib/python3.14/site-packages/charset_normalizer/__pycache__/version.cpython-314.pyc
/data/data/com.termux/files/home/GTA/BR/.venv.broken.20260831-112339/lib/python3.14/site-packages/charset_normalizer/api.py
/data/data/com.termux/files/home/GTA/BR/.venv.broken.20260831-112339/lib/python3.14/site-packages/charset_normalizer/cd.cpython-314-aarch64-linux-android.so
/data/data/com.termux/files/home/GTA/BR/.venv.broken.20260831-112339/lib/python3.14/site-packages/charset_normalizer/cd.py
/data/data/com.termux/files/home/GTA/BR/.venv.broken.20260831-112339/lib/python3.14/site-packages/charset_normalizer/cli/__init__.py
/data/data/com.termux/files/home/GTA/BR/.venv.broken.20260831-112339/lib/python3.14/site-packages/charset_normalizer/cli/__main__.py
/data/data/com.termux/files/home/GTA/BR/.venv.broken.20260831-112339/lib/python3.14/site-packages/charset_normalizer/cli/__pycache__/__init__.cpython-314.pyc
/data/data/com.termux/files/home/GTA/BR/.venv.broken.20260831-112339/lib/python3.14/site-packages/charset_normalizer/cli/__pycache__/__main__.cpython-314.pyc
/data/data/com.termux/files/home/GTA/BR/.venv.broken.20260831-112339/lib/python3.14/site-packages/charset_normalizer/constant.py
/data/data/com.termux/files/home/GTA/BR/.venv.broken.20260831-112339/lib/python3.14/site-packages/charset_normalizer/legacy.py
/data/data/com.termux/files/home/GTA/BR/.venv.broken.20260831-112339/lib/python3.14/site-packages/charset_normalizer/md.cpython-314-aarch64-linux-android.so
/data/data/com.termux/files/home/GTA/BR/.venv.broken.20260831-112339/lib/python3.14/site-packages/charset_normalizer/md.py
/data/data/com.termux/files/home/GTA/BR/.venv.broken.20260831-112339/lib/python3.14/site-packages/charset_normalizer/models.py
/data/data/com.termux/files/home/GTA/BR/.venv.broken.20260831-112339/lib/python3.14/site-packages/charset_normalizer/py.typed
/data/data/com.termux/files/home/GTA/BR/.venv.broken.20260831-112339/lib/python3.14/site-packages/charset_normalizer/utils.py
/data/data/com.termux/files/home/GTA/BR/.venv.broken.20260831-112339/lib/python3.14/site-packages/charset_normalizer/version.py
/data/data/com.termux/files/home/GTA/BR/.venv.broken.20260831-112339/lib/python3.14/site-packages/cryptography-50.0.1.dist-info/INSTALLER
/data/data/com.termux/files/home/GTA/BR/.venv.broken.20260831-112339/lib/python3.14/site-packages/cryptography-50.0.1.dist-info/METADATA
/data/data/com.termux/files/home/GTA/BR/.venv.broken.20260831-112339/lib/python3.14/site-packages/cryptography-50.0.1.dist-info/RECORD
/data/data/com.termux/files/home/GTA/BR/.venv.broken.20260831-112339/lib/python3.14/site-packages/cryptography-50.0.1.dist-info/WHEEL
/data/data/com.termux/files/home/GTA/BR/.venv.broken.20260831-112339/lib/python3.14/site-packages/cryptography-50.0.1.dist-info/licenses/LICENSE
/data/data/com.termux/files/home/GTA/BR/.venv.broken.20260831-112339/lib/python3.14/site-packages/cryptography-50.0.1.dist-info/licenses/LICENSE.APACHE
/data/data/com.termux/files/home/GTA/BR/.venv.broken.20260831-112339/lib/python3.14/site-packages/cryptography-50.0.1.dist-info/licenses/LICENSE.BSD
/data/data/com.termux/files/home/GTA/BR/.venv.broken.20260831-112339/lib/python3.14/site-packages/cryptography/__about__.py
/data/data/com.termux/files/home/GTA/BR/.venv.broken.20260831-112339/lib/python3.14/site-packages/cryptography/__init__.py
/data/data/com.termux/files/home/GTA/BR/.venv.broken.20260831-112339/lib/python3.14/site-packages/cryptography/__pycache__/__about__.cpython-314.pyc
/data/data/com.termux/files/home/GTA/BR/.venv.broken.20260831-112339/lib/python3.14/site-packages/cryptography/__pycache__/__init__.cpython-314.pyc
/data/data/com.termux/files/home/GTA/BR/.venv.broken.20260831-112339/lib/python3.14/site-packages/cryptography/__pycache__/cobblestone.cpython-314.pyc
/data/data/com.termux/files/home/GTA/BR/.venv.broken.20260831-112339/lib/python3.14/site-packages/cryptography/__pycache__/exceptions.cpython-314.pyc
/data/data/com.termux/files/home/GTA/BR/.venv.broken.20260831-112339/lib/python3.14/site-packages/cryptography/__pycache__/fernet.cpython-314.pyc
/data/data/com.termux/files/home/GTA/BR/.venv.broken.20260831-112339/lib/python3.14/site-packages/cryptography/__pycache__/utils.cpython-314.pyc
/data/data/com.termux/files/home/GTA/BR/.venv.broken.20260831-112339/lib/python3.14/site-packages/cryptography/cobblestone.py
/data/data/com.termux/files/home/GTA/BR/.venv.broken.20260831-112339/lib/python3.14/site-packages/cryptography/exceptions.py
/data/data/com.termux/files/home/GTA/BR/.venv.broken.20260831-112339/lib/python3.14/site-packages/cryptography/fernet.py
/data/data/com.termux/files/home/GTA/BR/.venv.broken.20260831-112339/lib/python3.14/site-packages/cryptography/hazmat/__init__.py
/data/data/com.termux/files/home/GTA/BR/.venv.broken.20260831-112339/lib/python3.14/site-packages/cryptography/hazmat/__pycache__/__init__.cpython-314.pyc
/data/data/com.termux/files/home/GTA/BR/.venv.broken.20260831-112339/lib/python3.14/site-packages/cryptography/hazmat/__pycache__/_oid.cpython-314.pyc
/data/data/com.termux/files/home/GTA/BR/.venv.broken.20260831-112339/lib/python3.14/site-packages/cryptography/hazmat/_oid.py
/data/data/com.termux/files/home/GTA/BR/.venv.broken.20260831-112339/lib/python3.14/site-packages/cryptography/hazmat/asn1/__init__.py
/data/data/com.termux/files/home/GTA/BR/.venv.broken.20260831-112339/lib/python3.14/site-packages/cryptography/hazmat/asn1/__pycache__/__init__.cpython-314.pyc
/data/data/com.termux/files/home/GTA/BR/.venv.broken.20260831-112339/lib/python3.14/site-packages/cryptography/hazmat/asn1/__pycache__/asn1.cpython-314.pyc
/data/data/com.termux/files/home/GTA/BR/.venv.broken.20260831-112339/lib/python3.14/site-packages/cryptography/hazmat/asn1/asn1.py
/data/data/com.termux/files/home/GTA/BR/.venv.broken.20260831-112339/lib/python3.14/site-packages/cryptography/hazmat/backends/__init__.py
/data/data/com.termux/files/home/GTA/BR/.venv.broken.20260831-112339/lib/python3.14/site-packages/cryptography/hazmat/backends/__pycache__/__init__.cpython-314.pyc
/data/data/com.termux/files/home/GTA/BR/.venv.broken.20260831-112339/lib/python3.14/site-packages/cryptography/hazmat/backends/openssl/__init__.py
/data/data/com.termux/files/home/GTA/BR/.venv.broken.20260831-112339/lib/python3.14/site-packages/cryptography/hazmat/backends/openssl/__pycache__/__init__.cpython-314.pyc
/data/data/com.termux/files/home/GTA/BR/.venv.broken.20260831-112339/lib/python3.14/site-packages/cryptography/hazmat/backends/openssl/__pycache__/backend.cpython-314.pyc
/data/data/com.termux/files/home/GTA/BR/.venv.broken.20260831-112339/lib/python3.14/site-packages/cryptography/hazmat/backends/openssl/backend.py
/data/data/com.termux/files/home/GTA/BR/.venv.broken.20260831-112339/lib/python3.14/site-packages/cryptography/hazmat/bindings/__init__.py
/data/data/com.termux/files/home/GTA/BR/.venv.broken.20260831-112339/lib/python3.14/site-packages/cryptography/hazmat/bindings/__pycache__/__init__.cpython-314.pyc
/data/data/com.termux/files/home/GTA/BR/.venv.broken.20260831-112339/lib/python3.14/site-packages/cryptography/hazmat/bindings/_rust.abi3.so
/data/data/com.termux/files/home/GTA/BR/.venv.broken.20260831-112339/lib/python3.14/site-packages/cryptography/hazmat/bindings/_rust/__init__.pyi
/data/data/com.termux/files/home/GTA/BR/.venv.broken.20260831-112339/lib/python3.14/site-packages/cryptography/hazmat/bindings/_rust/_openssl.pyi
/data/data/com.termux/files/home/GTA/BR/.venv.broken.20260831-112339/lib/python3.14/site-packages/cryptography/hazmat/bindings/_rust/asn1.pyi
/data/data/com.termux/files/home/GTA/BR/.venv.broken.20260831-112339/lib/python3.14/site-packages/cryptography/hazmat/bindings/_rust/cobblestone.pyi
/data/data/com.termux/files/home/GTA/BR/.venv.broken.20260831-112339/lib/python3.14/site-packages/cryptography/hazmat/bindings/_rust/declarative_asn1.pyi
/data/data/com.termux/files/home/GTA/BR/.venv.broken.20260831-112339/lib/python3.14/site-packages/cryptography/hazmat/bindings/_rust/exceptions.pyi
/data/data/com.termux/files/home/GTA/BR/.venv.broken.20260831-112339/lib/python3.14/site-packages/cryptography/hazmat/bindings/_rust/ocsp.pyi
/data/data/com.termux/files/home/GTA/BR/.venv.broken.20260831-112339/lib/python3.14/site-packages/cryptography/hazmat/bindings/_rust/openssl/__init__.pyi
/data/data/com.termux/files/home/GTA/BR/.venv.broken.20260831-112339/lib/python3.14/site-packages/cryptography/hazmat/bindings/_rust/openssl/aead.pyi
/data/data/com.termux/files/home/GTA/BR/.venv.broken.20260831-112339/lib/python3.14/site-packages/cryptography/hazmat/bindings/_rust/openssl/ciphers.pyi
/data/data/com.termux/files/home/GTA/BR/.venv.broken.20260831-112339/lib/python3.14/site-packages/cryptography/hazmat/bindings/_rust/openssl/cmac.pyi
/data/data/com.termux/files/home/GTA/BR/.venv.broken.20260831-112339/lib/python3.14/site-packages/cryptography/hazmat/bindings/_rust/openssl/dh.pyi
/data/data/com.termux/files/home/GTA/BR/.venv.broken.20260831-112339/lib/python3.14/site-packages/cryptography/hazmat/bindings/_rust/openssl/dsa.pyi
/data/data/com.termux/files/home/GTA/BR/.venv.broken.20260831-112339/lib/python3.14/site-packages/cryptography/hazmat/bindings/_rust/openssl/ec.pyi
/data/data/com.termux/files/home/GTA/BR/.venv.broken.20260831-112339/lib/python3.14/site-packages/cryptography/hazmat/bindings/_rust/openssl/ed25519.pyi
/data/data/com.termux/files/home/GTA/BR/.venv.broken.20260831-112339/lib/python3.14/site-packages/cryptography/hazmat/bindings/_rust/openssl/ed448.pyi
/data/data/com.termux/files/home/GTA/BR/.venv.broken.20260831-112339/lib/python3.14/site-packages/cryptography/hazmat/bindings/_rust/openssl/hashes.pyi
/data/data/com.termux/files/home/GTA/BR/.venv.broken.20260831-112339/lib/python3.14/site-packages/cryptography/hazmat/bindings/_rust/openssl/hmac.pyi
/data/data/com.termux/files/home/GTA/BR/.venv.broken.20260831-112339/lib/python3.14/site-packages/cryptography/hazmat/bindings/_rust/openssl/hpke.pyi
/data/data/com.termux/files/home/GTA/BR/.venv.broken.20260831-112339/lib/python3.14/site-packages/cryptography/hazmat/bindings/_rust/openssl/kdf.pyi
/data/data/com.termux/files/home/GTA/BR/.venv.broken.20260831-112339/lib/python3.14/site-packages/cryptography/hazmat/bindings/_rust/openssl/keys.pyi
/data/data/com.termux/files/home/GTA/BR/.venv.broken.20260831-112339/lib/python3.14/site-packages/cryptography/hazmat/bindings/_rust/openssl/keywrap.pyi
/data/data/com.termux/files/home/GTA/BR/.venv.broken.20260831-112339/lib/python3.14/site-packages/cryptography/hazmat/bindings/_rust/openssl/mldsa.pyi
/data/data/com.termux/files/home/GTA/BR/.venv.broken.20260831-112339/lib/python3.14/site-packages/cryptography/hazmat/bindings/_rust/openssl/mlkem.pyi
/data/data/com.termux/files/home/GTA/BR/.venv.broken.20260831-112339/lib/python3.14/site-packages/cryptography/hazmat/bindings/_rust/openssl/poly1305.pyi
/data/data/com.termux/files/home/GTA/BR/.venv.broken.20260831-112339/lib/python3.14/site-packages/cryptography/hazmat/bindings/_rust/openssl/rsa.pyi
/data/data/com.termux/files/home/GTA/BR/.venv.broken.20260831-112339/lib/python3.14/site-packages/cryptography/hazmat/bindings/_rust/openssl/x25519.pyi
/data/data/com.termux/files/home/GTA/BR/.venv.broken.20260831-112339/lib/python3.14/site-packages/cryptography/hazmat/bindings/_rust/openssl/x448.pyi
/data/data/com.termux/files/home/GTA/BR/.venv.broken.20260831-112339/lib/python3.14/site-packages/cryptography/hazmat/bindings/_rust/pkcs12.pyi
/data/data/com.termux/files/home/GTA/BR/.venv.broken.20260831-112339/lib/python3.14/site-packages/cryptography/hazmat/bindings/_rust/pkcs7.pyi
/data/data/com.termux/files/home/GTA/BR/.venv.broken.20260831-112339/lib/python3.14/site-packages/cryptography/hazmat/bindings/_rust/test_support.pyi
/data/data/com.termux/files/home/GTA/BR/.venv.broken.20260831-112339/lib/python3.14/site-packages/cryptography/hazmat/bindings/_rust/x509.pyi
/data/data/com.termux/files/home/GTA/BR/.venv.broken.20260831-112339/lib/python3.14/site-packages/cryptography/hazmat/bindings/openssl/__init__.py
/data/data/com.termux/files/home/GTA/BR/.venv.broken.20260831-112339/lib/python3.14/site-packages/cryptography/hazmat/bindings/openssl/__pycache__/__init__.cpython-314.pyc
/data/data/com.termux/files/home/GTA/BR/.venv.broken.20260831-112339/lib/python3.14/site-packages/cryptography/hazmat/bindings/openssl/__pycache__/_conditional.cpython-314.pyc
/data/data/com.termux/files/home/GTA/BR/.venv.broken.20260831-112339/lib/python3.14/site-packages/cryptography/hazmat/bindings/openssl/__pycache__/binding.cpython-314.pyc
/data/data/com.termux/files/home/GTA/BR/.venv.broken.20260831-112339/lib/python3.14/site-packages/cryptography/hazmat/bindings/openssl/_conditional.py
/data/data/com.termux/files/home/GTA/BR/.venv.broken.20260831-112339/lib/python3.14/site-packages/cryptography/hazmat/bindings/openssl/binding.py
/data/data/com.termux/files/home/GTA/BR/.venv.broken.20260831-112339/lib/python3.14/site-packages/cryptography/hazmat/decrepit/__init__.py
/data/data/com.termux/files/home/GTA/BR/.venv.broken.20260831-112339/lib/python3.14/site-packages/cryptography/hazmat/decrepit/__pycache__/__init__.cpython-314.pyc
/data/data/com.termux/files/home/GTA/BR/.venv.broken.20260831-112339/lib/python3.14/site-packages/cryptography/hazmat/decrepit/ciphers/__init__.py
/data/data/com.termux/files/home/GTA/BR/.venv.broken.20260831-112339/lib/python3.14/site-packages/cryptography/hazmat/decrepit/ciphers/__pycache__/__init__.cpython-314.pyc
/data/data/com.termux/files/home/GTA/BR/.venv.broken.20260831-112339/lib/python3.14/site-packages/cryptography/hazmat/decrepit/ciphers/__pycache__/algorithms.cpython-314.pyc
/data/data/com.termux/files/home/GTA/BR/.venv.broken.20260831-112339/lib/python3.14/site-packages/cryptography/hazmat/decrepit/ciphers/__pycache__/modes.cpython-314.pyc
/data/data/com.termux/files/home/GTA/BR/.venv.broken.20260831-112339/lib/python3.14/site-packages/cryptography/hazmat/decrepit/ciphers/algorithms.py
/data/data/com.termux/files/home/GTA/BR/.venv.broken.20260831-112339/lib/python3.14/site-packages/cryptography/hazmat/decrepit/ciphers/modes.py
/data/data/com.termux/files/home/GTA/BR/.venv.broken.20260831-112339/lib/python3.14/site-packages/cryptography/hazmat/primitives/__init__.py
/data/data/com.termux/files/home/GTA/BR/.venv.broken.20260831-112339/lib/python3.14/site-packages/cryptography/hazmat/primitives/__pycache__/__init__.cpython-314.pyc
/data/data/com.termux/files/home/GTA/BR/.venv.broken.20260831-112339/lib/python3.14/site-packages/cryptography/hazmat/primitives/__pycache__/_asymmetric.cpython-314.pyc
/data/data/com.termux/files/home/GTA/BR/.venv.broken.20260831-112339/lib/python3.14/site-packages/cryptography/hazmat/primitives/__pycache__/_cipheralgorithm.cpython-314.pyc
/data/data/com.termux/files/home/GTA/BR/.venv.broken.20260831-112339/lib/python3.14/site-packages/cryptography/hazmat/primitives/__pycache__/_modes.cpython-314.pyc
/data/data/com.termux/files/home/GTA/BR/.venv.broken.20260831-112339/lib/python3.14/site-packages/cryptography/hazmat/primitives/__pycache__/_serialization.cpython-314.pyc
/data/data/com.termux/files/home/GTA/BR/.venv.broken.20260831-112339/lib/python3.14/site-packages/cryptography/hazmat/primitives/__pycache__/cmac.cpython-314.pyc
/data/data/com.termux/files/home/GTA/BR/.venv.broken.20260831-112339/lib/python3.14/site-packages/cryptography/hazmat/primitives/__pycache__/constant_time.cpython-314.pyc
/data/data/com.termux/files/home/GTA/BR/.venv.broken.20260831-112339/lib/python3.14/site-packages/cryptography/hazmat/primitives/__pycache__/hashes.cpython-314.pyc
/data/data/com.termux/files/home/GTA/BR/.venv.broken.20260831-112339/lib/python3.14/site-packages/cryptography/hazmat/primitives/__pycache__/hmac.cpython-314.pyc
/data/data/com.termux/files/home/GTA/BR/.venv.broken.20260831-112339/lib/python3.14/site-packages/cryptography/hazmat/primitives/__pycache__/hpke.cpython-314.pyc
/data/data/com.termux/files/home/GTA/BR/.venv.broken.20260831-112339/lib/python3.14/site-packages/cryptography/hazmat/primitives/__pycache__/keywrap.cpython-314.pyc
/data/data/com.termux/files/home/GTA/BR/.venv.broken.20260831-112339/lib/python3.14/site-packages/cryptography/hazmat/primitives/__pycache__/padding.cpython-314.pyc
/data/data/com.termux/files/home/GTA/BR/.venv.broken.20260831-112339/lib/python3.14/site-packages/cryptography/hazmat/primitives/__pycache__/poly1305.cpython-314.pyc
/data/data/com.termux/files/home/GTA/BR/.venv.broken.20260831-112339/lib/python3.14/site-packages/cryptography/hazmat/primitives/_asymmetric.py
/data/data/com.termux/files/home/GTA/BR/.venv.broken.20260831-112339/lib/python3.14/site-packages/cryptography/hazmat/primitives/_cipheralgorithm.py
/data/data/com.termux/files/home/GTA/BR/.venv.broken.20260831-112339/lib/python3.14/site-packages/cryptography/hazmat/primitives/_modes.py
/data/data/com.termux/files/home/GTA/BR/.venv.broken.20260831-112339/lib/python3.14/site-packages/cryptography/hazmat/primitives/_serialization.py
/data/data/com.termux/files/home/GTA/BR/.venv.broken.20260831-112339/lib/python3.14/site-packages/cryptography/hazmat/primitives/asymmetric/__init__.py
/data/data/com.termux/files/home/GTA/BR/.venv.broken.20260831-112339/lib/python3.14/site-packages/cryptography/hazmat/primitives/asymmetric/__pycache__/__init__.cpython-314.pyc
/data/data/com.termux/files/home/GTA/BR/.venv.broken.20260831-112339/lib/python3.14/site-packages/cryptography/hazmat/primitives/asymmetric/__pycache__/dh.cpython-314.pyc
/data/data/com.termux/files/home/GTA/BR/.venv.broken.20260831-112339/lib/python3.14/site-packages/cryptography/hazmat/primitives/asymmetric/__pycache__/dsa.cpython-314.pyc
/data/data/com.termux/files/home/GTA/BR/.venv.broken.20260831-112339/lib/python3.14/site-packages/cryptography/hazmat/primitives/asymmetric/__pycache__/ec.cpython-314.pyc
/data/data/com.termux/files/home/GTA/BR/.venv.broken.20260831-112339/lib/python3.14/site-packages/cryptography/hazmat/primitives/asymmetric/__pycache__/ed25519.cpython-314.pyc
/data/data/com.termux/files/home/GTA/BR/.venv.broken.20260831-112339/lib/python3.14/site-packages/cryptography/hazmat/primitives/asymmetric/__pycache__/ed448.cpython-314.pyc
/data/data/com.termux/files/home/GTA/BR/.venv.broken.20260831-112339/lib/python3.14/site-packages/cryptography/hazmat/primitives/asymmetric/__pycache__/mldsa.cpython-314.pyc
/data/data/com.termux/files/home/GTA/BR/.venv.broken.20260831-112339/lib/python3.14/site-packages/cryptography/hazmat/primitives/asymmetric/__pycache__/mlkem.cpython-314.pyc
/data/data/com.termux/files/home/GTA/BR/.venv.broken.20260831-112339/lib/python3.14/site-packages/cryptography/hazmat/primitives/asymmetric/__pycache__/padding.cpython-314.pyc
/data/data/com.termux/files/home/GTA/BR/.venv.broken.20260831-112339/lib/python3.14/site-packages/cryptography/hazmat/primitives/asymmetric/__pycache__/rsa.cpython-314.pyc
/data/data/com.termux/files/home/GTA/BR/.venv.broken.20260831-112339/lib/python3.14/site-packages/cryptography/hazmat/primitives/asymmetric/__pycache__/types.cpython-314.pyc
/data/data/com.termux/files/home/GTA/BR/.venv.broken.20260831-112339/lib/python3.14/site-packages/cryptography/hazmat/primitives/asymmetric/__pycache__/utils.cpython-314.pyc
/data/data/com.termux/files/home/GTA/BR/.venv.broken.20260831-112339/lib/python3.14/site-packages/cryptography/hazmat/primitives/asymmetric/__pycache__/x25519.cpython-314.pyc
/data/data/com.termux/files/home/GTA/BR/.venv.broken.20260831-112339/lib/python3.14/site-packages/cryptography/hazmat/primitives/asymmetric/__pycache__/x448.cpython-314.pyc
/data/data/com.termux/files/home/GTA/BR/.venv.broken.20260831-112339/lib/python3.14/site-packages/cryptography/hazmat/primitives/asymmetric/dh.py
/data/data/com.termux/files/home/GTA/BR/.venv.broken.20260831-112339/lib/python3.14/site-packages/cryptography/hazmat/primitives/asymmetric/dsa.py
/data/data/com.termux/files/home/GTA/BR/.venv.broken.20260831-112339/lib/python3.14/site-packages/cryptography/hazmat/primitives/asymmetric/ec.py
/data/data/com.termux/files/home/GTA/BR/.venv.broken.20260831-112339/lib/python3.14/site-packages/cryptography/hazmat/primitives/asymmetric/ed25519.py
/data/data/com.termux/files/home/GTA/BR/.venv.broken.20260831-112339/lib/python3.14/site-packages/cryptography/hazmat/primitives/asymmetric/ed448.py
/data/data/com.termux/files/home/GTA/BR/.venv.broken.20260831-112339/lib/python3.14/site-packages/cryptography/hazmat/primitives/asymmetric/mldsa.py
/data/data/com.termux/files/home/GTA/BR/.venv.broken.20260831-112339/lib/python3.14/site-packages/cryptography/hazmat/primitives/asymmetric/mlkem.py
/data/data/com.termux/files/home/GTA/BR/.venv.broken.20260831-112339/lib/python3.14/site-packages/cryptography/hazmat/primitives/asymmetric/padding.py
/data/data/com.termux/files/home/GTA/BR/.venv.broken.20260831-112339/lib/python3.14/site-packages/cryptography/hazmat/primitives/asymmetric/rsa.py
/data/data/com.termux/files/home/GTA/BR/.venv.broken.20260831-112339/lib/python3.14/site-packages/cryptography/hazmat/primitives/asymmetric/types.py
/data/data/com.termux/files/home/GTA/BR/.venv.broken.20260831-112339/lib/python3.14/site-packages/cryptography/hazmat/primitives/asymmetric/utils.py
/data/data/com.termux/files/home/GTA/BR/.venv.broken.20260831-112339/lib/python3.14/site-packages/cryptography/hazmat/primitives/asymmetric/x25519.py
/data/data/com.termux/files/home/GTA/BR/.venv.broken.20260831-112339/lib/python3.14/site-packages/cryptography/hazmat/primitives/asymmetric/x448.py
/data/data/com.termux/files/home/GTA/BR/.venv.broken.20260831-112339/lib/python3.14/site-packages/cryptography/hazmat/primitives/ciphers/__init__.py
/data/data/com.termux/files/home/GTA/BR/.venv.broken.20260831-112339/lib/python3.14/site-packages/cryptography/hazmat/primitives/ciphers/__pycache__/__init__.cpython-314.pyc
/data/data/com.termux/files/home/GTA/BR/.venv.broken.20260831-112339/lib/python3.14/site-packages/cryptography/hazmat/primitives/ciphers/__pycache__/aead.cpython-314.pyc
/data/data/com.termux/files/home/GTA/BR/.venv.broken.20260831-112339/lib/python3.14/site-packages/cryptography/hazmat/primitives/ciphers/__pycache__/algorithms.cpython-314.pyc
/data/data/com.termux/files/home/GTA/BR/.venv.broken.20260831-112339/lib/python3.14/site-packages/cryptography/hazmat/primitives/ciphers/__pycache__/base.cpython-314.pyc
/data/data/com.termux/files/home/GTA/BR/.venv.broken.20260831-112339/lib/python3.14/site-packages/cryptography/hazmat/primitives/ciphers/__pycache__/modes.cpython-314.pyc
/data/data/com.termux/files/home/GTA/BR/.venv.broken.20260831-112339/lib/python3.14/site-packages/cryptography/hazmat/primitives/ciphers/aead.py
/data/data/com.termux/files/home/GTA/BR/.venv.broken.20260831-112339/lib/python3.14/site-packages/cryptography/hazmat/primitives/ciphers/algorithms.py
/data/data/com.termux/files/home/GTA/BR/.venv.broken.20260831-112339/lib/python3.14/site-packages/cryptography/hazmat/primitives/ciphers/base.py
/data/data/com.termux/files/home/GTA/BR/.venv.broken.20260831-112339/lib/python3.14/site-packages/cryptography/hazmat/primitives/ciphers/modes.py
/data/data/com.termux/files/home/GTA/BR/.venv.broken.20260831-112339/lib/python3.14/site-packages/cryptography/hazmat/primitives/cmac.py
/data/data/com.termux/files/home/GTA/BR/.venv.broken.20260831-112339/lib/python3.14/site-packages/cryptography/hazmat/primitives/constant_time.py
/data/data/com.termux/files/home/GTA/BR/.venv.broken.20260831-112339/lib/python3.14/site-packages/cryptography/hazmat/primitives/hashes.py
/data/data/com.termux/files/home/GTA/BR/.venv.broken.20260831-112339/lib/python3.14/site-packages/cryptography/hazmat/primitives/hmac.py
/data/data/com.termux/files/home/GTA/BR/.venv.broken.20260831-112339/lib/python3.14/site-packages/cryptography/hazmat/primitives/hpke.py
/data/data/com.termux/files/home/GTA/BR/.venv.broken.20260831-112339/lib/python3.14/site-packages/cryptography/hazmat/primitives/kdf/__init__.py
/data/data/com.termux/files/home/GTA/BR/.venv.broken.20260831-112339/lib/python3.14/site-packages/cryptography/hazmat/primitives/kdf/__pycache__/__init__.cpython-314.pyc
/data/data/com.termux/files/home/GTA/BR/.venv.broken.20260831-112339/lib/python3.14/site-packages/cryptography/hazmat/primitives/kdf/__pycache__/argon2.cpython-314.pyc
/data/data/com.termux/files/home/GTA/BR/.venv.broken.20260831-112339/lib/python3.14/site-packages/cryptography/hazmat/primitives/kdf/__pycache__/concatkdf.cpython-314.pyc
/data/data/com.termux/files/home/GTA/BR/.venv.broken.20260831-112339/lib/python3.14/site-packages/cryptography/hazmat/primitives/kdf/__pycache__/hkdf.cpython-314.pyc
/data/data/com.termux/files/home/GTA/BR/.venv.broken.20260831-112339/lib/python3.14/site-packages/cryptography/hazmat/primitives/kdf/__pycache__/kbkdf.cpython-314.pyc
/data/data/com.termux/files/home/GTA/BR/.venv.broken.20260831-112339/lib/python3.14/site-packages/cryptography/hazmat/primitives/kdf/__pycache__/pbkdf2.cpython-314.pyc
/data/data/com.termux/files/home/GTA/BR/.venv.broken.20260831-112339/lib/python3.14/site-packages/cryptography/hazmat/primitives/kdf/__pycache__/scrypt.cpython-314.pyc
/data/data/com.termux/files/home/GTA/BR/.venv.broken.20260831-112339/lib/python3.14/site-packages/cryptography/hazmat/primitives/kdf/__pycache__/x963kdf.cpython-314.pyc
/data/data/com.termux/files/home/GTA/BR/.venv.broken.20260831-112339/lib/python3.14/site-packages/cryptography/hazmat/primitives/kdf/argon2.py
/data/data/com.termux/files/home/GTA/BR/.venv.broken.20260831-112339/lib/python3.14/site-packages/cryptography/hazmat/primitives/kdf/concatkdf.py
/data/data/com.termux/files/home/GTA/BR/.venv.broken.20260831-112339/lib/python3.14/site-packages/cryptography/hazmat/primitives/kdf/hkdf.py
/data/data/com.termux/files/home/GTA/BR/.venv.broken.20260831-112339/lib/python3.14/site-packages/cryptography/hazmat/primitives/kdf/kbkdf.py
/data/data/com.termux/files/home/GTA/BR/.venv.broken.20260831-112339/lib/python3.14/site-packages/cryptography/hazmat/primitives/kdf/pbkdf2.py
/data/data/com.termux/files/home/GTA/BR/.venv.broken.20260831-112339/lib/python3.14/site-packages/cryptography/hazmat/primitives/kdf/scrypt.py
/data/data/com.termux/files/home/GTA/BR/.venv.broken.20260831-112339/lib/python3.14/site-packages/cryptography/hazmat/primitives/kdf/x963kdf.py
/data/data/com.termux/files/home/GTA/BR/.venv.broken.20260831-112339/lib/python3.14/site-packages/cryptography/hazmat/primitives/keywrap.py
/data/data/com.termux/files/home/GTA/BR/.venv.broken.20260831-112339/lib/python3.14/site-packages/cryptography/hazmat/primitives/padding.py
/data/data/com.termux/files/home/GTA/BR/.venv.broken.20260831-112339/lib/python3.14/site-packages/cryptography/hazmat/primitives/poly1305.py
/data/data/com.termux/files/home/GTA/BR/.venv.broken.20260831-112339/lib/python3.14/site-packages/cryptography/hazmat/primitives/serialization/__init__.py
/data/data/com.termux/files/home/GTA/BR/.venv.broken.20260831-112339/lib/python3.14/site-packages/cryptography/hazmat/primitives/serialization/__pycache__/__init__.cpython-314.pyc
/data/data/com.termux/files/home/GTA/BR/.venv.broken.20260831-112339/lib/python3.14/site-packages/cryptography/hazmat/primitives/serialization/__pycache__/base.cpython-314.pyc
/data/data/com.termux/files/home/GTA/BR/.venv.broken.20260831-112339/lib/python3.14/site-packages/cryptography/hazmat/primitives/serialization/__pycache__/pkcs12.cpython-314.pyc
/data/data/com.termux/files/home/GTA/BR/.venv.broken.20260831-112339/lib/python3.14/site-packages/cryptography/hazmat/primitives/serialization/__pycache__/pkcs7.cpython-314.pyc
/data/data/com.termux/files/home/GTA/BR/.venv.broken.20260831-112339/lib/python3.14/site-packages/cryptography/hazmat/primitives/serialization/__pycache__/ssh.cpython-314.pyc
/data/data/com.termux/files/home/GTA/BR/.venv.broken.20260831-112339/lib/python3.14/site-packages/cryptography/hazmat/primitives/serialization/base.py
/data/data/com.termux/files/home/GTA/BR/.venv.broken.20260831-112339/lib/python3.14/site-packages/cryptography/hazmat/primitives/serialization/pkcs12.py
/data/data/com.termux/files/home/GTA/BR/.venv.broken.20260831-112339/lib/python3.14/site-packages/cryptography/hazmat/primitives/serialization/pkcs7.py
/data/data/com.termux/files/home/GTA/BR/.venv.broken.20260831-112339/lib/python3.14/site-packages/cryptography/hazmat/primitives/serialization/ssh.py
/data/data/com.termux/files/home/GTA/BR/.venv.broken.20260831-112339/lib/python3.14/site-packages/cryptography/hazmat/primitives/twofactor/__init__.py
/data/data/com.termux/files/home/GTA/BR/.venv.broken.20260831-112339/lib/python3.14/site-packages/cryptography/hazmat/primitives/twofactor/__pycache__/__init__.cpython-314.pyc
/data/data/com.termux/files/home/GTA/BR/.venv.broken.20260831-112339/lib/python3.14/site-packages/cryptography/hazmat/primitives/twofactor/__pycache__/hotp.cpython-314.pyc
/data/data/com.termux/files/home/GTA/BR/.venv.broken.20260831-112339/lib/python3.14/site-packages/cryptography/hazmat/primitives/twofactor/__pycache__/totp.cpython-314.pyc
/data/data/com.termux/files/home/GTA/BR/.venv.broken.20260831-112339/lib/python3.14/site-packages/cryptography/hazmat/primitives/twofactor/hotp.py
/data/data/com.termux/files/home/GTA/BR/.venv.broken.20260831-112339/lib/python3.14/site-packages/cryptography/hazmat/primitives/twofactor/totp.py
/data/data/com.termux/files/home/GTA/BR/.venv.broken.20260831-112339/lib/python3.14/site-packages/cryptography/py.typed
/data/data/com.termux/files/home/GTA/BR/.venv.broken.20260831-112339/lib/python3.14/site-packages/cryptography/utils.py
/data/data/com.termux/files/home/GTA/BR/.venv.broken.20260831-112339/lib/python3.14/site-packages/cryptography/x509/__init__.py
/data/data/com.termux/files/home/GTA/BR/.venv.broken.20260831-112339/lib/python3.14/site-packages/cryptography/x509/__pycache__/__init__.cpython-314.pyc
/data/data/com.termux/files/home/GTA/BR/.venv.broken.20260831-112339/lib/python3.14/site-packages/cryptography/x509/__pycache__/base.cpython-314.pyc
/data/data/com.termux/files/home/GTA/BR/.venv.broken.20260831-112339/lib/python3.14/site-packages/cryptography/x509/__pycache__/certificate_transparency.cpython-314.pyc
/data/data/com.termux/files/home/GTA/BR/.venv.broken.20260831-112339/lib/python3.14/site-packages/cryptography/x509/__pycache__/extensions.cpython-314.pyc
/data/data/com.termux/files/home/GTA/BR/.venv.broken.20260831-112339/lib/python3.14/site-packages/cryptography/x509/__pycache__/general_name.cpython-314.pyc
/data/data/com.termux/files/home/GTA/BR/.venv.broken.20260831-112339/lib/python3.14/site-packages/cryptography/x509/__pycache__/name.cpython-314.pyc
/data/data/com.termux/files/home/GTA/BR/.venv.broken.20260831-112339/lib/python3.14/site-packages/cryptography/x509/__pycache__/ocsp.cpython-314.pyc
/data/data/com.termux/files/home/GTA/BR/.venv.broken.20260831-112339/lib/python3.14/site-packages/cryptography/x509/__pycache__/oid.cpython-314.pyc
/data/data/com.termux/files/home/GTA/BR/.venv.broken.20260831-112339/lib/python3.14/site-packages/cryptography/x509/__pycache__/verification.cpython-314.pyc
/data/data/com.termux/files/home/GTA/BR/.venv.broken.20260831-112339/lib/python3.14/site-packages/cryptography/x509/base.py
/data/data/com.termux/files/home/GTA/BR/.venv.broken.20260831-112339/lib/python3.14/site-packages/cryptography/x509/certificate_transparency.py
/data/data/com.termux/files/home/GTA/BR/.venv.broken.20260831-112339/lib/python3.14/site-packages/cryptography/x509/extensions.py
/data/data/com.termux/files/home/GTA/BR/.venv.broken.20260831-112339/lib/python3.14/site-packages/cryptography/x509/general_name.py
/data/data/com.termux/files/home/GTA/BR/.venv.broken.20260831-112339/lib/python3.14/site-packages/cryptography/x509/name.py
/data/data/com.termux/files/home/GTA/BR/.venv.broken.20260831-112339/lib/python3.14/site-packages/cryptography/x509/ocsp.py
/data/data/com.termux/files/home/GTA/BR/.venv.broken.20260831-112339/lib/python3.14/site-packages/cryptography/x509/oid.py
/data/data/com.termux/files/home/GTA/BR/.venv.broken.20260831-112339/lib/python3.14/site-packages/cryptography/x509/verification.py
/data/data/com.termux/files/home/GTA/BR/.venv.broken.20260831-112339/lib/python3.14/site-packages/google/api/__pycache__/annotations_pb2.cpython-314.pyc
/data/data/com.termux/files/home/GTA/BR/.venv.broken.20260831-112339/lib/python3.14/site-packages/google/api/__pycache__/auth_pb2.cpython-314.pyc
/data/data/com.termux/files/home/GTA/BR/.venv.broken.20260831-112339/lib/python3.14/site-packages/google/api/__pycache__/backend_pb2.cpython-314.pyc
/data/data/com.termux/files/home/GTA/BR/.venv.broken.20260831-112339/lib/python3.14/site-packages/google/api/__pycache__/billing_pb2.cpython-314.pyc
/data/data/com.termux/files/home/GTA/BR/.venv.broken.20260831-112339/lib/python3.14/site-packages/google/api/__pycache__/client_pb2.cpython-314.pyc
/data/data/com.termux/files/home/GTA/BR/.venv.broken.20260831-112339/lib/python3.14/site-packages/google/api/__pycache__/config_change_pb2.cpython-314.pyc
/data/data/com.termux/files/home/GTA/BR/.venv.broken.20260831-112339/lib/python3.14/site-packages/google/api/__pycache__/consumer_pb2.cpython-314.pyc
/data/data/com.termux/files/home/GTA/BR/.venv.broken.20260831-112339/lib/python3.14/site-packages/google/api/__pycache__/context_pb2.cpython-314.pyc
/data/data/com.termux/files/home/GTA/BR/.venv.broken.20260831-112339/lib/python3.14/site-packages/google/api/__pycache__/control_pb2.cpython-314.pyc
/data/data/com.termux/files/home/GTA/BR/.venv.broken.20260831-112339/lib/python3.14/site-packages/google/api/__pycache__/distribution_pb2.cpython-314.pyc
/data/data/com.termux/files/home/GTA/BR/.venv.broken.20260831-112339/lib/python3.14/site-packages/google/api/__pycache__/documentation_pb2.cpython-314.pyc
/data/data/com.termux/files/home/GTA/BR/.venv.broken.20260831-112339/lib/python3.14/site-packages/google/api/__pycache__/endpoint_pb2.cpython-314.pyc
/data/data/com.termux/files/home/GTA/BR/.venv.broken.20260831-112339/lib/python3.14/site-packages/google/api/__pycache__/error_reason_pb2.cpython-314.pyc
/data/data/com.termux/files/home/GTA/BR/.venv.broken.20260831-112339/lib/python3.14/site-packages/google/api/__pycache__/field_behavior_pb2.cpython-314.pyc
/data/data/com.termux/files/home/GTA/BR/.venv.broken.20260831-112339/lib/python3.14/site-packages/google/api/__pycache__/field_info_pb2.cpython-314.pyc
/data/data/com.termux/files/home/GTA/BR/.venv.broken.20260831-112339/lib/python3.14/site-packages/google/api/__pycache__/http_pb2.cpython-314.pyc
/data/data/com.termux/files/home/GTA/BR/.venv.broken.20260831-112339/lib/python3.14/site-packages/google/api/__pycache__/httpbody_pb2.cpython-314.pyc
/data/data/com.termux/files/home/GTA/BR/.venv.broken.20260831-112339/lib/python3.14/site-packages/google/api/__pycache__/label_pb2.cpython-314.pyc
/data/data/com.termux/files/home/GTA/BR/.venv.broken.20260831-112339/lib/python3.14/site-packages/google/api/__pycache__/launch_stage_pb2.cpython-314.pyc
/data/data/com.termux/files/home/GTA/BR/.venv.broken.20260831-112339/lib/python3.14/site-packages/google/api/__pycache__/log_pb2.cpython-314.pyc
/data/data/com.termux/files/home/GTA/BR/.venv.broken.20260831-112339/lib/python3.14/site-packages/google/api/__pycache__/logging_pb2.cpython-314.pyc
/data/data/com.termux/files/home/GTA/BR/.venv.broken.20260831-112339/lib/python3.14/site-packages/google/api/__pycache__/metric_pb2.cpython-314.pyc
/data/data/com.termux/files/home/GTA/BR/.venv.broken.20260831-112339/lib/python3.14/site-packages/google/api/__pycache__/monitored_resource_pb2.cpython-314.pyc
/data/data/com.termux/files/home/GTA/BR/.venv.broken.20260831-112339/lib/python3.14/site-packages/google/api/__pycache__/monitoring_pb2.cpython-314.pyc
/data/data/com.termux/files/home/GTA/BR/.venv.broken.20260831-112339/lib/python3.14/site-packages/google/api/__pycache__/policy_pb2.cpython-314.pyc
/data/data/com.termux/files/home/GTA/BR/.venv.broken.20260831-112339/lib/python3.14/site-packages/google/api/__pycache__/quota_pb2.cpython-314.pyc
/data/data/com.termux/files/home/GTA/BR/.venv.broken.20260831-112339/lib/python3.14/site-packages/google/api/__pycache__/resource_pb2.cpython-314.pyc
/data/data/com.termux/files/home/GTA/BR/.venv.broken.20260831-112339/lib/python3.14/site-packages/google/api/__pycache__/routing_pb2.cpython-314.pyc
/data/data/com.termux/files/home/GTA/BR/.venv.broken.20260831-112339/lib/python3.14/site-packages/google/api/__pycache__/service_pb2.cpython-314.pyc
/data/data/com.termux/files/home/GTA/BR/.venv.broken.20260831-112339/lib/python3.14/site-packages/google/api/__pycache__/source_info_pb2.cpython-314.pyc
/data/data/com.termux/files/home/GTA/BR/.venv.broken.20260831-112339/lib/python3.14/site-packages/google/api/__pycache__/system_parameter_pb2.cpython-314.pyc
/data/data/com.termux/files/home/GTA/BR/.venv.broken.20260831-112339/lib/python3.14/site-packages/google/api/__pycache__/usage_pb2.cpython-314.pyc
/data/data/com.termux/files/home/GTA/BR/.venv.broken.20260831-112339/lib/python3.14/site-packages/google/api/__pycache__/visibility_pb2.cpython-314.pyc
/data/data/com.termux/files/home/GTA/BR/.venv.broken.20260831-112339/lib/python3.14/site-packages/google/api/annotations.proto
/data/data/com.termux/files/home/GTA/BR/.venv.broken.20260831-112339/lib/python3.14/site-packages/google/api/annotations_pb2.py
/data/data/com.termux/files/home/GTA/BR/.venv.broken.20260831-112339/lib/python3.14/site-packages/google/api/annotations_pb2.pyi
/data/data/com.termux/files/home/GTA/BR/.venv.broken.20260831-112339/lib/python3.14/site-packages/google/api/auth.proto
/data/data/com.termux/files/home/GTA/BR/.venv.broken.20260831-112339/lib/python3.14/site-packages/google/api/auth_pb2.py
/data/data/com.termux/files/home/GTA/BR/.venv.broken.20260831-112339/lib/python3.14/site-packages/google/api/auth_pb2.pyi
/data/data/com.termux/files/home/GTA/BR/.venv.broken.20260831-112339/lib/python3.14/site-packages/google/api/backend.proto
/data/data/com.termux/files/home/GTA/BR/.venv.broken.20260831-112339/lib/python3.14/site-packages/google/api/backend_pb2.py
/data/data/com.termux/files/home/GTA/BR/.venv.broken.20260831-112339/lib/python3.14/site-packages/google/api/backend_pb2.pyi
/data/data/com.termux/files/home/GTA/BR/.venv.broken.20260831-112339/lib/python3.14/site-packages/google/api/billing.proto
/data/data/com.termux/files/home/GTA/BR/.venv.broken.20260831-112339/lib/python3.14/site-packages/google/api/billing_pb2.py
/data/data/com.termux/files/home/GTA/BR/.venv.broken.20260831-112339/lib/python3.14/site-packages/google/api/billing_pb2.pyi
/data/data/com.termux/files/home/GTA/BR/.venv.broken.20260831-112339/lib/python3.14/site-packages/google/api/client.proto
/data/data/com.termux/files/home/GTA/BR/.venv.broken.20260831-112339/lib/python3.14/site-packages/google/api/client_pb2.py
/data/data/com.termux/files/home/GTA/BR/.venv.broken.20260831-112339/lib/python3.14/site-packages/google/api/client_pb2.pyi
/data/data/com.termux/files/home/GTA/BR/.venv.broken.20260831-112339/lib/python3.14/site-packages/google/api/config_change.proto
/data/data/com.termux/files/home/GTA/BR/.venv.broken.20260831-112339/lib/python3.14/site-packages/google/api/config_change_pb2.py
/data/data/com.termux/files/home/GTA/BR/.venv.broken.20260831-112339/lib/python3.14/site-packages/google/api/config_change_pb2.pyi
/data/data/com.termux/files/home/GTA/BR/.venv.broken.20260831-112339/lib/python3.14/site-packages/google/api/consumer.proto
/data/data/com.termux/files/home/GTA/BR/.venv.broken.20260831-112339/lib/python3.14/site-packages/google/api/consumer_pb2.py
/data/data/com.termux/files/home/GTA/BR/.venv.broken.20260831-112339/lib/python3.14/site-packages/google/api/consumer_pb2.pyi
/data/data/com.termux/files/home/GTA/BR/.venv.broken.20260831-112339/lib/python3.14/site-packages/google/api/context.proto
/data/data/com.termux/files/home/GTA/BR/.venv.broken.20260831-112339/lib/python3.14/site-packages/google/api/context_pb2.py
/data/data/com.termux/files/home/GTA/BR/.venv.broken.20260831-112339/lib/python3.14/site-packages/google/api/context_pb2.pyi
/data/data/com.termux/files/home/GTA/BR/.venv.broken.20260831-112339/lib/python3.14/site-packages/google/api/control.proto
/data/data/com.termux/files/home/GTA/BR/.venv.broken.20260831-112339/lib/python3.14/site-packages/google/api/control_pb2.py
/data/data/com.termux/files/home/GTA/BR/.venv.broken.20260831-112339/lib/python3.14/site-packages/google/api/control_pb2.pyi
/data/data/com.termux/files/home/GTA/BR/.venv.broken.20260831-112339/lib/python3.14/site-packages/google/api/distribution.proto
/data/data/com.termux/files/home/GTA/BR/.venv.broken.20260831-112339/lib/python3.14/site-packages/google/api/distribution_pb2.py
/data/data/com.termux/files/home/GTA/BR/.venv.broken.20260831-112339/lib/python3.14/site-packages/google/api/distribution_pb2.pyi
/data/data/com.termux/files/home/GTA/BR/.venv.broken.20260831-112339/lib/python3.14/site-packages/google/api/documentation.proto
/data/data/com.termux/files/home/GTA/BR/.venv.broken.20260831-112339/lib/python3.14/site-packages/google/api/documentation_pb2.py
/data/data/com.termux/files/home/GTA/BR/.venv.broken.20260831-112339/lib/python3.14/site-packages/google/api/documentation_pb2.pyi
/data/data/com.termux/files/home/GTA/BR/.venv.broken.20260831-112339/lib/python3.14/site-packages/google/api/endpoint.proto
/data/data/com.termux/files/home/GTA/BR/.venv.broken.20260831-112339/lib/python3.14/site-packages/google/api/endpoint_pb2.py
/data/data/com.termux/files/home/GTA/BR/.venv.broken.20260831-112339/lib/python3.14/site-packages/google/api/endpoint_pb2.pyi
/data/data/com.termux/files/home/GTA/BR/.venv.broken.20260831-112339/lib/python3.14/site-packages/google/api/error_reason.proto
/data/data/com.termux/files/home/GTA/BR/.venv.broken.20260831-112339/lib/python3.14/site-packages/google/api/error_reason_pb2.py
/data/data/com.termux/files/home/GTA/BR/.venv.broken.20260831-112339/lib/python3.14/site-packages/google/api/error_reason_pb2.pyi
/data/data/com.termux/files/home/GTA/BR/.venv.broken.20260831-112339/lib/python3.14/site-packages/google/api/field_behavior.proto
/data/data/com.termux/files/home/GTA/BR/.venv.broken.20260831-112339/lib/python3.14/site-packages/google/api/field_behavior_pb2.py
/data/data/com.termux/files/home/GTA/BR/.venv.broken.20260831-112339/lib/python3.14/site-packages/google/api/field_behavior_pb2.pyi
/data/data/com.termux/files/home/GTA/BR/.venv.broken.20260831-112339/lib/python3.14/site-packages/google/api/field_info.proto
/data/data/com.termux/files/home/GTA/BR/.venv.broken.20260831-112339/lib/python3.14/site-packages/google/api/field_info_pb2.py
/data/data/com.termux/files/home/GTA/BR/.venv.broken.20260831-112339/lib/python3.14/site-packages/google/api/field_info_pb2.pyi
/data/data/com.termux/files/home/GTA/BR/.venv.broken.20260831-112339/lib/python3.14/site-packages/google/api/http.proto
/data/data/com.termux/files/home/GTA/BR/.venv.broken.20260831-112339/lib/python3.14/site-packages/google/api/http_pb2.py
/data/data/com.termux/files/home/GTA/BR/.venv.broken.20260831-112339/lib/python3.14/site-packages/google/api/http_pb2.pyi
/data/data/com.termux/files/home/GTA/BR/.venv.broken.20260831-112339/lib/python3.14/site-packages/google/api/httpbody.proto
/data/data/com.termux/files/home/GTA/BR/.venv.broken.20260831-112339/lib/python3.14/site-packages/google/api/httpbody_pb2.py
/data/data/com.termux/files/home/GTA/BR/.venv.broken.20260831-112339/lib/python3.14/site-packages/google/api/httpbody_pb2.pyi
/data/data/com.termux/files/home/GTA/BR/.venv.broken.20260831-112339/lib/python3.14/site-packages/google/api/label.proto
/data/data/com.termux/files/home/GTA/BR/.venv.broken.20260831-112339/lib/python3.14/site-packages/google/api/label_pb2.py
/data/data/com.termux/files/home/GTA/BR/.venv.broken.20260831-112339/lib/python3.14/site-packages/google/api/label_pb2.pyi
/data/data/com.termux/files/home/GTA/BR/.venv.broken.20260831-112339/lib/python3.14/site-packages/google/api/launch_stage.proto
/data/data/com.termux/files/home/GTA/BR/.venv.broken.20260831-112339/lib/python3.14/site-packages/google/api/launch_stage_pb2.py
/data/data/com.termux/files/home/GTA/BR/.venv.broken.20260831-112339/lib/python3.14/site-packages/google/api/launch_stage_pb2.pyi
/data/data/com.termux/files/home/GTA/BR/.venv.broken.20260831-112339/lib/python3.14/site-packages/google/api/log.proto
/data/data/com.termux/files/home/GTA/BR/.venv.broken.20260831-112339/lib/python3.14/site-packages/google/api/log_pb2.py
/data/data/com.termux/files/home/GTA/BR/.venv.broken.20260831-112339/lib/python3.14/site-packages/google/api/log_pb2.pyi
/data/data/com.termux/files/home/GTA/BR/.venv.broken.20260831-112339/lib/python3.14/site-packages/google/api/logging.proto
/data/data/com.termux/files/home/GTA/BR/.venv.broken.20260831-112339/lib/python3.14/site-packages/google/api/logging_pb2.py
/data/data/com.termux/files/home/GTA/BR/.venv.broken.20260831-112339/lib/python3.14/site-packages/google/api/logging_pb2.pyi
/data/data/com.termux/files/home/GTA/BR/.venv.broken.20260831-112339/lib/python3.14/site-packages/google/api/metric.proto
/data/data/com.termux/files/home/GTA/BR/.venv.broken.20260831-112339/lib/python3.14/site-packages/google/api/metric_pb2.py
/data/data/com.termux/files/home/GTA/BR/.venv.broken.20260831-112339/lib/python3.14/site-packages/google/api/metric_pb2.pyi
/data/data/com.termux/files/home/GTA/BR/.venv.broken.20260831-112339/lib/python3.14/site-packages/google/api/monitored_resource.proto
/data/data/com.termux/files/home/GTA/BR/.venv.broken.20260831-112339/lib/python3.14/site-packages/google/api/monitored_resource_pb2.py
/data/data/com.termux/files/home/GTA/BR/.venv.broken.20260831-112339/lib/python3.14/site-packages/google/api/monitored_resource_pb2.pyi
/data/data/com.termux/files/home/GTA/BR/.venv.broken.20260831-112339/lib/python3.14/site-packages/google/api/monitoring.proto
/data/data/com.termux/files/home/GTA/BR/.venv.broken.20260831-112339/lib/python3.14/site-packages/google/api/monitoring_pb2.py
/data/data/com.termux/files/home/GTA/BR/.venv.broken.20260831-112339/lib/python3.14/site-packages/google/api/monitoring_pb2.pyi
/data/data/com.termux/files/home/GTA/BR/.venv.broken.20260831-112339/lib/python3.14/site-packages/google/api/policy.proto
/data/data/com.termux/files/home/GTA/BR/.venv.broken.20260831-112339/lib/python3.14/site-packages/google/api/policy_pb2.py
/data/data/com.termux/files/home/GTA/BR/.venv.broken.20260831-112339/lib/python3.14/site-packages/google/api/policy_pb2.pyi
/data/data/com.termux/files/home/GTA/BR/.venv.broken.20260831-112339/lib/python3.14/site-packages/google/api/quota.proto
/data/data/com.termux/files/home/GTA/BR/.venv.broken.20260831-112339/lib/python3.14/site-packages/google/api/quota_pb2.py
/data/data/com.termux/files/home/GTA/BR/.venv.broken.20260831-112339/lib/python3.14/site-packages/google/api/quota_pb2.pyi
/data/data/com.termux/files/home/GTA/BR/.venv.broken.20260831-112339/lib/python3.14/site-packages/google/api/resource.proto
/data/data/com.termux/files/home/GTA/BR/.venv.broken.20260831-112339/lib/python3.14/site-packages/google/api/resource_pb2.py
/data/data/com.termux/files/home/GTA/BR/.venv.broken.20260831-112339/lib/python3.14/site-packages/google/api/resource_pb2.pyi
/data/data/com.termux/files/home/GTA/BR/.venv.broken.20260831-112339/lib/python3.14/site-packages/google/api/routing.proto
/data/data/com.termux/files/home/GTA/BR/.venv.broken.20260831-112339/lib/python3.14/site-packages/google/api/routing_pb2.py
/data/data/com.termux/files/home/GTA/BR/.venv.broken.20260831-112339/lib/python3.14/site-packages/google/api/routing_pb2.pyi
/data/data/com.termux/files/home/GTA/BR/.venv.broken.20260831-112339/lib/python3.14/site-packages/google/api/service.proto
/data/data/com.termux/files/home/GTA/BR/.venv.broken.20260831-112339/lib/python3.14/site-packages/google/api/service_pb2.py
/data/data/com.termux/files/home/GTA/BR/.venv.broken.20260831-112339/lib/python3.14/site-packages/google/api/service_pb2.pyi
/data/data/com.termux/files/home/GTA/BR/.venv.broken.20260831-112339/lib/python3.14/site-packages/google/api/source_info.proto
/data/data/com.termux/files/home/GTA/BR/.venv.broken.20260831-112339/lib/python3.14/site-packages/google/api/source_info_pb2.py
/data/data/com.termux/files/home/GTA/BR/.venv.broken.20260831-112339/lib/python3.14/site-packages/google/api/source_info_pb2.pyi
/data/data/com.termux/files/home/GTA/BR/.venv.broken.20260831-112339/lib/python3.14/site-packages/google/api/system_parameter.proto
/data/data/com.termux/files/home/GTA/BR/.venv.broken.20260831-112339/lib/python3.14/site-packages/google/api/system_parameter_pb2.py
/data/data/com.termux/files/home/GTA/BR/.venv.broken.20260831-112339/lib/python3.14/site-packages/google/api/system_parameter_pb2.pyi
/data/data/com.termux/files/home/GTA/BR/.venv.broken.20260831-112339/lib/python3.14/site-packages/google/api/usage.proto
/data/data/com.termux/files/home/GTA/BR/.venv.broken.20260831-112339/lib/python3.14/site-packages/google/api/usage_pb2.py
/data/data/com.termux/files/home/GTA/BR/.venv.broken.20260831-112339/lib/python3.14/site-packages/google/api/usage_pb2.pyi
/data/data/com.termux/files/home/GTA/BR/.venv.broken.20260831-112339/lib/python3.14/site-packages/google/api/visibility.proto
/data/data/com.termux/files/home/GTA/BR/.venv.broken.20260831-112339/lib/python3.14/site-packages/google/api/visibility_pb2.py
/data/data/com.termux/files/home/GTA/BR/.venv.broken.20260831-112339/lib/python3.14/site-packages/google/api/visibility_pb2.pyi
/data/data/com.termux/files/home/GTA/BR/.venv.broken.20260831-112339/lib/python3.14/site-packages/google/api_core/__init__.py
/data/data/com.termux/files/home/GTA/BR/.venv.broken.20260831-112339/lib/python3.14/site-packages/google/api_core/__pycache__/__init__.cpython-314.pyc
/data/data/com.termux/files/home/GTA/BR/.venv.broken.20260831-112339/lib/python3.14/site-packages/google/api_core/__pycache__/_feature_gating_helpers.cpython-314.pyc
/data/data/com.termux/files/home/GTA/BR/.venv.broken.20260831-112339/lib/python3.14/site-packages/google/api_core/__pycache__/_python_package_support.cpython-314.pyc
/data/data/com.termux/files/home/GTA/BR/.venv.broken.20260831-112339/lib/python3.14/site-packages/google/api_core/__pycache__/_python_version_support.cpython-314.pyc
/data/data/com.termux/files/home/GTA/BR/.venv.broken.20260831-112339/lib/python3.14/site-packages/google/api_core/__pycache__/_rest_streaming_base.cpython-314.pyc
/data/data/com.termux/files/home/GTA/BR/.venv.broken.20260831-112339/lib/python3.14/site-packages/google/api_core/__pycache__/bidi.cpython-314.pyc
/data/data/com.termux/files/home/GTA/BR/.venv.broken.20260831-112339/lib/python3.14/site-packages/google/api_core/__pycache__/bidi_async.cpython-314.pyc
/data/data/com.termux/files/home/GTA/BR/.venv.broken.20260831-112339/lib/python3.14/site-packages/google/api_core/__pycache__/bidi_base.cpython-314.pyc
/data/data/com.termux/files/home/GTA/BR/.venv.broken.20260831-112339/lib/python3.14/site-packages/google/api_core/__pycache__/client_info.cpython-314.pyc
/data/data/com.termux/files/home/GTA/BR/.venv.broken.20260831-112339/lib/python3.14/site-packages/google/api_core/__pycache__/client_logging.cpython-314.pyc
/data/data/com.termux/files/home/GTA/BR/.venv.broken.20260831-112339/lib/python3.14/site-packages/google/api_core/__pycache__/client_options.cpython-314.pyc
/data/data/com.termux/files/home/GTA/BR/.venv.broken.20260831-112339/lib/python3.14/site-packages/google/api_core/__pycache__/datetime_helpers.cpython-314.pyc
/data/data/com.termux/files/home/GTA/BR/.venv.broken.20260831-112339/lib/python3.14/site-packages/google/api_core/__pycache__/exceptions.cpython-314.pyc
/data/data/com.termux/files/home/GTA/BR/.venv.broken.20260831-112339/lib/python3.14/site-packages/google/api_core/__pycache__/extended_operation.cpython-314.pyc
/data/data/com.termux/files/home/GTA/BR/.venv.broken.20260831-112339/lib/python3.14/site-packages/google/api_core/__pycache__/general_helpers.cpython-314.pyc
/data/data/com.termux/files/home/GTA/BR/.venv.broken.20260831-112339/lib/python3.14/site-packages/google/api_core/__pycache__/grpc_helpers.cpython-314.pyc
/data/data/com.termux/files/home/GTA/BR/.venv.broken.20260831-112339/lib/python3.14/site-packages/google/api_core/__pycache__/grpc_helpers_async.cpython-314.pyc
/data/data/com.termux/files/home/GTA/BR/.venv.broken.20260831-112339/lib/python3.14/site-packages/google/api_core/__pycache__/iam.cpython-314.pyc
/data/data/com.termux/files/home/GTA/BR/.venv.broken.20260831-112339/lib/python3.14/site-packages/google/api_core/__pycache__/operation.cpython-314.pyc
/data/data/com.termux/files/home/GTA/BR/.venv.broken.20260831-112339/lib/python3.14/site-packages/google/api_core/__pycache__/operation_async.cpython-314.pyc
/data/data/com.termux/files/home/GTA/BR/.venv.broken.20260831-112339/lib/python3.14/site-packages/google/api_core/__pycache__/page_iterator.cpython-314.pyc
/data/data/com.termux/files/home/GTA/BR/.venv.broken.20260831-112339/lib/python3.14/site-packages/google/api_core/__pycache__/page_iterator_async.cpython-314.pyc
/data/data/com.termux/files/home/GTA/BR/.venv.broken.20260831-112339/lib/python3.14/site-packages/google/api_core/__pycache__/path_template.cpython-314.pyc
/data/data/com.termux/files/home/GTA/BR/.venv.broken.20260831-112339/lib/python3.14/site-packages/google/api_core/__pycache__/protobuf_helpers.cpython-314.pyc
/data/data/com.termux/files/home/GTA/BR/.venv.broken.20260831-112339/lib/python3.14/site-packages/google/api_core/__pycache__/rest_helpers.cpython-314.pyc
/data/data/com.termux/files/home/GTA/BR/.venv.broken.20260831-112339/lib/python3.14/site-packages/google/api_core/__pycache__/rest_streaming.cpython-314.pyc
/data/data/com.termux/files/home/GTA/BR/.venv.broken.20260831-112339/lib/python3.14/site-packages/google/api_core/__pycache__/rest_streaming_async.cpython-314.pyc
/data/data/com.termux/files/home/GTA/BR/.venv.broken.20260831-112339/lib/python3.14/site-packages/google/api_core/__pycache__/retry_async.cpython-314.pyc
/data/data/com.termux/files/home/GTA/BR/.venv.broken.20260831-112339/lib/python3.14/site-packages/google/api_core/__pycache__/timeout.cpython-314.pyc
/data/data/com.termux/files/home/GTA/BR/.venv.broken.20260831-112339/lib/python3.14/site-packages/google/api_core/__pycache__/universe.cpython-314.pyc
/data/data/com.termux/files/home/GTA/BR/.venv.broken.20260831-112339/lib/python3.14/site-packages/google/api_core/__pycache__/version.cpython-314.pyc
/data/data/com.termux/files/home/GTA/BR/.venv.broken.20260831-112339/lib/python3.14/site-packages/google/api_core/__pycache__/version_header.cpython-314.pyc
/data/data/com.termux/files/home/GTA/BR/.venv.broken.20260831-112339/lib/python3.14/site-packages/google/api_core/_feature_gating_helpers.py
/data/data/com.termux/files/home/GTA/BR/.venv.broken.20260831-112339/lib/python3.14/site-packages/google/api_core/_python_package_support.py
/data/data/com.termux/files/home/GTA/BR/.venv.broken.20260831-112339/lib/python3.14/site-packages/google/api_core/_python_version_support.py
/data/data/com.termux/files/home/GTA/BR/.venv.broken.20260831-112339/lib/python3.14/site-packages/google/api_core/_rest_streaming_base.py
/data/data/com.termux/files/home/GTA/BR/.venv.broken.20260831-112339/lib/python3.14/site-packages/google/api_core/bidi.py
/data/data/com.termux/files/home/GTA/BR/.venv.broken.20260831-112339/lib/python3.14/site-packages/google/api_core/bidi_async.py
/data/data/com.termux/files/home/GTA/BR/.venv.broken.20260831-112339/lib/python3.14/site-packages/google/api_core/bidi_base.py
/data/data/com.termux/files/home/GTA/BR/.venv.broken.20260831-112339/lib/python3.14/site-packages/google/api_core/client_info.py
/data/data/com.termux/files/home/GTA/BR/.venv.broken.20260831-112339/lib/python3.14/site-packages/google/api_core/client_logging.py
/data/data/com.termux/files/home/GTA/BR/.venv.broken.20260831-112339/lib/python3.14/site-packages/google/api_core/client_options.py
/data/data/com.termux/files/home/GTA/BR/.venv.broken.20260831-112339/lib/python3.14/site-packages/google/api_core/datetime_helpers.py
/data/data/com.termux/files/home/GTA/BR/.venv.broken.20260831-112339/lib/python3.14/site-packages/google/api_core/exceptions.py
/data/data/com.termux/files/home/GTA/BR/.venv.broken.20260831-112339/lib/python3.14/site-packages/google/api_core/extended_operation.py
/data/data/com.termux/files/home/GTA/BR/.venv.broken.20260831-112339/lib/python3.14/site-packages/google/api_core/future/__init__.py
/data/data/com.termux/files/home/GTA/BR/.venv.broken.20260831-112339/lib/python3.14/site-packages/google/api_core/future/__pycache__/__init__.cpython-314.pyc
/data/data/com.termux/files/home/GTA/BR/.venv.broken.20260831-112339/lib/python3.14/site-packages/google/api_core/future/__pycache__/_helpers.cpython-314.pyc
/data/data/com.termux/files/home/GTA/BR/.venv.broken.20260831-112339/lib/python3.14/site-packages/google/api_core/future/__pycache__/async_future.cpython-314.pyc
/data/data/com.termux/files/home/GTA/BR/.venv.broken.20260831-112339/lib/python3.14/site-packages/google/api_core/future/__pycache__/base.cpython-314.pyc
/data/data/com.termux/files/home/GTA/BR/.venv.broken.20260831-112339/lib/python3.14/site-packages/google/api_core/future/__pycache__/polling.cpython-314.pyc
/data/data/com.termux/files/home/GTA/BR/.venv.broken.20260831-112339/lib/python3.14/site-packages/google/api_core/future/_helpers.py
/data/data/com.termux/files/home/GTA/BR/.venv.broken.20260831-112339/lib/python3.14/site-packages/google/api_core/future/async_future.py
/data/data/com.termux/files/home/GTA/BR/.venv.broken.20260831-112339/lib/python3.14/site-packages/google/api_core/future/base.py
/data/data/com.termux/files/home/GTA/BR/.venv.broken.20260831-112339/lib/python3.14/site-packages/google/api_core/future/polling.py
/data/data/com.termux/files/home/GTA/BR/.venv.broken.20260831-112339/lib/python3.14/site-packages/google/api_core/gapic_v1/__init__.py
/data/data/com.termux/files/home/GTA/BR/.venv.broken.20260831-112339/lib/python3.14/site-packages/google/api_core/gapic_v1/__pycache__/__init__.cpython-314.pyc
/data/data/com.termux/files/home/GTA/BR/.venv.broken.20260831-112339/lib/python3.14/site-packages/google/api_core/gapic_v1/__pycache__/client_info.cpython-314.pyc
/data/data/com.termux/files/home/GTA/BR/.venv.broken.20260831-112339/lib/python3.14/site-packages/google/api_core/gapic_v1/__pycache__/config.cpython-314.pyc
/data/data/com.termux/files/home/GTA/BR/.venv.broken.20260831-112339/lib/python3.14/site-packages/google/api_core/gapic_v1/__pycache__/config_async.cpython-314.pyc
/data/data/com.termux/files/home/GTA/BR/.venv.broken.20260831-112339/lib/python3.14/site-packages/google/api_core/gapic_v1/__pycache__/method.cpython-314.pyc
/data/data/com.termux/files/home/GTA/BR/.venv.broken.20260831-112339/lib/python3.14/site-packages/google/api_core/gapic_v1/__pycache__/method_async.cpython-314.pyc
/data/data/com.termux/files/home/GTA/BR/.venv.broken.20260831-112339/lib/python3.14/site-packages/google/api_core/gapic_v1/__pycache__/requests.cpython-314.pyc
/data/data/com.termux/files/home/GTA/BR/.venv.broken.20260831-112339/lib/python3.14/site-packages/google/api_core/gapic_v1/__pycache__/routing_header.cpython-314.pyc
/data/data/com.termux/files/home/GTA/BR/.venv.broken.20260831-112339/lib/python3.14/site-packages/google/api_core/gapic_v1/client_info.py
/data/data/com.termux/files/home/GTA/BR/.venv.broken.20260831-112339/lib/python3.14/site-packages/google/api_core/gapic_v1/config.py
/data/data/com.termux/files/home/GTA/BR/.venv.broken.20260831-112339/lib/python3.14/site-packages/google/api_core/gapic_v1/config_async.py
/data/data/com.termux/files/home/GTA/BR/.venv.broken.20260831-112339/lib/python3.14/site-packages/google/api_core/gapic_v1/method.py
/data/data/com.termux/files/home/GTA/BR/.venv.broken.20260831-112339/lib/python3.14/site-packages/google/api_core/gapic_v1/method_async.py
/data/data/com.termux/files/home/GTA/BR/.venv.broken.20260831-112339/lib/python3.14/site-packages/google/api_core/gapic_v1/requests.py
/data/data/com.termux/files/home/GTA/BR/.venv.broken.20260831-112339/lib/python3.14/site-packages/google/api_core/gapic_v1/routing_header.py
/data/data/com.termux/files/home/GTA/BR/.venv.broken.20260831-112339/lib/python3.14/site-packages/google/api_core/general_helpers.py
/data/data/com.termux/files/home/GTA/BR/.venv.broken.20260831-112339/lib/python3.14/site-packages/google/api_core/grpc_helpers.py
/data/data/com.termux/files/home/GTA/BR/.venv.broken.20260831-112339/lib/python3.14/site-packages/google/api_core/grpc_helpers_async.py
/data/data/com.termux/files/home/GTA/BR/.venv.broken.20260831-112339/lib/python3.14/site-packages/google/api_core/iam.py
/data/data/com.termux/files/home/GTA/BR/.venv.broken.20260831-112339/lib/python3.14/site-packages/google/api_core/operation.py
/data/data/com.termux/files/home/GTA/BR/.venv.broken.20260831-112339/lib/python3.14/site-packages/google/api_core/operation_async.py
/data/data/com.termux/files/home/GTA/BR/.venv.broken.20260831-112339/lib/python3.14/site-packages/google/api_core/operations_v1/__init__.py
/data/data/com.termux/files/home/GTA/BR/.venv.broken.20260831-112339/lib/python3.14/site-packages/google/api_core/operations_v1/__pycache__/__init__.cpython-314.pyc
/data/data/com.termux/files/home/GTA/BR/.venv.broken.20260831-112339/lib/python3.14/site-packages/google/api_core/operations_v1/__pycache__/abstract_operations_base_client.cpython-314.pyc
/data/data/com.termux/files/home/GTA/BR/.venv.broken.20260831-112339/lib/python3.14/site-packages/google/api_core/operations_v1/__pycache__/abstract_operations_client.cpython-314.pyc
/data/data/com.termux/files/home/GTA/BR/.venv.broken.20260831-112339/lib/python3.14/site-packages/google/api_core/operations_v1/__pycache__/operations_async_client.cpython-314.pyc
/data/data/com.termux/files/home/GTA/BR/.venv.broken.20260831-112339/lib/python3.14/site-packages/google/api_core/operations_v1/__pycache__/operations_client.cpython-314.pyc
/data/data/com.termux/files/home/GTA/BR/.venv.broken.20260831-112339/lib/python3.14/site-packages/google/api_core/operations_v1/__pycache__/operations_client_config.cpython-314.pyc
/data/data/com.termux/files/home/GTA/BR/.venv.broken.20260831-112339/lib/python3.14/site-packages/google/api_core/operations_v1/__pycache__/operations_rest_client_async.cpython-314.pyc
/data/data/com.termux/files/home/GTA/BR/.venv.broken.20260831-112339/lib/python3.14/site-packages/google/api_core/operations_v1/__pycache__/pagers.cpython-314.pyc
/data/data/com.termux/files/home/GTA/BR/.venv.broken.20260831-112339/lib/python3.14/site-packages/google/api_core/operations_v1/__pycache__/pagers_async.cpython-314.pyc
/data/data/com.termux/files/home/GTA/BR/.venv.broken.20260831-112339/lib/python3.14/site-packages/google/api_core/operations_v1/__pycache__/pagers_base.cpython-314.pyc
/data/data/com.termux/files/home/GTA/BR/.venv.broken.20260831-112339/lib/python3.14/site-packages/google/api_core/operations_v1/abstract_operations_base_client.py
/data/data/com.termux/files/home/GTA/BR/.venv.broken.20260831-112339/lib/python3.14/site-packages/google/api_core/operations_v1/abstract_operations_client.py
/data/data/com.termux/files/home/GTA/BR/.venv.broken.20260831-112339/lib/python3.14/site-packages/google/api_core/operations_v1/operations_async_client.py
/data/data/com.termux/files/home/GTA/BR/.venv.broken.20260831-112339/lib/python3.14/site-packages/google/api_core/operations_v1/operations_client.py
/data/data/com.termux/files/home/GTA/BR/.venv.broken.20260831-112339/lib/python3.14/site-packages/google/api_core/operations_v1/operations_client_config.py
/data/data/com.termux/files/home/GTA/BR/.venv.broken.20260831-112339/lib/python3.14/site-packages/google/api_core/operations_v1/operations_rest_client_async.py
/data/data/com.termux/files/home/GTA/BR/.venv.broken.20260831-112339/lib/python3.14/site-packages/google/api_core/operations_v1/pagers.py
/data/data/com.termux/files/home/GTA/BR/.venv.broken.20260831-112339/lib/python3.14/site-packages/google/api_core/operations_v1/pagers_async.py
/data/data/com.termux/files/home/GTA/BR/.venv.broken.20260831-112339/lib/python3.14/site-packages/google/api_core/operations_v1/pagers_base.py
/data/data/com.termux/files/home/GTA/BR/.venv.broken.20260831-112339/lib/python3.14/site-packages/google/api_core/operations_v1/transports/__init__.py
/data/data/com.termux/files/home/GTA/BR/.venv.broken.20260831-112339/lib/python3.14/site-packages/google/api_core/operations_v1/transports/__pycache__/__init__.cpython-314.pyc
/data/data/com.termux/files/home/GTA/BR/.venv.broken.20260831-112339/lib/python3.14/site-packages/google/api_core/operations_v1/transports/__pycache__/base.cpython-314.pyc
/data/data/com.termux/files/home/GTA/BR/.venv.broken.20260831-112339/lib/python3.14/site-packages/google/api_core/operations_v1/transports/__pycache__/rest.cpython-314.pyc
/data/data/com.termux/files/home/GTA/BR/.venv.broken.20260831-112339/lib/python3.14/site-packages/google/api_core/operations_v1/transports/__pycache__/rest_asyncio.cpython-314.pyc
/data/data/com.termux/files/home/GTA/BR/.venv.broken.20260831-112339/lib/python3.14/site-packages/google/api_core/operations_v1/transports/base.py
/data/data/com.termux/files/home/GTA/BR/.venv.broken.20260831-112339/lib/python3.14/site-packages/google/api_core/operations_v1/transports/rest.py
/data/data/com.termux/files/home/GTA/BR/.venv.broken.20260831-112339/lib/python3.14/site-packages/google/api_core/operations_v1/transports/rest_asyncio.py
/data/data/com.termux/files/home/GTA/BR/.venv.broken.20260831-112339/lib/python3.14/site-packages/google/api_core/page_iterator.py
/data/data/com.termux/files/home/GTA/BR/.venv.broken.20260831-112339/lib/python3.14/site-packages/google/api_core/page_iterator_async.py
/data/data/com.termux/files/home/GTA/BR/.venv.broken.20260831-112339/lib/python3.14/site-packages/google/api_core/path_template.py
/data/data/com.termux/files/home/GTA/BR/.venv.broken.20260831-112339/lib/python3.14/site-packages/google/api_core/protobuf_helpers.py
/data/data/com.termux/files/home/GTA/BR/.venv.broken.20260831-112339/lib/python3.14/site-packages/google/api_core/py.typed
/data/data/com.termux/files/home/GTA/BR/.venv.broken.20260831-112339/lib/python3.14/site-packages/google/api_core/rest_helpers.py
/data/data/com.termux/files/home/GTA/BR/.venv.broken.20260831-112339/lib/python3.14/site-packages/google/api_core/rest_streaming.py
/data/data/com.termux/files/home/GTA/BR/.venv.broken.20260831-112339/lib/python3.14/site-packages/google/api_core/rest_streaming_async.py
/data/data/com.termux/files/home/GTA/BR/.venv.broken.20260831-112339/lib/python3.14/site-packages/google/api_core/retry/__init__.py
/data/data/com.termux/files/home/GTA/BR/.venv.broken.20260831-112339/lib/python3.14/site-packages/google/api_core/retry/__pycache__/__init__.cpython-314.pyc
/data/data/com.termux/files/home/GTA/BR/.venv.broken.20260831-112339/lib/python3.14/site-packages/google/api_core/retry/__pycache__/retry_base.cpython-314.pyc
/data/data/com.termux/files/home/GTA/BR/.venv.broken.20260831-112339/lib/python3.14/site-packages/google/api_core/retry/__pycache__/retry_streaming.cpython-314.pyc
/data/data/com.termux/files/home/GTA/BR/.venv.broken.20260831-112339/lib/python3.14/site-packages/google/api_core/retry/__pycache__/retry_streaming_async.cpython-314.pyc
/data/data/com.termux/files/home/GTA/BR/.venv.broken.20260831-112339/lib/python3.14/site-packages/google/api_core/retry/__pycache__/retry_unary.cpython-314.pyc
/data/data/com.termux/files/home/GTA/BR/.venv.broken.20260831-112339/lib/python3.14/site-packages/google/api_core/retry/__pycache__/retry_unary_async.cpython-314.pyc
/data/data/com.termux/files/home/GTA/BR/.venv.broken.20260831-112339/lib/python3.14/site-packages/google/api_core/retry/retry_base.py
/data/data/com.termux/files/home/GTA/BR/.venv.broken.20260831-112339/lib/python3.14/site-packages/google/api_core/retry/retry_streaming.py
/data/data/com.termux/files/home/GTA/BR/.venv.broken.20260831-112339/lib/python3.14/site-packages/google/api_core/retry/retry_streaming_async.py
/data/data/com.termux/files/home/GTA/BR/.venv.broken.20260831-112339/lib/python3.14/site-packages/google/api_core/retry/retry_unary.py
/data/data/com.termux/files/home/GTA/BR/.venv.broken.20260831-112339/lib/python3.14/site-packages/google/api_core/retry/retry_unary_async.py
/data/data/com.termux/files/home/GTA/BR/.venv.broken.20260831-112339/lib/python3.14/site-packages/google/api_core/retry_async.py
/data/data/com.termux/files/home/GTA/BR/.venv.broken.20260831-112339/lib/python3.14/site-packages/google/api_core/timeout.py
/data/data/com.termux/files/home/GTA/BR/.venv.broken.20260831-112339/lib/python3.14/site-packages/google/api_core/universe.py
/data/data/com.termux/files/home/GTA/BR/.venv.broken.20260831-112339/lib/python3.14/site-packages/google/api_core/version.py
/data/data/com.termux/files/home/GTA/BR/.venv.broken.20260831-112339/lib/python3.14/site-packages/google/api_core/version_header.py
/data/data/com.termux/files/home/GTA/BR/.venv.broken.20260831-112339/lib/python3.14/site-packages/google/auth/__init__.py
/data/data/com.termux/files/home/GTA/BR/.venv.broken.20260831-112339/lib/python3.14/site-packages/google/auth/__pycache__/__init__.cpython-314.pyc
/data/data/com.termux/files/home/GTA/BR/.venv.broken.20260831-112339/lib/python3.14/site-packages/google/auth/__pycache__/_agent_identity_utils.cpython-314.pyc
/data/data/com.termux/files/home/GTA/BR/.venv.broken.20260831-112339/lib/python3.14/site-packages/google/auth/__pycache__/_cache.cpython-314.pyc
/data/data/com.termux/files/home/GTA/BR/.venv.broken.20260831-112339/lib/python3.14/site-packages/google/auth/__pycache__/_cloud_sdk.cpython-314.pyc
/data/data/com.termux/files/home/GTA/BR/.venv.broken.20260831-112339/lib/python3.14/site-packages/google/auth/__pycache__/_credentials_async.cpython-314.pyc
/data/data/com.termux/files/home/GTA/BR/.venv.broken.20260831-112339/lib/python3.14/site-packages/google/auth/__pycache__/_credentials_base.cpython-314.pyc
/data/data/com.termux/files/home/GTA/BR/.venv.broken.20260831-112339/lib/python3.14/site-packages/google/auth/__pycache__/_default.cpython-314.pyc
/data/data/com.termux/files/home/GTA/BR/.venv.broken.20260831-112339/lib/python3.14/site-packages/google/auth/__pycache__/_default_async.cpython-314.pyc
/data/data/com.termux/files/home/GTA/BR/.venv.broken.20260831-112339/lib/python3.14/site-packages/google/auth/__pycache__/_exponential_backoff.cpython-314.pyc
/data/data/com.termux/files/home/GTA/BR/.venv.broken.20260831-112339/lib/python3.14/site-packages/google/auth/__pycache__/_helpers.cpython-314.pyc
/data/data/com.termux/files/home/GTA/BR/.venv.broken.20260831-112339/lib/python3.14/site-packages/google/auth/__pycache__/_jwt_async.cpython-314.pyc
/data/data/com.termux/files/home/GTA/BR/.venv.broken.20260831-112339/lib/python3.14/site-packages/google/auth/__pycache__/_oauth2client.cpython-314.pyc
/data/data/com.termux/files/home/GTA/BR/.venv.broken.20260831-112339/lib/python3.14/site-packages/google/auth/__pycache__/_refresh_worker.cpython-314.pyc
/data/data/com.termux/files/home/GTA/BR/.venv.broken.20260831-112339/lib/python3.14/site-packages/google/auth/__pycache__/_regional_access_boundary_utils.cpython-314.pyc
/data/data/com.termux/files/home/GTA/BR/.venv.broken.20260831-112339/lib/python3.14/site-packages/google/auth/__pycache__/_service_account_info.cpython-314.pyc
/data/data/com.termux/files/home/GTA/BR/.venv.broken.20260831-112339/lib/python3.14/site-packages/google/auth/__pycache__/api_key.cpython-314.pyc
/data/data/com.termux/files/home/GTA/BR/.venv.broken.20260831-112339/lib/python3.14/site-packages/google/auth/__pycache__/app_engine.cpython-314.pyc
/data/data/com.termux/files/home/GTA/BR/.venv.broken.20260831-112339/lib/python3.14/site-packages/google/auth/__pycache__/aws.cpython-314.pyc
/data/data/com.termux/files/home/GTA/BR/.venv.broken.20260831-112339/lib/python3.14/site-packages/google/auth/__pycache__/credentials.cpython-314.pyc
/data/data/com.termux/files/home/GTA/BR/.venv.broken.20260831-112339/lib/python3.14/site-packages/google/auth/__pycache__/downscoped.cpython-314.pyc
/data/data/com.termux/files/home/GTA/BR/.venv.broken.20260831-112339/lib/python3.14/site-packages/google/auth/__pycache__/environment_vars.cpython-314.pyc
/data/data/com.termux/files/home/GTA/BR/.venv.broken.20260831-112339/lib/python3.14/site-packages/google/auth/__pycache__/exceptions.cpython-314.pyc
/data/data/com.termux/files/home/GTA/BR/.venv.broken.20260831-112339/lib/python3.14/site-packages/google/auth/__pycache__/external_account.cpython-314.pyc
/data/data/com.termux/files/home/GTA/BR/.venv.broken.20260831-112339/lib/python3.14/site-packages/google/auth/__pycache__/external_account_authorized_user.cpython-314.pyc
/data/data/com.termux/files/home/GTA/BR/.venv.broken.20260831-112339/lib/python3.14/site-packages/google/auth/__pycache__/iam.cpython-314.pyc
/data/data/com.termux/files/home/GTA/BR/.venv.broken.20260831-112339/lib/python3.14/site-packages/google/auth/__pycache__/identity_pool.cpython-314.pyc
/data/data/com.termux/files/home/GTA/BR/.venv.broken.20260831-112339/lib/python3.14/site-packages/google/auth/__pycache__/impersonated_credentials.cpython-314.pyc
/data/data/com.termux/files/home/GTA/BR/.venv.broken.20260831-112339/lib/python3.14/site-packages/google/auth/__pycache__/jwt.cpython-314.pyc
/data/data/com.termux/files/home/GTA/BR/.venv.broken.20260831-112339/lib/python3.14/site-packages/google/auth/__pycache__/metrics.cpython-314.pyc
/data/data/com.termux/files/home/GTA/BR/.venv.broken.20260831-112339/lib/python3.14/site-packages/google/auth/__pycache__/pluggable.cpython-314.pyc
/data/data/com.termux/files/home/GTA/BR/.venv.broken.20260831-112339/lib/python3.14/site-packages/google/auth/__pycache__/version.cpython-314.pyc
/data/data/com.termux/files/home/GTA/BR/.venv.broken.20260831-112339/lib/python3.14/site-packages/google/auth/_agent_identity_utils.py
/data/data/com.termux/files/home/GTA/BR/.venv.broken.20260831-112339/lib/python3.14/site-packages/google/auth/_cache.py
/data/data/com.termux/files/home/GTA/BR/.venv.broken.20260831-112339/lib/python3.14/site-packages/google/auth/_cloud_sdk.py
/data/data/com.termux/files/home/GTA/BR/.venv.broken.20260831-112339/lib/python3.14/site-packages/google/auth/_credentials_async.py
/data/data/com.termux/files/home/GTA/BR/.venv.broken.20260831-112339/lib/python3.14/site-packages/google/auth/_credentials_base.py
/data/data/com.termux/files/home/GTA/BR/.venv.broken.20260831-112339/lib/python3.14/site-packages/google/auth/_default.py
/data/data/com.termux/files/home/GTA/BR/.venv.broken.20260831-112339/lib/python3.14/site-packages/google/auth/_default_async.py
/data/data/com.termux/files/home/GTA/BR/.venv.broken.20260831-112339/lib/python3.14/site-packages/google/auth/_exponential_backoff.py
/data/data/com.termux/files/home/GTA/BR/.venv.broken.20260831-112339/lib/python3.14/site-packages/google/auth/_helpers.py
/data/data/com.termux/files/home/GTA/BR/.venv.broken.20260831-112339/lib/python3.14/site-packages/google/auth/_jwt_async.py
/data/data/com.termux/files/home/GTA/BR/.venv.broken.20260831-112339/lib/python3.14/site-packages/google/auth/_oauth2client.py
/data/data/com.termux/files/home/GTA/BR/.venv.broken.20260831-112339/lib/python3.14/site-packages/google/auth/_refresh_worker.py
/data/data/com.termux/files/home/GTA/BR/.venv.broken.20260831-112339/lib/python3.14/site-packages/google/auth/_regional_access_boundary_utils.py
/data/data/com.termux/files/home/GTA/BR/.venv.broken.20260831-112339/lib/python3.14/site-packages/google/auth/_service_account_info.py
/data/data/com.termux/files/home/GTA/BR/.venv.broken.20260831-112339/lib/python3.14/site-packages/google/auth/aio/__init__.py
/data/data/com.termux/files/home/GTA/BR/.venv.broken.20260831-112339/lib/python3.14/site-packages/google/auth/aio/__pycache__/__init__.cpython-314.pyc
/data/data/com.termux/files/home/GTA/BR/.venv.broken.20260831-112339/lib/python3.14/site-packages/google/auth/aio/__pycache__/_helpers.cpython-314.pyc
/data/data/com.termux/files/home/GTA/BR/.venv.broken.20260831-112339/lib/python3.14/site-packages/google/auth/aio/__pycache__/credentials.cpython-314.pyc
/data/data/com.termux/files/home/GTA/BR/.venv.broken.20260831-112339/lib/python3.14/site-packages/google/auth/aio/_helpers.py
/data/data/com.termux/files/home/GTA/BR/.venv.broken.20260831-112339/lib/python3.14/site-packages/google/auth/aio/credentials.py
/data/data/com.termux/files/home/GTA/BR/.venv.broken.20260831-112339/lib/python3.14/site-packages/google/auth/aio/transport/__init__.py
/data/data/com.termux/files/home/GTA/BR/.venv.broken.20260831-112339/lib/python3.14/site-packages/google/auth/aio/transport/__pycache__/__init__.cpython-314.pyc
/data/data/com.termux/files/home/GTA/BR/.venv.broken.20260831-112339/lib/python3.14/site-packages/google/auth/aio/transport/__pycache__/aiohttp.cpython-314.pyc
/data/data/com.termux/files/home/GTA/BR/.venv.broken.20260831-112339/lib/python3.14/site-packages/google/auth/aio/transport/__pycache__/mtls.cpython-314.pyc
/data/data/com.termux/files/home/GTA/BR/.venv.broken.20260831-112339/lib/python3.14/site-packages/google/auth/aio/transport/__pycache__/sessions.cpython-314.pyc
/data/data/com.termux/files/home/GTA/BR/.venv.broken.20260831-112339/lib/python3.14/site-packages/google/auth/aio/transport/aiohttp.py
/data/data/com.termux/files/home/GTA/BR/.venv.broken.20260831-112339/lib/python3.14/site-packages/google/auth/aio/transport/mtls.py
/data/data/com.termux/files/home/GTA/BR/.venv.broken.20260831-112339/lib/python3.14/site-packages/google/auth/aio/transport/sessions.py
/data/data/com.termux/files/home/GTA/BR/.venv.broken.20260831-112339/lib/python3.14/site-packages/google/auth/api_key.py
/data/data/com.termux/files/home/GTA/BR/.venv.broken.20260831-112339/lib/python3.14/site-packages/google/auth/app_engine.py
/data/data/com.termux/files/home/GTA/BR/.venv.broken.20260831-112339/lib/python3.14/site-packages/google/auth/aws.py
/data/data/com.termux/files/home/GTA/BR/.venv.broken.20260831-112339/lib/python3.14/site-packages/google/auth/compute_engine/__init__.py
/data/data/com.termux/files/home/GTA/BR/.venv.broken.20260831-112339/lib/python3.14/site-packages/google/auth/compute_engine/__pycache__/__init__.cpython-314.pyc
/data/data/com.termux/files/home/GTA/BR/.venv.broken.20260831-112339/lib/python3.14/site-packages/google/auth/compute_engine/__pycache__/_metadata.cpython-314.pyc
/data/data/com.termux/files/home/GTA/BR/.venv.broken.20260831-112339/lib/python3.14/site-packages/google/auth/compute_engine/__pycache__/_mtls.cpython-314.pyc
/data/data/com.termux/files/home/GTA/BR/.venv.broken.20260831-112339/lib/python3.14/site-packages/google/auth/compute_engine/__pycache__/credentials.cpython-314.pyc
/data/data/com.termux/files/home/GTA/BR/.venv.broken.20260831-112339/lib/python3.14/site-packages/google/auth/compute_engine/_metadata.py
/data/data/com.termux/files/home/GTA/BR/.venv.broken.20260831-112339/lib/python3.14/site-packages/google/auth/compute_engine/_mtls.py
/data/data/com.termux/files/home/GTA/BR/.venv.broken.20260831-112339/lib/python3.14/site-packages/google/auth/compute_engine/credentials.py
/data/data/com.termux/files/home/GTA/BR/.venv.broken.20260831-112339/lib/python3.14/site-packages/google/auth/credentials.py
/data/data/com.termux/files/home/GTA/BR/.venv.broken.20260831-112339/lib/python3.14/site-packages/google/auth/crypt/__init__.py
/data/data/com.termux/files/home/GTA/BR/.venv.broken.20260831-112339/lib/python3.14/site-packages/google/auth/crypt/__pycache__/__init__.cpython-314.pyc
/data/data/com.termux/files/home/GTA/BR/.venv.broken.20260831-112339/lib/python3.14/site-packages/google/auth/crypt/__pycache__/_cryptography_rsa.cpython-314.pyc
/data/data/com.termux/files/home/GTA/BR/.venv.broken.20260831-112339/lib/python3.14/site-packages/google/auth/crypt/__pycache__/_helpers.cpython-314.pyc
/data/data/com.termux/files/home/GTA/BR/.venv.broken.20260831-112339/lib/python3.14/site-packages/google/auth/crypt/__pycache__/_python_rsa.cpython-314.pyc
/data/data/com.termux/files/home/GTA/BR/.venv.broken.20260831-112339/lib/python3.14/site-packages/google/auth/crypt/__pycache__/base.cpython-314.pyc
/data/data/com.termux/files/home/GTA/BR/.venv.broken.20260831-112339/lib/python3.14/site-packages/google/auth/crypt/__pycache__/es.cpython-314.pyc
/data/data/com.termux/files/home/GTA/BR/.venv.broken.20260831-112339/lib/python3.14/site-packages/google/auth/crypt/__pycache__/es256.cpython-314.pyc
/data/data/com.termux/files/home/GTA/BR/.venv.broken.20260831-112339/lib/python3.14/site-packages/google/auth/crypt/__pycache__/rsa.cpython-314.pyc
/data/data/com.termux/files/home/GTA/BR/.venv.broken.20260831-112339/lib/python3.14/site-packages/google/auth/crypt/_cryptography_rsa.py
/data/data/com.termux/files/home/GTA/BR/.venv.broken.20260831-112339/lib/python3.14/site-packages/google/auth/crypt/_helpers.py
/data/data/com.termux/files/home/GTA/BR/.venv.broken.20260831-112339/lib/python3.14/site-packages/google/auth/crypt/_python_rsa.py
/data/data/com.termux/files/home/GTA/BR/.venv.broken.20260831-112339/lib/python3.14/site-packages/google/auth/crypt/base.py
/data/data/com.termux/files/home/GTA/BR/.venv.broken.20260831-112339/lib/python3.14/site-packages/google/auth/crypt/es.py
/data/data/com.termux/files/home/GTA/BR/.venv.broken.20260831-112339/lib/python3.14/site-packages/google/auth/crypt/es256.py
/data/data/com.termux/files/home/GTA/BR/.venv.broken.20260831-112339/lib/python3.14/site-packages/google/auth/crypt/rsa.py
/data/data/com.termux/files/home/GTA/BR/.venv.broken.20260831-112339/lib/python3.14/site-packages/google/auth/downscoped.py
/data/data/com.termux/files/home/GTA/BR/.venv.broken.20260831-112339/lib/python3.14/site-packages/google/auth/environment_vars.py
/data/data/com.termux/files/home/GTA/BR/.venv.broken.20260831-112339/lib/python3.14/site-packages/google/auth/exceptions.py
/data/data/com.termux/files/home/GTA/BR/.venv.broken.20260831-112339/lib/python3.14/site-packages/google/auth/external_account.py
/data/data/com.termux/files/home/GTA/BR/.venv.broken.20260831-112339/lib/python3.14/site-packages/google/auth/external_account_authorized_user.py
/data/data/com.termux/files/home/GTA/BR/.venv.broken.20260831-112339/lib/python3.14/site-packages/google/auth/iam.py
/data/data/com.termux/files/home/GTA/BR/.venv.broken.20260831-112339/lib/python3.14/site-packages/google/auth/identity_pool.py
/data/data/com.termux/files/home/GTA/BR/.venv.broken.20260831-112339/lib/python3.14/site-packages/google/auth/impersonated_credentials.py
/data/data/com.termux/files/home/GTA/BR/.venv.broken.20260831-112339/lib/python3.14/site-packages/google/auth/jwt.py
/data/data/com.termux/files/home/GTA/BR/.venv.broken.20260831-112339/lib/python3.14/site-packages/google/auth/metrics.py
/data/data/com.termux/files/home/GTA/BR/.venv.broken.20260831-112339/lib/python3.14/site-packages/google/auth/pluggable.py
/data/data/com.termux/files/home/GTA/BR/.venv.broken.20260831-112339/lib/python3.14/site-packages/google/auth/py.typed
/data/data/com.termux/files/home/GTA/BR/.venv.broken.20260831-112339/lib/python3.14/site-packages/google/auth/transport/__init__.py
/data/data/com.termux/files/home/GTA/BR/.venv.broken.20260831-112339/lib/python3.14/site-packages/google/auth/transport/__pycache__/__init__.cpython-314.pyc
/data/data/com.termux/files/home/GTA/BR/.venv.broken.20260831-112339/lib/python3.14/site-packages/google/auth/transport/__pycache__/_aiohttp_requests.cpython-314.pyc
/data/data/com.termux/files/home/GTA/BR/.venv.broken.20260831-112339/lib/python3.14/site-packages/google/auth/transport/__pycache__/_custom_tls_signer.cpython-314.pyc
/data/data/com.termux/files/home/GTA/BR/.venv.broken.20260831-112339/lib/python3.14/site-packages/google/auth/transport/__pycache__/_http_client.cpython-314.pyc
/data/data/com.termux/files/home/GTA/BR/.venv.broken.20260831-112339/lib/python3.14/site-packages/google/auth/transport/__pycache__/_mtls_helper.cpython-314.pyc
/data/data/com.termux/files/home/GTA/BR/.venv.broken.20260831-112339/lib/python3.14/site-packages/google/auth/transport/__pycache__/_requests_base.cpython-314.pyc
/data/data/com.termux/files/home/GTA/BR/.venv.broken.20260831-112339/lib/python3.14/site-packages/google/auth/transport/__pycache__/grpc.cpython-314.pyc
/data/data/com.termux/files/home/GTA/BR/.venv.broken.20260831-112339/lib/python3.14/site-packages/google/auth/transport/__pycache__/mtls.cpython-314.pyc
/data/data/com.termux/files/home/GTA/BR/.venv.broken.20260831-112339/lib/python3.14/site-packages/google/auth/transport/__pycache__/requests.cpython-314.pyc
/data/data/com.termux/files/home/GTA/BR/.venv.broken.20260831-112339/lib/python3.14/site-packages/google/auth/transport/__pycache__/urllib3.cpython-314.pyc
/data/data/com.termux/files/home/GTA/BR/.venv.broken.20260831-112339/lib/python3.14/site-packages/google/auth/transport/_aiohttp_requests.py
/data/data/com.termux/files/home/GTA/BR/.venv.broken.20260831-112339/lib/python3.14/site-packages/google/auth/transport/_custom_tls_signer.py
/data/data/com.termux/files/home/GTA/BR/.venv.broken.20260831-112339/lib/python3.14/site-packages/google/auth/transport/_http_client.py
/data/data/com.termux/files/home/GTA/BR/.venv.broken.20260831-112339/lib/python3.14/site-packages/google/auth/transport/_mtls_helper.py
/data/data/com.termux/files/home/GTA/BR/.venv.broken.20260831-112339/lib/python3.14/site-packages/google/auth/transport/_requests_base.py
/data/data/com.termux/files/home/GTA/BR/.venv.broken.20260831-112339/lib/python3.14/site-packages/google/auth/transport/grpc.py
/data/data/com.termux/files/home/GTA/BR/.venv.broken.20260831-112339/lib/python3.14/site-packages/google/auth/transport/mtls.py
/data/data/com.termux/files/home/GTA/BR/.venv.broken.20260831-112339/lib/python3.14/site-packages/google/auth/transport/requests.py
/data/data/com.termux/files/home/GTA/BR/.venv.broken.20260831-112339/lib/python3.14/site-packages/google/auth/transport/urllib3.py
/data/data/com.termux/files/home/GTA/BR/.venv.broken.20260831-112339/lib/python3.14/site-packages/google/auth/version.py
/data/data/com.termux/files/home/GTA/BR/.venv.broken.20260831-112339/lib/python3.14/site-packages/google/cloud/__pycache__/common_resources_pb2.cpython-314.pyc
/data/data/com.termux/files/home/GTA/BR/.venv.broken.20260831-112339/lib/python3.14/site-packages/google/cloud/__pycache__/extended_operations_pb2.cpython-314.pyc
/data/data/com.termux/files/home/GTA/BR/.venv.broken.20260831-112339/lib/python3.14/site-packages/google/cloud/common_resources.proto
/data/data/com.termux/files/home/GTA/BR/.venv.broken.20260831-112339/lib/python3.14/site-packages/google/cloud/common_resources_pb2.py
/data/data/com.termux/files/home/GTA/BR/.venv.broken.20260831-112339/lib/python3.14/site-packages/google/cloud/common_resources_pb2.pyi
/data/data/com.termux/files/home/GTA/BR/.venv.broken.20260831-112339/lib/python3.14/site-packages/google/cloud/extended_operations.proto
/data/data/com.termux/files/home/GTA/BR/.venv.broken.20260831-112339/lib/python3.14/site-packages/google/cloud/extended_operations_pb2.py
/data/data/com.termux/files/home/GTA/BR/.venv.broken.20260831-112339/lib/python3.14/site-packages/google/cloud/extended_operations_pb2.pyi
/data/data/com.termux/files/home/GTA/BR/.venv.broken.20260831-112339/lib/python3.14/site-packages/google/cloud/location/__pycache__/locations_pb2.cpython-314.pyc
/data/data/com.termux/files/home/GTA/BR/.venv.broken.20260831-112339/lib/python3.14/site-packages/google/cloud/location/locations.proto
/data/data/com.termux/files/home/GTA/BR/.venv.broken.20260831-112339/lib/python3.14/site-packages/google/cloud/location/locations_pb2.py
/data/data/com.termux/files/home/GTA/BR/.venv.broken.20260831-112339/lib/python3.14/site-packages/google/cloud/location/locations_pb2.pyi
/data/data/com.termux/files/home/GTA/BR/.venv.broken.20260831-112339/lib/python3.14/site-packages/google/gapic/metadata/__pycache__/gapic_metadata_pb2.cpython-314.pyc
/data/data/com.termux/files/home/GTA/BR/.venv.broken.20260831-112339/lib/python3.14/site-packages/google/gapic/metadata/gapic_metadata.proto
/data/data/com.termux/files/home/GTA/BR/.venv.broken.20260831-112339/lib/python3.14/site-packages/google/gapic/metadata/gapic_metadata_pb2.py
/data/data/com.termux/files/home/GTA/BR/.venv.broken.20260831-112339/lib/python3.14/site-packages/google/gapic/metadata/gapic_metadata_pb2.pyi
/data/data/com.termux/files/home/GTA/BR/.venv.broken.20260831-112339/lib/python3.14/site-packages/google/logging/type/__pycache__/http_request_pb2.cpython-314.pyc
/data/data/com.termux/files/home/GTA/BR/.venv.broken.20260831-112339/lib/python3.14/site-packages/google/logging/type/__pycache__/log_severity_pb2.cpython-314.pyc
/data/data/com.termux/files/home/GTA/BR/.venv.broken.20260831-112339/lib/python3.14/site-packages/google/logging/type/http_request.proto
/data/data/com.termux/files/home/GTA/BR/.venv.broken.20260831-112339/lib/python3.14/site-packages/google/logging/type/http_request_pb2.py
/data/data/com.termux/files/home/GTA/BR/.venv.broken.20260831-112339/lib/python3.14/site-packages/google/logging/type/http_request_pb2.pyi
/data/data/com.termux/files/home/GTA/BR/.venv.broken.20260831-112339/lib/python3.14/site-packages/google/logging/type/log_severity.proto
/data/data/com.termux/files/home/GTA/BR/.venv.broken.20260831-112339/lib/python3.14/site-packages/google/logging/type/log_severity_pb2.py
/data/data/com.termux/files/home/GTA/BR/.venv.broken.20260831-112339/lib/python3.14/site-packages/google/logging/type/log_severity_pb2.pyi
/data/data/com.termux/files/home/GTA/BR/.venv.broken.20260831-112339/lib/python3.14/site-packages/google/longrunning/__pycache__/operations_grpc.cpython-314.pyc
/data/data/com.termux/files/home/GTA/BR/.venv.broken.20260831-112339/lib/python3.14/site-packages/google/longrunning/__pycache__/operations_grpc_pb2.cpython-314.pyc
/data/data/com.termux/files/home/GTA/BR/.venv.broken.20260831-112339/lib/python3.14/site-packages/google/longrunning/__pycache__/operations_pb2.cpython-314.pyc
/data/data/com.termux/files/home/GTA/BR/.venv.broken.20260831-112339/lib/python3.14/site-packages/google/longrunning/__pycache__/operations_pb2_grpc.cpython-314.pyc
/data/data/com.termux/files/home/GTA/BR/.venv.broken.20260831-112339/lib/python3.14/site-packages/google/longrunning/__pycache__/operations_proto.cpython-314.pyc
/data/data/com.termux/files/home/GTA/BR/.venv.broken.20260831-112339/lib/python3.14/site-packages/google/longrunning/__pycache__/operations_proto_pb2.cpython-314.pyc
/data/data/com.termux/files/home/GTA/BR/.venv.broken.20260831-112339/lib/python3.14/site-packages/google/longrunning/operations_grpc.py
/data/data/com.termux/files/home/GTA/BR/.venv.broken.20260831-112339/lib/python3.14/site-packages/google/longrunning/operations_grpc_pb2.py
/data/data/com.termux/files/home/GTA/BR/.venv.broken.20260831-112339/lib/python3.14/site-packages/google/longrunning/operations_pb2.py
/data/data/com.termux/files/home/GTA/BR/.venv.broken.20260831-112339/lib/python3.14/site-packages/google/longrunning/operations_pb2_grpc.py
/data/data/com.termux/files/home/GTA/BR/.venv.broken.20260831-112339/lib/python3.14/site-packages/google/longrunning/operations_proto.proto
/data/data/com.termux/files/home/GTA/BR/.venv.broken.20260831-112339/lib/python3.14/site-packages/google/longrunning/operations_proto.py
/data/data/com.termux/files/home/GTA/BR/.venv.broken.20260831-112339/lib/python3.14/site-packages/google/longrunning/operations_proto_pb2.py
/data/data/com.termux/files/home/GTA/BR/.venv.broken.20260831-112339/lib/python3.14/site-packages/google/longrunning/operations_proto_pb2.pyi
/data/data/com.termux/files/home/GTA/BR/.venv.broken.20260831-112339/lib/python3.14/site-packages/google/oauth2/__init__.py
/data/data/com.termux/files/home/GTA/BR/.venv.broken.20260831-112339/lib/python3.14/site-packages/google/oauth2/__pycache__/__init__.cpython-314.pyc
/data/data/com.termux/files/home/GTA/BR/.venv.broken.20260831-112339/lib/python3.14/site-packages/google/oauth2/__pycache__/_client.cpython-314.pyc
/data/data/com.termux/files/home/GTA/BR/.venv.broken.20260831-112339/lib/python3.14/site-packages/google/oauth2/__pycache__/_client_async.cpython-314.pyc
/data/data/com.termux/files/home/GTA/BR/.venv.broken.20260831-112339/lib/python3.14/site-packages/google/oauth2/__pycache__/_credentials_async.cpython-314.pyc
/data/data/com.termux/files/home/GTA/BR/.venv.broken.20260831-112339/lib/python3.14/site-packages/google/oauth2/__pycache__/_id_token_async.cpython-314.pyc
/data/data/com.termux/files/home/GTA/BR/.venv.broken.20260831-112339/lib/python3.14/site-packages/google/oauth2/__pycache__/_reauth_async.cpython-314.pyc
/data/data/com.termux/files/home/GTA/BR/.venv.broken.20260831-112339/lib/python3.14/site-packages/google/oauth2/__pycache__/_service_account_async.cpython-314.pyc
/data/data/com.termux/files/home/GTA/BR/.venv.broken.20260831-112339/lib/python3.14/site-packages/google/oauth2/__pycache__/challenges.cpython-314.pyc
/data/data/com.termux/files/home/GTA/BR/.venv.broken.20260831-112339/lib/python3.14/site-packages/google/oauth2/__pycache__/credentials.cpython-314.pyc
/data/data/com.termux/files/home/GTA/BR/.venv.broken.20260831-112339/lib/python3.14/site-packages/google/oauth2/__pycache__/gdch_credentials.cpython-314.pyc
/data/data/com.termux/files/home/GTA/BR/.venv.broken.20260831-112339/lib/python3.14/site-packages/google/oauth2/__pycache__/id_token.cpython-314.pyc
/data/data/com.termux/files/home/GTA/BR/.venv.broken.20260831-112339/lib/python3.14/site-packages/google/oauth2/__pycache__/reauth.cpython-314.pyc
/data/data/com.termux/files/home/GTA/BR/.venv.broken.20260831-112339/lib/python3.14/site-packages/google/oauth2/__pycache__/service_account.cpython-314.pyc
/data/data/com.termux/files/home/GTA/BR/.venv.broken.20260831-112339/lib/python3.14/site-packages/google/oauth2/__pycache__/sts.cpython-314.pyc
/data/data/com.termux/files/home/GTA/BR/.venv.broken.20260831-112339/lib/python3.14/site-packages/google/oauth2/__pycache__/utils.cpython-314.pyc
/data/data/com.termux/files/home/GTA/BR/.venv.broken.20260831-112339/lib/python3.14/site-packages/google/oauth2/__pycache__/webauthn_handler.cpython-314.pyc
/data/data/com.termux/files/home/GTA/BR/.venv.broken.20260831-112339/lib/python3.14/site-packages/google/oauth2/__pycache__/webauthn_handler_factory.cpython-314.pyc
/data/data/com.termux/files/home/GTA/BR/.venv.broken.20260831-112339/lib/python3.14/site-packages/google/oauth2/__pycache__/webauthn_types.cpython-314.pyc
/data/data/com.termux/files/home/GTA/BR/.venv.broken.20260831-112339/lib/python3.14/site-packages/google/oauth2/_client.py
/data/data/com.termux/files/home/GTA/BR/.venv.broken.20260831-112339/lib/python3.14/site-packages/google/oauth2/_client_async.py
/data/data/com.termux/files/home/GTA/BR/.venv.broken.20260831-112339/lib/python3.14/site-packages/google/oauth2/_credentials_async.py
/data/data/com.termux/files/home/GTA/BR/.venv.broken.20260831-112339/lib/python3.14/site-packages/google/oauth2/_id_token_async.py
/data/data/com.termux/files/home/GTA/BR/.venv.broken.20260831-112339/lib/python3.14/site-packages/google/oauth2/_reauth_async.py
/data/data/com.termux/files/home/GTA/BR/.venv.broken.20260831-112339/lib/python3.14/site-packages/google/oauth2/_service_account_async.py
/data/data/com.termux/files/home/GTA/BR/.venv.broken.20260831-112339/lib/python3.14/site-packages/google/oauth2/challenges.py
/data/data/com.termux/files/home/GTA/BR/.venv.broken.20260831-112339/lib/python3.14/site-packages/google/oauth2/credentials.py
/data/data/com.termux/files/home/GTA/BR/.venv.broken.20260831-112339/lib/python3.14/site-packages/google/oauth2/gdch_credentials.py
/data/data/com.termux/files/home/GTA/BR/.venv.broken.20260831-112339/lib/python3.14/site-packages/google/oauth2/id_token.py
/data/data/com.termux/files/home/GTA/BR/.venv.broken.20260831-112339/lib/python3.14/site-packages/google/oauth2/py.typed
/data/data/com.termux/files/home/GTA/BR/.venv.broken.20260831-112339/lib/python3.14/site-packages/google/oauth2/reauth.py
/data/data/com.termux/files/home/GTA/BR/.venv.broken.20260831-112339/lib/python3.14/site-packages/google/oauth2/service_account.py
/data/data/com.termux/files/home/GTA/BR/.venv.broken.20260831-112339/lib/python3.14/site-packages/google/oauth2/sts.py
/data/data/com.termux/files/home/GTA/BR/.venv.broken.20260831-112339/lib/python3.14/site-packages/google/oauth2/utils.py
/data/data/com.termux/files/home/GTA/BR/.venv.broken.20260831-112339/lib/python3.14/site-packages/google/oauth2/webauthn_handler.py
/data/data/com.termux/files/home/GTA/BR/.venv.broken.20260831-112339/lib/python3.14/site-packages/google/oauth2/webauthn_handler_factory.py
/data/data/com.termux/files/home/GTA/BR/.venv.broken.20260831-112339/lib/python3.14/site-packages/google/oauth2/webauthn_types.py
/data/data/com.termux/files/home/GTA/BR/.venv.broken.20260831-112339/lib/python3.14/site-packages/google/protobuf/__init__.py
/data/data/com.termux/files/home/GTA/BR/.venv.broken.20260831-112339/lib/python3.14/site-packages/google/protobuf/__pycache__/__init__.cpython-314.pyc
/data/data/com.termux/files/home/GTA/BR/.venv.broken.20260831-112339/lib/python3.14/site-packages/google/protobuf/__pycache__/any.cpython-314.pyc
/data/data/com.termux/files/home/GTA/BR/.venv.broken.20260831-112339/lib/python3.14/site-packages/google/protobuf/__pycache__/any_pb2.cpython-314.pyc
/data/data/com.termux/files/home/GTA/BR/.venv.broken.20260831-112339/lib/python3.14/site-packages/google/protobuf/__pycache__/api_pb2.cpython-314.pyc
/data/data/com.termux/files/home/GTA/BR/.venv.broken.20260831-112339/lib/python3.14/site-packages/google/protobuf/__pycache__/descriptor.cpython-314.pyc
/data/data/com.termux/files/home/GTA/BR/.venv.broken.20260831-112339/lib/python3.14/site-packages/google/protobuf/__pycache__/descriptor_database.cpython-314.pyc
/data/data/com.termux/files/home/GTA/BR/.venv.broken.20260831-112339/lib/python3.14/site-packages/google/protobuf/__pycache__/descriptor_pb2.cpython-314.pyc
/data/data/com.termux/files/home/GTA/BR/.venv.broken.20260831-112339/lib/python3.14/site-packages/google/protobuf/__pycache__/descriptor_pool.cpython-314.pyc
/data/data/com.termux/files/home/GTA/BR/.venv.broken.20260831-112339/lib/python3.14/site-packages/google/protobuf/__pycache__/duration.cpython-314.pyc
/data/data/com.termux/files/home/GTA/BR/.venv.broken.20260831-112339/lib/python3.14/site-packages/google/protobuf/__pycache__/duration_pb2.cpython-314.pyc
/data/data/com.termux/files/home/GTA/BR/.venv.broken.20260831-112339/lib/python3.14/site-packages/google/protobuf/__pycache__/empty_pb2.cpython-314.pyc
/data/data/com.termux/files/home/GTA/BR/.venv.broken.20260831-112339/lib/python3.14/site-packages/google/protobuf/__pycache__/field_mask_pb2.cpython-314.pyc
/data/data/com.termux/files/home/GTA/BR/.venv.broken.20260831-112339/lib/python3.14/site-packages/google/protobuf/__pycache__/json_enumvalue_options_pb2.cpython-314.pyc
/data/data/com.termux/files/home/GTA/BR/.venv.broken.20260831-112339/lib/python3.14/site-packages/google/protobuf/__pycache__/json_format.cpython-314.pyc
/data/data/com.termux/files/home/GTA/BR/.venv.broken.20260831-112339/lib/python3.14/site-packages/google/protobuf/__pycache__/json_options_pb2.cpython-314.pyc
/data/data/com.termux/files/home/GTA/BR/.venv.broken.20260831-112339/lib/python3.14/site-packages/google/protobuf/__pycache__/message.cpython-314.pyc
/data/data/com.termux/files/home/GTA/BR/.venv.broken.20260831-112339/lib/python3.14/site-packages/google/protobuf/__pycache__/message_factory.cpython-314.pyc
/data/data/com.termux/files/home/GTA/BR/.venv.broken.20260831-112339/lib/python3.14/site-packages/google/protobuf/__pycache__/proto.cpython-314.pyc
/data/data/com.termux/files/home/GTA/BR/.venv.broken.20260831-112339/lib/python3.14/site-packages/google/protobuf/__pycache__/proto_builder.cpython-314.pyc
/data/data/com.termux/files/home/GTA/BR/.venv.broken.20260831-112339/lib/python3.14/site-packages/google/protobuf/__pycache__/proto_json.cpython-314.pyc
/data/data/com.termux/files/home/GTA/BR/.venv.broken.20260831-112339/lib/python3.14/site-packages/google/protobuf/__pycache__/proto_text.cpython-314.pyc
/data/data/com.termux/files/home/GTA/BR/.venv.broken.20260831-112339/lib/python3.14/site-packages/google/protobuf/__pycache__/reflection.cpython-314.pyc
/data/data/com.termux/files/home/GTA/BR/.venv.broken.20260831-112339/lib/python3.14/site-packages/google/protobuf/__pycache__/runtime_version.cpython-314.pyc
/data/data/com.termux/files/home/GTA/BR/.venv.broken.20260831-112339/lib/python3.14/site-packages/google/protobuf/__pycache__/service_reflection.cpython-314.pyc
/data/data/com.termux/files/home/GTA/BR/.venv.broken.20260831-112339/lib/python3.14/site-packages/google/protobuf/__pycache__/source_context_pb2.cpython-314.pyc
/data/data/com.termux/files/home/GTA/BR/.venv.broken.20260831-112339/lib/python3.14/site-packages/google/protobuf/__pycache__/struct_pb2.cpython-314.pyc
/data/data/com.termux/files/home/GTA/BR/.venv.broken.20260831-112339/lib/python3.14/site-packages/google/protobuf/__pycache__/symbol_database.cpython-314.pyc
/data/data/com.termux/files/home/GTA/BR/.venv.broken.20260831-112339/lib/python3.14/site-packages/google/protobuf/__pycache__/text_encoding.cpython-314.pyc
/data/data/com.termux/files/home/GTA/BR/.venv.broken.20260831-112339/lib/python3.14/site-packages/google/protobuf/__pycache__/text_format.cpython-314.pyc
/data/data/com.termux/files/home/GTA/BR/.venv.broken.20260831-112339/lib/python3.14/site-packages/google/protobuf/__pycache__/timestamp.cpython-314.pyc
/data/data/com.termux/files/home/GTA/BR/.venv.broken.20260831-112339/lib/python3.14/site-packages/google/protobuf/__pycache__/timestamp_pb2.cpython-314.pyc
/data/data/com.termux/files/home/GTA/BR/.venv.broken.20260831-112339/lib/python3.14/site-packages/google/protobuf/__pycache__/type_pb2.cpython-314.pyc
/data/data/com.termux/files/home/GTA/BR/.venv.broken.20260831-112339/lib/python3.14/site-packages/google/protobuf/__pycache__/unknown_fields.cpython-314.pyc
/data/data/com.termux/files/home/GTA/BR/.venv.broken.20260831-112339/lib/python3.14/site-packages/google/protobuf/__pycache__/wrappers_pb2.cpython-314.pyc
/data/data/com.termux/files/home/GTA/BR/.venv.broken.20260831-112339/lib/python3.14/site-packages/google/protobuf/any.py
/data/data/com.termux/files/home/GTA/BR/.venv.broken.20260831-112339/lib/python3.14/site-packages/google/protobuf/any_pb2.py
/data/data/com.termux/files/home/GTA/BR/.venv.broken.20260831-112339/lib/python3.14/site-packages/google/protobuf/api_pb2.py
/data/data/com.termux/files/home/GTA/BR/.venv.broken.20260831-112339/lib/python3.14/site-packages/google/protobuf/compiler/__init__.py
/data/data/com.termux/files/home/GTA/BR/.venv.broken.20260831-112339/lib/python3.14/site-packages/google/protobuf/compiler/__pycache__/__init__.cpython-314.pyc
/data/data/com.termux/files/home/GTA/BR/.venv.broken.20260831-112339/lib/python3.14/site-packages/google/protobuf/compiler/__pycache__/plugin_pb2.cpython-314.pyc
/data/data/com.termux/files/home/GTA/BR/.venv.broken.20260831-112339/lib/python3.14/site-packages/google/protobuf/compiler/plugin_pb2.py
/data/data/com.termux/files/home/GTA/BR/.venv.broken.20260831-112339/lib/python3.14/site-packages/google/protobuf/descriptor.py
/data/data/com.termux/files/home/GTA/BR/.venv.broken.20260831-112339/lib/python3.14/site-packages/google/protobuf/descriptor_database.py
/data/data/com.termux/files/home/GTA/BR/.venv.broken.20260831-112339/lib/python3.14/site-packages/google/protobuf/descriptor_pb2.py
/data/data/com.termux/files/home/GTA/BR/.venv.broken.20260831-112339/lib/python3.14/site-packages/google/protobuf/descriptor_pool.py
/data/data/com.termux/files/home/GTA/BR/.venv.broken.20260831-112339/lib/python3.14/site-packages/google/protobuf/duration.py
/data/data/com.termux/files/home/GTA/BR/.venv.broken.20260831-112339/lib/python3.14/site-packages/google/protobuf/duration_pb2.py
/data/data/com.termux/files/home/GTA/BR/.venv.broken.20260831-112339/lib/python3.14/site-packages/google/protobuf/empty_pb2.py
/data/data/com.termux/files/home/GTA/BR/.venv.broken.20260831-112339/lib/python3.14/site-packages/google/protobuf/field_mask_pb2.py
/data/data/com.termux/files/home/GTA/BR/.venv.broken.20260831-112339/lib/python3.14/site-packages/google/protobuf/internal/__init__.py
/data/data/com.termux/files/home/GTA/BR/.venv.broken.20260831-112339/lib/python3.14/site-packages/google/protobuf/internal/__pycache__/__init__.cpython-314.pyc
/data/data/com.termux/files/home/GTA/BR/.venv.broken.20260831-112339/lib/python3.14/site-packages/google/protobuf/internal/__pycache__/api_implementation.cpython-314.pyc
/data/data/com.termux/files/home/GTA/BR/.venv.broken.20260831-112339/lib/python3.14/site-packages/google/protobuf/internal/__pycache__/builder.cpython-314.pyc
/data/data/com.termux/files/home/GTA/BR/.venv.broken.20260831-112339/lib/python3.14/site-packages/google/protobuf/internal/__pycache__/containers.cpython-314.pyc
/data/data/com.termux/files/home/GTA/BR/.venv.broken.20260831-112339/lib/python3.14/site-packages/google/protobuf/internal/__pycache__/decoder.cpython-314.pyc
/data/data/com.termux/files/home/GTA/BR/.venv.broken.20260831-112339/lib/python3.14/site-packages/google/protobuf/internal/__pycache__/encoder.cpython-314.pyc
/data/data/com.termux/files/home/GTA/BR/.venv.broken.20260831-112339/lib/python3.14/site-packages/google/protobuf/internal/__pycache__/enum_type_wrapper.cpython-314.pyc
/data/data/com.termux/files/home/GTA/BR/.venv.broken.20260831-112339/lib/python3.14/site-packages/google/protobuf/internal/__pycache__/extension_dict.cpython-314.pyc
/data/data/com.termux/files/home/GTA/BR/.venv.broken.20260831-112339/lib/python3.14/site-packages/google/protobuf/internal/__pycache__/field_mask.cpython-314.pyc
/data/data/com.termux/files/home/GTA/BR/.venv.broken.20260831-112339/lib/python3.14/site-packages/google/protobuf/internal/__pycache__/message_benchmark.cpython-314.pyc
/data/data/com.termux/files/home/GTA/BR/.venv.broken.20260831-112339/lib/python3.14/site-packages/google/protobuf/internal/__pycache__/message_listener.cpython-314.pyc
/data/data/com.termux/files/home/GTA/BR/.venv.broken.20260831-112339/lib/python3.14/site-packages/google/protobuf/internal/__pycache__/python_edition_defaults.cpython-314.pyc
/data/data/com.termux/files/home/GTA/BR/.venv.broken.20260831-112339/lib/python3.14/site-packages/google/protobuf/internal/__pycache__/python_message.cpython-314.pyc
/data/data/com.termux/files/home/GTA/BR/.venv.broken.20260831-112339/lib/python3.14/site-packages/google/protobuf/internal/__pycache__/testing_refleaks.cpython-314.pyc
/data/data/com.termux/files/home/GTA/BR/.venv.broken.20260831-112339/lib/python3.14/site-packages/google/protobuf/internal/__pycache__/type_checkers.cpython-314.pyc
/data/data/com.termux/files/home/GTA/BR/.venv.broken.20260831-112339/lib/python3.14/site-packages/google/protobuf/internal/__pycache__/well_known_types.cpython-314.pyc
/data/data/com.termux/files/home/GTA/BR/.venv.broken.20260831-112339/lib/python3.14/site-packages/google/protobuf/internal/__pycache__/wire_format.cpython-314.pyc
/data/data/com.termux/files/home/GTA/BR/.venv.broken.20260831-112339/lib/python3.14/site-packages/google/protobuf/internal/api_implementation.py
/data/data/com.termux/files/home/GTA/BR/.venv.broken.20260831-112339/lib/python3.14/site-packages/google/protobuf/internal/builder.py
/data/data/com.termux/files/home/GTA/BR/.venv.broken.20260831-112339/lib/python3.14/site-packages/google/protobuf/internal/containers.py
/data/data/com.termux/files/home/GTA/BR/.venv.broken.20260831-112339/lib/python3.14/site-packages/google/protobuf/internal/decoder.py
/data/data/com.termux/files/home/GTA/BR/.venv.broken.20260831-112339/lib/python3.14/site-packages/google/protobuf/internal/encoder.py
/data/data/com.termux/files/home/GTA/BR/.venv.broken.20260831-112339/lib/python3.14/site-packages/google/protobuf/internal/enum_type_wrapper.py
/data/data/com.termux/files/home/GTA/BR/.venv.broken.20260831-112339/lib/python3.14/site-packages/google/protobuf/internal/extension_dict.py
/data/data/com.termux/files/home/GTA/BR/.venv.broken.20260831-112339/lib/python3.14/site-packages/google/protobuf/internal/field_mask.py
/data/data/com.termux/files/home/GTA/BR/.venv.broken.20260831-112339/lib/python3.14/site-packages/google/protobuf/internal/message_benchmark.py
/data/data/com.termux/files/home/GTA/BR/.venv.broken.20260831-112339/lib/python3.14/site-packages/google/protobuf/internal/message_listener.py
/data/data/com.termux/files/home/GTA/BR/.venv.broken.20260831-112339/lib/python3.14/site-packages/google/protobuf/internal/python_edition_defaults.py
/data/data/com.termux/files/home/GTA/BR/.venv.broken.20260831-112339/lib/python3.14/site-packages/google/protobuf/internal/python_message.py
/data/data/com.termux/files/home/GTA/BR/.venv.broken.20260831-112339/lib/python3.14/site-packages/google/protobuf/internal/testing_refleaks.py
/data/data/com.termux/files/home/GTA/BR/.venv.broken.20260831-112339/lib/python3.14/site-packages/google/protobuf/internal/type_checkers.py
/data/data/com.termux/files/home/GTA/BR/.venv.broken.20260831-112339/lib/python3.14/site-packages/google/protobuf/internal/well_known_types.py
/data/data/com.termux/files/home/GTA/BR/.venv.broken.20260831-112339/lib/python3.14/site-packages/google/protobuf/internal/wire_format.py
/data/data/com.termux/files/home/GTA/BR/.venv.broken.20260831-112339/lib/python3.14/site-packages/google/protobuf/json_enumvalue_options_pb2.py
/data/data/com.termux/files/home/GTA/BR/.venv.broken.20260831-112339/lib/python3.14/site-packages/google/protobuf/json_format.py
/data/data/com.termux/files/home/GTA/BR/.venv.broken.20260831-112339/lib/python3.14/site-packages/google/protobuf/json_options_pb2.py
/data/data/com.termux/files/home/GTA/BR/.venv.broken.20260831-112339/lib/python3.14/site-packages/google/protobuf/message.py
/data/data/com.termux/files/home/GTA/BR/.venv.broken.20260831-112339/lib/python3.14/site-packages/google/protobuf/message_factory.py
/data/data/com.termux/files/home/GTA/BR/.venv.broken.20260831-112339/lib/python3.14/site-packages/google/protobuf/proto.py
/data/data/com.termux/files/home/GTA/BR/.venv.broken.20260831-112339/lib/python3.14/site-packages/google/protobuf/proto_builder.py
/data/data/com.termux/files/home/GTA/BR/.venv.broken.20260831-112339/lib/python3.14/site-packages/google/protobuf/proto_json.py
/data/data/com.termux/files/home/GTA/BR/.venv.broken.20260831-112339/lib/python3.14/site-packages/google/protobuf/proto_text.py
/data/data/com.termux/files/home/GTA/BR/.venv.broken.20260831-112339/lib/python3.14/site-packages/google/protobuf/pyext/__init__.py
/data/data/com.termux/files/home/GTA/BR/.venv.broken.20260831-112339/lib/python3.14/site-packages/google/protobuf/pyext/__pycache__/__init__.cpython-314.pyc
/data/data/com.termux/files/home/GTA/BR/.venv.broken.20260831-112339/lib/python3.14/site-packages/google/protobuf/pyext/__pycache__/cpp_message.cpython-314.pyc
/data/data/com.termux/files/home/GTA/BR/.venv.broken.20260831-112339/lib/python3.14/site-packages/google/protobuf/pyext/cpp_message.py
/data/data/com.termux/files/home/GTA/BR/.venv.broken.20260831-112339/lib/python3.14/site-packages/google/protobuf/reflection.py
/data/data/com.termux/files/home/GTA/BR/.venv.broken.20260831-112339/lib/python3.14/site-packages/google/protobuf/runtime_version.py
/data/data/com.termux/files/home/GTA/BR/.venv.broken.20260831-112339/lib/python3.14/site-packages/google/protobuf/service_reflection.py
/data/data/com.termux/files/home/GTA/BR/.venv.broken.20260831-112339/lib/python3.14/site-packages/google/protobuf/source_context_pb2.py
/data/data/com.termux/files/home/GTA/BR/.venv.broken.20260831-112339/lib/python3.14/site-packages/google/protobuf/struct_pb2.py
/data/data/com.termux/files/home/GTA/BR/.venv.broken.20260831-112339/lib/python3.14/site-packages/google/protobuf/symbol_database.py
/data/data/com.termux/files/home/GTA/BR/.venv.broken.20260831-112339/lib/python3.14/site-packages/google/protobuf/testdata/__init__.py
/data/data/com.termux/files/home/GTA/BR/.venv.broken.20260831-112339/lib/python3.14/site-packages/google/protobuf/testdata/__pycache__/__init__.cpython-314.pyc
/data/data/com.termux/files/home/GTA/BR/.venv.broken.20260831-112339/lib/python3.14/site-packages/google/protobuf/text_encoding.py
/data/data/com.termux/files/home/GTA/BR/.venv.broken.20260831-112339/lib/python3.14/site-packages/google/protobuf/text_format.py
/data/data/com.termux/files/home/GTA/BR/.venv.broken.20260831-112339/lib/python3.14/site-packages/google/protobuf/timestamp.py
/data/data/com.termux/files/home/GTA/BR/.venv.broken.20260831-112339/lib/python3.14/site-packages/google/protobuf/timestamp_pb2.py
/data/data/com.termux/files/home/GTA/BR/.venv.broken.20260831-112339/lib/python3.14/site-packages/google/protobuf/type_pb2.py
/data/data/com.termux/files/home/GTA/BR/.venv.broken.20260831-112339/lib/python3.14/site-packages/google/protobuf/unknown_fields.py
/data/data/com.termux/files/home/GTA/BR/.venv.broken.20260831-112339/lib/python3.14/site-packages/google/protobuf/util/__init__.py
/data/data/com.termux/files/home/GTA/BR/.venv.broken.20260831-112339/lib/python3.14/site-packages/google/protobuf/util/__pycache__/__init__.cpython-314.pyc
/data/data/com.termux/files/home/GTA/BR/.venv.broken.20260831-112339/lib/python3.14/site-packages/google/protobuf/wrappers_pb2.py
/data/data/com.termux/files/home/GTA/BR/.venv.broken.20260831-112339/lib/python3.14/site-packages/google/rpc/__pycache__/code_pb2.cpython-314.pyc
/data/data/com.termux/files/home/GTA/BR/.venv.broken.20260831-112339/lib/python3.14/site-packages/google/rpc/__pycache__/error_details_pb2.cpython-314.pyc
/data/data/com.termux/files/home/GTA/BR/.venv.broken.20260831-112339/lib/python3.14/site-packages/google/rpc/__pycache__/http_pb2.cpython-314.pyc
/data/data/com.termux/files/home/GTA/BR/.venv.broken.20260831-112339/lib/python3.14/site-packages/google/rpc/__pycache__/status_pb2.cpython-314.pyc
/data/data/com.termux/files/home/GTA/BR/.venv.broken.20260831-112339/lib/python3.14/site-packages/google/rpc/code.proto
/data/data/com.termux/files/home/GTA/BR/.venv.broken.20260831-112339/lib/python3.14/site-packages/google/rpc/code_pb2.py
/data/data/com.termux/files/home/GTA/BR/.venv.broken.20260831-112339/lib/python3.14/site-packages/google/rpc/code_pb2.pyi
/data/data/com.termux/files/home/GTA/BR/.venv.broken.20260831-112339/lib/python3.14/site-packages/google/rpc/context/__pycache__/attribute_context_pb2.cpython-314.pyc
/data/data/com.termux/files/home/GTA/BR/.venv.broken.20260831-112339/lib/python3.14/site-packages/google/rpc/context/__pycache__/audit_context_pb2.cpython-314.pyc
/data/data/com.termux/files/home/GTA/BR/.venv.broken.20260831-112339/lib/python3.14/site-packages/google/rpc/context/attribute_context.proto
/data/data/com.termux/files/home/GTA/BR/.venv.broken.20260831-112339/lib/python3.14/site-packages/google/rpc/context/attribute_context_pb2.py
/data/data/com.termux/files/home/GTA/BR/.venv.broken.20260831-112339/lib/python3.14/site-packages/google/rpc/context/attribute_context_pb2.pyi
/data/data/com.termux/files/home/GTA/BR/.venv.broken.20260831-112339/lib/python3.14/site-packages/google/rpc/context/audit_context.proto
/data/data/com.termux/files/home/GTA/BR/.venv.broken.20260831-112339/lib/python3.14/site-packages/google/rpc/context/audit_context_pb2.py
/data/data/com.termux/files/home/GTA/BR/.venv.broken.20260831-112339/lib/python3.14/site-packages/google/rpc/context/audit_context_pb2.pyi
/data/data/com.termux/files/home/GTA/BR/.venv.broken.20260831-112339/lib/python3.14/site-packages/google/rpc/error_details.proto
/data/data/com.termux/files/home/GTA/BR/.venv.broken.20260831-112339/lib/python3.14/site-packages/google/rpc/error_details_pb2.py
/data/data/com.termux/files/home/GTA/BR/.venv.broken.20260831-112339/lib/python3.14/site-packages/google/rpc/error_details_pb2.pyi
/data/data/com.termux/files/home/GTA/BR/.venv.broken.20260831-112339/lib/python3.14/site-packages/google/rpc/http.proto
/data/data/com.termux/files/home/GTA/BR/.venv.broken.20260831-112339/lib/python3.14/site-packages/google/rpc/http_pb2.py
/data/data/com.termux/files/home/GTA/BR/.venv.broken.20260831-112339/lib/python3.14/site-packages/google/rpc/http_pb2.pyi
/data/data/com.termux/files/home/GTA/BR/.venv.broken.20260831-112339/lib/python3.14/site-packages/google/rpc/status.proto
/data/data/com.termux/files/home/GTA/BR/.venv.broken.20260831-112339/lib/python3.14/site-packages/google/rpc/status_pb2.py
/data/data/com.termux/files/home/GTA/BR/.venv.broken.20260831-112339/lib/python3.14/site-packages/google/rpc/status_pb2.pyi
/data/data/com.termux/files/home/GTA/BR/.venv.broken.20260831-112339/lib/python3.14/site-packages/google/type/__pycache__/calendar_period_pb2.cpython-314.pyc
/data/data/com.termux/files/home/GTA/BR/.venv.broken.20260831-112339/lib/python3.14/site-packages/google/type/__pycache__/color_pb2.cpython-314.pyc
/data/data/com.termux/files/home/GTA/BR/.venv.broken.20260831-112339/lib/python3.14/site-packages/google/type/__pycache__/date_pb2.cpython-314.pyc
/data/data/com.termux/files/home/GTA/BR/.venv.broken.20260831-112339/lib/python3.14/site-packages/google/type/__pycache__/datetime_pb2.cpython-314.pyc
/data/data/com.termux/files/home/GTA/BR/.venv.broken.20260831-112339/lib/python3.14/site-packages/google/type/__pycache__/dayofweek_pb2.cpython-314.pyc
/data/data/com.termux/files/home/GTA/BR/.venv.broken.20260831-112339/lib/python3.14/site-packages/google/type/__pycache__/decimal_pb2.cpython-314.pyc
/data/data/com.termux/files/home/GTA/BR/.venv.broken.20260831-112339/lib/python3.14/site-packages/google/type/__pycache__/expr_pb2.cpython-314.pyc
/data/data/com.termux/files/home/GTA/BR/.venv.broken.20260831-112339/lib/python3.14/site-packages/google/type/__pycache__/fraction_pb2.cpython-314.pyc
/data/data/com.termux/files/home/GTA/BR/.venv.broken.20260831-112339/lib/python3.14/site-packages/google/type/__pycache__/interval_pb2.cpython-314.pyc
/data/data/com.termux/files/home/GTA/BR/.venv.broken.20260831-112339/lib/python3.14/site-packages/google/type/__pycache__/latlng_pb2.cpython-314.pyc
/data/data/com.termux/files/home/GTA/BR/.venv.broken.20260831-112339/lib/python3.14/site-packages/google/type/__pycache__/localized_text_pb2.cpython-314.pyc
/data/data/com.termux/files/home/GTA/BR/.venv.broken.20260831-112339/lib/python3.14/site-packages/google/type/__pycache__/money_pb2.cpython-314.pyc
/data/data/com.termux/files/home/GTA/BR/.venv.broken.20260831-112339/lib/python3.14/site-packages/google/type/__pycache__/month_pb2.cpython-314.pyc
/data/data/com.termux/files/home/GTA/BR/.venv.broken.20260831-112339/lib/python3.14/site-packages/google/type/__pycache__/phone_number_pb2.cpython-314.pyc
/data/data/com.termux/files/home/GTA/BR/.venv.broken.20260831-112339/lib/python3.14/site-packages/google/type/__pycache__/postal_address_pb2.cpython-314.pyc
/data/data/com.termux/files/home/GTA/BR/.venv.broken.20260831-112339/lib/python3.14/site-packages/google/type/__pycache__/quaternion_pb2.cpython-314.pyc
/data/data/com.termux/files/home/GTA/BR/.venv.broken.20260831-112339/lib/python3.14/site-packages/google/type/__pycache__/timeofday_pb2.cpython-314.pyc
/data/data/com.termux/files/home/GTA/BR/.venv.broken.20260831-112339/lib/python3.14/site-packages/google/type/calendar_period.proto
/data/data/com.termux/files/home/GTA/BR/.venv.broken.20260831-112339/lib/python3.14/site-packages/google/type/calendar_period_pb2.py
/data/data/com.termux/files/home/GTA/BR/.venv.broken.20260831-112339/lib/python3.14/site-packages/google/type/calendar_period_pb2.pyi
/data/data/com.termux/files/home/GTA/BR/.venv.broken.20260831-112339/lib/python3.14/site-packages/google/type/color.proto
/data/data/com.termux/files/home/GTA/BR/.venv.broken.20260831-112339/lib/python3.14/site-packages/google/type/color_pb2.py
/data/data/com.termux/files/home/GTA/BR/.venv.broken.20260831-112339/lib/python3.14/site-packages/google/type/color_pb2.pyi
/data/data/com.termux/files/home/GTA/BR/.venv.broken.20260831-112339/lib/python3.14/site-packages/google/type/date.proto
/data/data/com.termux/files/home/GTA/BR/.venv.broken.20260831-112339/lib/python3.14/site-packages/google/type/date_pb2.py
/data/data/com.termux/files/home/GTA/BR/.venv.broken.20260831-112339/lib/python3.14/site-packages/google/type/date_pb2.pyi
/data/data/com.termux/files/home/GTA/BR/.venv.broken.20260831-112339/lib/python3.14/site-packages/google/type/datetime.proto
/data/data/com.termux/files/home/GTA/BR/.venv.broken.20260831-112339/lib/python3.14/site-packages/google/type/datetime_pb2.py
/data/data/com.termux/files/home/GTA/BR/.venv.broken.20260831-112339/lib/python3.14/site-packages/google/type/datetime_pb2.pyi
/data/data/com.termux/files/home/GTA/BR/.venv.broken.20260831-112339/lib/python3.14/site-packages/google/type/dayofweek.proto
/data/data/com.termux/files/home/GTA/BR/.venv.broken.20260831-112339/lib/python3.14/site-packages/google/type/dayofweek_pb2.py
/data/data/com.termux/files/home/GTA/BR/.venv.broken.20260831-112339/lib/python3.14/site-packages/google/type/dayofweek_pb2.pyi
/data/data/com.termux/files/home/GTA/BR/.venv.broken.20260831-112339/lib/python3.14/site-packages/google/type/decimal.proto
/data/data/com.termux/files/home/GTA/BR/.venv.broken.20260831-112339/lib/python3.14/site-packages/google/type/decimal_pb2.py
/data/data/com.termux/files/home/GTA/BR/.venv.broken.20260831-112339/lib/python3.14/site-packages/google/type/decimal_pb2.pyi
/data/data/com.termux/files/home/GTA/BR/.venv.broken.20260831-112339/lib/python3.14/site-packages/google/type/expr.proto
/data/data/com.termux/files/home/GTA/BR/.venv.broken.20260831-112339/lib/python3.14/site-packages/google/type/expr_pb2.py
/data/data/com.termux/files/home/GTA/BR/.venv.broken.20260831-112339/lib/python3.14/site-packages/google/type/expr_pb2.pyi
/data/data/com.termux/files/home/GTA/BR/.venv.broken.20260831-112339/lib/python3.14/site-packages/google/type/fraction.proto
/data/data/com.termux/files/home/GTA/BR/.venv.broken.20260831-112339/lib/python3.14/site-packages/google/type/fraction_pb2.py
/data/data/com.termux/files/home/GTA/BR/.venv.broken.20260831-112339/lib/python3.14/site-packages/google/type/fraction_pb2.pyi
/data/data/com.termux/files/home/GTA/BR/.venv.broken.20260831-112339/lib/python3.14/site-packages/google/type/interval.proto
/data/data/com.termux/files/home/GTA/BR/.venv.broken.20260831-112339/lib/python3.14/site-packages/google/type/interval_pb2.py
/data/data/com.termux/files/home/GTA/BR/.venv.broken.20260831-112339/lib/python3.14/site-packages/google/type/interval_pb2.pyi
/data/data/com.termux/files/home/GTA/BR/.venv.broken.20260831-112339/lib/python3.14/site-packages/google/type/latlng.proto
/data/data/com.termux/files/home/GTA/BR/.venv.broken.20260831-112339/lib/python3.14/site-packages/google/type/latlng_pb2.py
/data/data/com.termux/files/home/GTA/BR/.venv.broken.20260831-112339/lib/python3.14/site-packages/google/type/latlng_pb2.pyi
/data/data/com.termux/files/home/GTA/BR/.venv.broken.20260831-112339/lib/python3.14/site-packages/google/type/localized_text.proto
/data/data/com.termux/files/home/GTA/BR/.venv.broken.20260831-112339/lib/python3.14/site-packages/google/type/localized_text_pb2.py
/data/data/com.termux/files/home/GTA/BR/.venv.broken.20260831-112339/lib/python3.14/site-packages/google/type/localized_text_pb2.pyi
/data/data/com.termux/files/home/GTA/BR/.venv.broken.20260831-112339/lib/python3.14/site-packages/google/type/money.proto
/data/data/com.termux/files/home/GTA/BR/.venv.broken.20260831-112339/lib/python3.14/site-packages/google/type/money_pb2.py
/data/data/com.termux/files/home/GTA/BR/.venv.broken.20260831-112339/lib/python3.14/site-packages/google/type/money_pb2.pyi
/data/data/com.termux/files/home/GTA/BR/.venv.broken.20260831-112339/lib/python3.14/site-packages/google/type/month.proto
/data/data/com.termux/files/home/GTA/BR/.venv.broken.20260831-112339/lib/python3.14/site-packages/google/type/month_pb2.py
/data/data/com.termux/files/home/GTA/BR/.venv.broken.20260831-112339/lib/python3.14/site-packages/google/type/month_pb2.pyi
/data/data/com.termux/files/home/GTA/BR/.venv.broken.20260831-112339/lib/python3.14/site-packages/google/type/phone_number.proto
/data/data/com.termux/files/home/GTA/BR/.venv.broken.20260831-112339/lib/python3.14/site-packages/google/type/phone_number_pb2.py
/data/data/com.termux/files/home/GTA/BR/.venv.broken.20260831-112339/lib/python3.14/site-packages/google/type/phone_number_pb2.pyi
/data/data/com.termux/files/home/GTA/BR/.venv.broken.20260831-112339/lib/python3.14/site-packages/google/type/postal_address.proto
/data/data/com.termux/files/home/GTA/BR/.venv.broken.20260831-112339/lib/python3.14/site-packages/google/type/postal_address_pb2.py
/data/data/com.termux/files/home/GTA/BR/.venv.broken.20260831-112339/lib/python3.14/site-packages/google/type/postal_address_pb2.pyi
/data/data/com.termux/files/home/GTA/BR/.venv.broken.20260831-112339/lib/python3.14/site-packages/google/type/quaternion.proto
/data/data/com.termux/files/home/GTA/BR/.venv.broken.20260831-112339/lib/python3.14/site-packages/google/type/quaternion_pb2.py
/data/data/com.termux/files/home/GTA/BR/.venv.broken.20260831-112339/lib/python3.14/site-packages/google/type/quaternion_pb2.pyi
/data/data/com.termux/files/home/GTA/BR/.venv.broken.20260831-112339/lib/python3.14/site-packages/google/type/timeofday.proto
/data/data/com.termux/files/home/GTA/BR/.venv.broken.20260831-112339/lib/python3.14/site-packages/google/type/timeofday_pb2.py
/data/data/com.termux/files/home/GTA/BR/.venv.broken.20260831-112339/lib/python3.14/site-packages/google/type/timeofday_pb2.pyi
/data/data/com.termux/files/home/GTA/BR/.venv.broken.20260831-112339/lib/python3.14/site-packages/google_api_core-2.34.0.dist-info/INSTALLER
/data/data/com.termux/files/home/GTA/BR/.venv.broken.20260831-112339/lib/python3.14/site-packages/google_api_core-2.34.0.dist-info/METADATA
/data/data/com.termux/files/home/GTA/BR/.venv.broken.20260831-112339/lib/python3.14/site-packages/google_api_core-2.34.0.dist-info/RECORD
/data/data/com.termux/files/home/GTA/BR/.venv.broken.20260831-112339/lib/python3.14/site-packages/google_api_core-2.34.0.dist-info/WHEEL
/data/data/com.termux/files/home/GTA/BR/.venv.broken.20260831-112339/lib/python3.14/site-packages/google_api_core-2.34.0.dist-info/licenses/LICENSE
/data/data/com.termux/files/home/GTA/BR/.venv.broken.20260831-112339/lib/python3.14/site-packages/google_api_core-2.34.0.dist-info/top_level.txt
/data/data/com.termux/files/home/GTA/BR/.venv.broken.20260831-112339/lib/python3.14/site-packages/google_api_python_client-2.199.0.dist-info/INSTALLER
/data/data/com.termux/files/home/GTA/BR/.venv.broken.20260831-112339/lib/python3.14/site-packages/google_api_python_client-2.199.0.dist-info/METADATA
/data/data/com.termux/files/home/GTA/BR/.venv.broken.20260831-112339/lib/python3.14/site-packages/google_api_python_client-2.199.0.dist-info/RECORD
/data/data/com.termux/files/home/GTA/BR/.venv.broken.20260831-112339/lib/python3.14/site-packages/google_api_python_client-2.199.0.dist-info/REQUESTED
/data/data/com.termux/files/home/GTA/BR/.venv.broken.20260831-112339/lib/python3.14/site-packages/google_api_python_client-2.199.0.dist-info/WHEEL
/data/data/com.termux/files/home/GTA/BR/.venv.broken.20260831-112339/lib/python3.14/site-packages/google_api_python_client-2.199.0.dist-info/licenses/LICENSE
/data/data/com.termux/files/home/GTA/BR/.venv.broken.20260831-112339/lib/python3.14/site-packages/google_api_python_client-2.199.0.dist-info/top_level.txt
/data/data/com.termux/files/home/GTA/BR/.venv.broken.20260831-112339/lib/python3.14/site-packages/google_auth-2.57.0.dist-info/INSTALLER
/data/data/com.termux/files/home/GTA/BR/.venv.broken.20260831-112339/lib/python3.14/site-packages/google_auth-2.57.0.dist-info/METADATA
/data/data/com.termux/files/home/GTA/BR/.venv.broken.20260831-112339/lib/python3.14/site-packages/google_auth-2.57.0.dist-info/RECORD
/data/data/com.termux/files/home/GTA/BR/.venv.broken.20260831-112339/lib/python3.14/site-packages/google_auth-2.57.0.dist-info/REQUESTED
/data/data/com.termux/files/home/GTA/BR/.venv.broken.20260831-112339/lib/python3.14/site-packages/google_auth-2.57.0.dist-info/WHEEL
/data/data/com.termux/files/home/GTA/BR/.venv.broken.20260831-112339/lib/python3.14/site-packages/google_auth-2.57.0.dist-info/licenses/LICENSE
/data/data/com.termux/files/home/GTA/BR/.venv.broken.20260831-112339/lib/python3.14/site-packages/google_auth-2.57.0.dist-info/top_level.txt
/data/data/com.termux/files/home/GTA/BR/.venv.broken.20260831-112339/lib/python3.14/site-packages/google_auth_httplib2-0.4.2.dist-info/INSTALLER
/data/data/com.termux/files/home/GTA/BR/.venv.broken.20260831-112339/lib/python3.14/site-packages/google_auth_httplib2-0.4.2.dist-info/METADATA
/data/data/com.termux/files/home/GTA/BR/.venv.broken.20260831-112339/lib/python3.14/site-packages/google_auth_httplib2-0.4.2.dist-info/RECORD
/data/data/com.termux/files/home/GTA/BR/.venv.broken.20260831-112339/lib/python3.14/site-packages/google_auth_httplib2-0.4.2.dist-info/WHEEL
/data/data/com.termux/files/home/GTA/BR/.venv.broken.20260831-112339/lib/python3.14/site-packages/google_auth_httplib2-0.4.2.dist-info/licenses/LICENSE
/data/data/com.termux/files/home/GTA/BR/.venv.broken.20260831-112339/lib/python3.14/site-packages/google_auth_httplib2-0.4.2.dist-info/top_level.txt
/data/data/com.termux/files/home/GTA/BR/.venv.broken.20260831-112339/lib/python3.14/site-packages/google_auth_httplib2.py
/data/data/com.termux/files/home/GTA/BR/.venv.broken.20260831-112339/lib/python3.14/site-packages/google_auth_oauthlib-1.4.1.dist-info/INSTALLER
/data/data/com.termux/files/home/GTA/BR/.venv.broken.20260831-112339/lib/python3.14/site-packages/google_auth_oauthlib-1.4.1.dist-info/METADATA
/data/data/com.termux/files/home/GTA/BR/.venv.broken.20260831-112339/lib/python3.14/site-packages/google_auth_oauthlib-1.4.1.dist-info/RECORD
/data/data/com.termux/files/home/GTA/BR/.venv.broken.20260831-112339/lib/python3.14/site-packages/google_auth_oauthlib-1.4.1.dist-info/REQUESTED
/data/data/com.termux/files/home/GTA/BR/.venv.broken.20260831-112339/lib/python3.14/site-packages/google_auth_oauthlib-1.4.1.dist-info/WHEEL
/data/data/com.termux/files/home/GTA/BR/.venv.broken.20260831-112339/lib/python3.14/site-packages/google_auth_oauthlib-1.4.1.dist-info/entry_points.txt
/data/data/com.termux/files/home/GTA/BR/.venv.broken.20260831-112339/lib/python3.14/site-packages/google_auth_oauthlib-1.4.1.dist-info/licenses/LICENSE
/data/data/com.termux/files/home/GTA/BR/.venv.broken.20260831-112339/lib/python3.14/site-packages/google_auth_oauthlib-1.4.1.dist-info/top_level.txt
/data/data/com.termux/files/home/GTA/BR/.venv.broken.20260831-112339/lib/python3.14/site-packages/google_auth_oauthlib/__init__.py
/data/data/com.termux/files/home/GTA/BR/.venv.broken.20260831-112339/lib/python3.14/site-packages/google_auth_oauthlib/__pycache__/__init__.cpython-314.pyc
/data/data/com.termux/files/home/GTA/BR/.venv.broken.20260831-112339/lib/python3.14/site-packages/google_auth_oauthlib/__pycache__/flow.cpython-314.pyc
/data/data/com.termux/files/home/GTA/BR/.venv.broken.20260831-112339/lib/python3.14/site-packages/google_auth_oauthlib/__pycache__/helpers.cpython-314.pyc
/data/data/com.termux/files/home/GTA/BR/.venv.broken.20260831-112339/lib/python3.14/site-packages/google_auth_oauthlib/__pycache__/interactive.cpython-314.pyc
/data/data/com.termux/files/home/GTA/BR/.venv.broken.20260831-112339/lib/python3.14/site-packages/google_auth_oauthlib/flow.py
/data/data/com.termux/files/home/GTA/BR/.venv.broken.20260831-112339/lib/python3.14/site-packages/google_auth_oauthlib/helpers.py
/data/data/com.termux/files/home/GTA/BR/.venv.broken.20260831-112339/lib/python3.14/site-packages/google_auth_oauthlib/interactive.py
/data/data/com.termux/files/home/GTA/BR/.venv.broken.20260831-112339/lib/python3.14/site-packages/google_auth_oauthlib/tool/__init__.py
/data/data/com.termux/files/home/GTA/BR/.venv.broken.20260831-112339/lib/python3.14/site-packages/google_auth_oauthlib/tool/__main__.py
/data/data/com.termux/files/home/GTA/BR/.venv.broken.20260831-112339/lib/python3.14/site-packages/google_auth_oauthlib/tool/__pycache__/__init__.cpython-314.pyc
/data/data/com.termux/files/home/GTA/BR/.venv.broken.20260831-112339/lib/python3.14/site-packages/google_auth_oauthlib/tool/__pycache__/__main__.cpython-314.pyc
/data/data/com.termux/files/home/GTA/BR/.venv.broken.20260831-112339/lib/python3.14/site-packages/googleapiclient/__init__.py
/data/data/com.termux/files/home/GTA/BR/.venv.broken.20260831-112339/lib/python3.14/site-packages/googleapiclient/__pycache__/__init__.cpython-314.pyc
/data/data/com.termux/files/home/GTA/BR/.venv.broken.20260831-112339/lib/python3.14/site-packages/googleapiclient/__pycache__/_auth.cpython-314.pyc
/data/data/com.termux/files/home/GTA/BR/.venv.broken.20260831-112339/lib/python3.14/site-packages/googleapiclient/__pycache__/_helpers.cpython-314.pyc
/data/data/com.termux/files/home/GTA/BR/.venv.broken.20260831-112339/lib/python3.14/site-packages/googleapiclient/__pycache__/channel.cpython-314.pyc
/data/data/com.termux/files/home/GTA/BR/.venv.broken.20260831-112339/lib/python3.14/site-packages/googleapiclient/__pycache__/discovery.cpython-314.pyc
/data/data/com.termux/files/home/GTA/BR/.venv.broken.20260831-112339/lib/python3.14/site-packages/googleapiclient/__pycache__/errors.cpython-314.pyc
/data/data/com.termux/files/home/GTA/BR/.venv.broken.20260831-112339/lib/python3.14/site-packages/googleapiclient/__pycache__/http.cpython-314.pyc
/data/data/com.termux/files/home/GTA/BR/.venv.broken.20260831-112339/lib/python3.14/site-packages/googleapiclient/__pycache__/mimeparse.cpython-314.pyc
/data/data/com.termux/files/home/GTA/BR/.venv.broken.20260831-112339/lib/python3.14/site-packages/googleapiclient/__pycache__/model.cpython-314.pyc
/data/data/com.termux/files/home/GTA/BR/.venv.broken.20260831-112339/lib/python3.14/site-packages/googleapiclient/__pycache__/sample_tools.cpython-314.pyc
/data/data/com.termux/files/home/GTA/BR/.venv.broken.20260831-112339/lib/python3.14/site-packages/googleapiclient/__pycache__/schema.cpython-314.pyc
/data/data/com.termux/files/home/GTA/BR/.venv.broken.20260831-112339/lib/python3.14/site-packages/googleapiclient/__pycache__/version.cpython-314.pyc
/data/data/com.termux/files/home/GTA/BR/.venv.broken.20260831-112339/lib/python3.14/site-packages/googleapiclient/_auth.py
/data/data/com.termux/files/home/GTA/BR/.venv.broken.20260831-112339/lib/python3.14/site-packages/googleapiclient/_helpers.py
/data/data/com.termux/files/home/GTA/BR/.venv.broken.20260831-112339/lib/python3.14/site-packages/googleapiclient/channel.py
/data/data/com.termux/files/home/GTA/BR/.venv.broken.20260831-112339/lib/python3.14/site-packages/googleapiclient/discovery.py
/data/data/com.termux/files/home/GTA/BR/.venv.broken.20260831-112339/lib/python3.14/site-packages/googleapiclient/discovery_cache/__init__.py
/data/data/com.termux/files/home/GTA/BR/.venv.broken.20260831-112339/lib/python3.14/site-packages/googleapiclient/discovery_cache/__pycache__/__init__.cpython-314.pyc
/data/data/com.termux/files/home/GTA/BR/.venv.broken.20260831-112339/lib/python3.14/site-packages/googleapiclient/discovery_cache/__pycache__/appengine_memcache.cpython-314.pyc
/data/data/com.termux/files/home/GTA/BR/.venv.broken.20260831-112339/lib/python3.14/site-packages/googleapiclient/discovery_cache/__pycache__/base.cpython-314.pyc
/data/data/com.termux/files/home/GTA/BR/.venv.broken.20260831-112339/lib/python3.14/site-packages/googleapiclient/discovery_cache/__pycache__/file_cache.cpython-314.pyc
/data/data/com.termux/files/home/GTA/BR/.venv.broken.20260831-112339/lib/python3.14/site-packages/googleapiclient/discovery_cache/appengine_memcache.py
/data/data/com.termux/files/home/GTA/BR/.venv.broken.20260831-112339/lib/python3.14/site-packages/googleapiclient/discovery_cache/base.py
/data/data/com.termux/files/home/GTA/BR/.venv.broken.20260831-112339/lib/python3.14/site-packages/googleapiclient/discovery_cache/documents/abusiveexperiencereport.v1.json
/data/data/com.termux/files/home/GTA/BR/.venv.broken.20260831-112339/lib/python3.14/site-packages/googleapiclient/discovery_cache/documents/acceleratedmobilepageurl.v1.json
/data/data/com.termux/files/home/GTA/BR/.venv.broken.20260831-112339/lib/python3.14/site-packages/googleapiclient/discovery_cache/documents/accessapproval.v1.json
/data/data/com.termux/files/home/GTA/BR/.venv.broken.20260831-112339/lib/python3.14/site-packages/googleapiclient/discovery_cache/documents/accesscontextmanager.v1.json
/data/data/com.termux/files/home/GTA/BR/.venv.broken.20260831-112339/lib/python3.14/site-packages/googleapiclient/discovery_cache/documents/accesscontextmanager.v1beta.json
/data/data/com.termux/files/home/GTA/BR/.venv.broken.20260831-112339/lib/python3.14/site-packages/googleapiclient/discovery_cache/documents/acmedns.v1.json
/data/data/com.termux/files/home/GTA/BR/.venv.broken.20260831-112339/lib/python3.14/site-packages/googleapiclient/discovery_cache/documents/addressvalidation.v1.json
/data/data/com.termux/files/home/GTA/BR/.venv.broken.20260831-112339/lib/python3.14/site-packages/googleapiclient/discovery_cache/documents/adexchangebuyer.v1.2.json
/data/data/com.termux/files/home/GTA/BR/.venv.broken.20260831-112339/lib/python3.14/site-packages/googleapiclient/discovery_cache/documents/adexchangebuyer.v1.3.json
/data/data/com.termux/files/home/GTA/BR/.venv.broken.20260831-112339/lib/python3.14/site-packages/googleapiclient/discovery_cache/documents/adexchangebuyer.v1.4.json
/data/data/com.termux/files/home/GTA/BR/.venv.broken.20260831-112339/lib/python3.14/site-packages/googleapiclient/discovery_cache/documents/adexchangebuyer2.v2beta1.json
/data/data/com.termux/files/home/GTA/BR/.venv.broken.20260831-112339/lib/python3.14/site-packages/googleapiclient/discovery_cache/documents/adexperiencereport.v1.json
/data/data/com.termux/files/home/GTA/BR/.venv.broken.20260831-112339/lib/python3.14/site-packages/googleapiclient/discovery_cache/documents/admin.datatransfer_v1.json
/data/data/com.termux/files/home/GTA/BR/.venv.broken.20260831-112339/lib/python3.14/site-packages/googleapiclient/discovery_cache/documents/admin.datatransferv1.json
/data/data/com.termux/files/home/GTA/BR/.venv.broken.20260831-112339/lib/python3.14/site-packages/googleapiclient/discovery_cache/documents/admin.directory_v1.json
/data/data/com.termux/files/home/GTA/BR/.venv.broken.20260831-112339/lib/python3.14/site-packages/googleapiclient/discovery_cache/documents/admin.directoryv1.json
/data/data/com.termux/files/home/GTA/BR/.venv.broken.20260831-112339/lib/python3.14/site-packages/googleapiclient/discovery_cache/documents/admin.reports_v1.json
/data/data/com.termux/files/home/GTA/BR/.venv.broken.20260831-112339/lib/python3.14/site-packages/googleapiclient/discovery_cache/documents/admin.reportsv1.json
/data/data/com.termux/files/home/GTA/BR/.venv.broken.20260831-112339/lib/python3.14/site-packages/googleapiclient/discovery_cache/documents/admob.v1.json
/data/data/com.termux/files/home/GTA/BR/.venv.broken.20260831-112339/lib/python3.14/site-packages/googleapiclient/discovery_cache/documents/admob.v1beta.json
/data/data/com.termux/files/home/GTA/BR/.venv.broken.20260831-112339/lib/python3.14/site-packages/googleapiclient/discovery_cache/documents/adsense.v2.json
/data/data/com.termux/files/home/GTA/BR/.venv.broken.20260831-112339/lib/python3.14/site-packages/googleapiclient/discovery_cache/documents/adsensehost.v4.1.json
/data/data/com.termux/files/home/GTA/BR/.venv.broken.20260831-112339/lib/python3.14/site-packages/googleapiclient/discovery_cache/documents/adsenseplatform.v1.json
/data/data/com.termux/files/home/GTA/BR/.venv.broken.20260831-112339/lib/python3.14/site-packages/googleapiclient/discovery_cache/documents/adsenseplatform.v1alpha.json
/data/data/com.termux/files/home/GTA/BR/.venv.broken.20260831-112339/lib/python3.14/site-packages/googleapiclient/discovery_cache/documents/advisorynotifications.v1.json
/data/data/com.termux/files/home/GTA/BR/.venv.broken.20260831-112339/lib/python3.14/site-packages/googleapiclient/discovery_cache/documents/agentidentity.v1.json
/data/data/com.termux/files/home/GTA/BR/.venv.broken.20260831-112339/lib/python3.14/site-packages/googleapiclient/discovery_cache/documents/agentidentity.v1alpha.json
/data/data/com.termux/files/home/GTA/BR/.venv.broken.20260831-112339/lib/python3.14/site-packages/googleapiclient/discovery_cache/documents/agentidentity.v1beta.json
/data/data/com.termux/files/home/GTA/BR/.venv.broken.20260831-112339/lib/python3.14/site-packages/googleapiclient/discovery_cache/documents/agentidentitycredentials.v1.json
/data/data/com.termux/files/home/GTA/BR/.venv.broken.20260831-112339/lib/python3.14/site-packages/googleapiclient/discovery_cache/documents/agentidentitycredentials.v1alpha.json
/data/data/com.termux/files/home/GTA/BR/.venv.broken.20260831-112339/lib/python3.14/site-packages/googleapiclient/discovery_cache/documents/agentidentitycredentials.v1beta.json
/data/data/com.termux/files/home/GTA/BR/.venv.broken.20260831-112339/lib/python3.14/site-packages/googleapiclient/discovery_cache/documents/agentregistry.v1.json
/data/data/com.termux/files/home/GTA/BR/.venv.broken.20260831-112339/lib/python3.14/site-packages/googleapiclient/discovery_cache/documents/agentregistry.v1alpha.json
/data/data/com.termux/files/home/GTA/BR/.venv.broken.20260831-112339/lib/python3.14/site-packages/googleapiclient/discovery_cache/documents/aiplatform.v1.json
/data/data/com.termux/files/home/GTA/BR/.venv.broken.20260831-112339/lib/python3.14/site-packages/googleapiclient/discovery_cache/documents/aiplatform.v1beta1.json
/data/data/com.termux/files/home/GTA/BR/.venv.broken.20260831-112339/lib/python3.14/site-packages/googleapiclient/discovery_cache/documents/airquality.v1.json
/data/data/com.termux/files/home/GTA/BR/.venv.broken.20260831-112339/lib/python3.14/site-packages/googleapiclient/discovery_cache/documents/alertcenter.v1beta1.json
/data/data/com.termux/files/home/GTA/BR/.venv.broken.20260831-112339/lib/python3.14/site-packages/googleapiclient/discovery_cache/documents/alloydb.v1.json
/data/data/com.termux/files/home/GTA/BR/.venv.broken.20260831-112339/lib/python3.14/site-packages/googleapiclient/discovery_cache/documents/alloydb.v1alpha.json
/data/data/com.termux/files/home/GTA/BR/.venv.broken.20260831-112339/lib/python3.14/site-packages/googleapiclient/discovery_cache/documents/alloydb.v1beta.json
/data/data/com.termux/files/home/GTA/BR/.venv.broken.20260831-112339/lib/python3.14/site-packages/googleapiclient/discovery_cache/documents/analytics.v3.json
/data/data/com.termux/files/home/GTA/BR/.venv.broken.20260831-112339/lib/python3.14/site-packages/googleapiclient/discovery_cache/documents/analyticsadmin.v1alpha.json
/data/data/com.termux/files/home/GTA/BR/.venv.broken.20260831-112339/lib/python3.14/site-packages/googleapiclient/discovery_cache/documents/analyticsadmin.v1beta.json
/data/data/com.termux/files/home/GTA/BR/.venv.broken.20260831-112339/lib/python3.14/site-packages/googleapiclient/discovery_cache/documents/analyticsdata.v1alpha.json
/data/data/com.termux/files/home/GTA/BR/.venv.broken.20260831-112339/lib/python3.14/site-packages/googleapiclient/discovery_cache/documents/analyticsdata.v1beta.json
/data/data/com.termux/files/home/GTA/BR/.venv.broken.20260831-112339/lib/python3.14/site-packages/googleapiclient/discovery_cache/documents/analyticshub.v1.json
/data/data/com.termux/files/home/GTA/BR/.venv.broken.20260831-112339/lib/python3.14/site-packages/googleapiclient/discovery_cache/documents/analyticshub.v1beta1.json
/data/data/com.termux/files/home/GTA/BR/.venv.broken.20260831-112339/lib/python3.14/site-packages/googleapiclient/discovery_cache/documents/analyticsreporting.v4.json
/data/data/com.termux/files/home/GTA/BR/.venv.broken.20260831-112339/lib/python3.14/site-packages/googleapiclient/discovery_cache/documents/androiddeveloperidstatus.v1.json
/data/data/com.termux/files/home/GTA/BR/.venv.broken.20260831-112339/lib/python3.14/site-packages/googleapiclient/discovery_cache/documents/androiddeviceprovisioning.v1.json
/data/data/com.termux/files/home/GTA/BR/.venv.broken.20260831-112339/lib/python3.14/site-packages/googleapiclient/discovery_cache/documents/androidenterprise.v1.json
/data/data/com.termux/files/home/GTA/BR/.venv.broken.20260831-112339/lib/python3.14/site-packages/googleapiclient/discovery_cache/documents/androidmanagement.v1.json
/data/data/com.termux/files/home/GTA/BR/.venv.broken.20260831-112339/lib/python3.14/site-packages/googleapiclient/discovery_cache/documents/androidpublisher.v3.json
/data/data/com.termux/files/home/GTA/BR/.venv.broken.20260831-112339/lib/python3.14/site-packages/googleapiclient/discovery_cache/documents/apigateway.v1.json
/data/data/com.termux/files/home/GTA/BR/.venv.broken.20260831-112339/lib/python3.14/site-packages/googleapiclient/discovery_cache/documents/apigateway.v1beta.json
/data/data/com.termux/files/home/GTA/BR/.venv.broken.20260831-112339/lib/python3.14/site-packages/googleapiclient/discovery_cache/documents/apigee.v1.json
/data/data/com.termux/files/home/GTA/BR/.venv.broken.20260831-112339/lib/python3.14/site-packages/googleapiclient/discovery_cache/documents/apigeeregistry.v1.json
/data/data/com.termux/files/home/GTA/BR/.venv.broken.20260831-112339/lib/python3.14/site-packages/googleapiclient/discovery_cache/documents/apihub.v1.json
/data/data/com.termux/files/home/GTA/BR/.venv.broken.20260831-112339/lib/python3.14/site-packages/googleapiclient/discovery_cache/documents/apikeys.v2.json
/data/data/com.termux/files/home/GTA/BR/.venv.broken.20260831-112339/lib/python3.14/site-packages/googleapiclient/discovery_cache/documents/apim.v1alpha.json
/data/data/com.termux/files/home/GTA/BR/.venv.broken.20260831-112339/lib/python3.14/site-packages/googleapiclient/discovery_cache/documents/appengine.v1.json
/data/data/com.termux/files/home/GTA/BR/.venv.broken.20260831-112339/lib/python3.14/site-packages/googleapiclient/discovery_cache/documents/appengine.v1alpha.json
/data/data/com.termux/files/home/GTA/BR/.venv.broken.20260831-112339/lib/python3.14/site-packages/googleapiclient/discovery_cache/documents/appengine.v1beta.json
/data/data/com.termux/files/home/GTA/BR/.venv.broken.20260831-112339/lib/python3.14/site-packages/googleapiclient/discovery_cache/documents/appengine.v1beta4.json
/data/data/com.termux/files/home/GTA/BR/.venv.broken.20260831-112339/lib/python3.14/site-packages/googleapiclient/discovery_cache/documents/appengine.v1beta5.json
/data/data/com.termux/files/home/GTA/BR/.venv.broken.20260831-112339/lib/python3.14/site-packages/googleapiclient/discovery_cache/documents/apphub.v1.json
/data/data/com.termux/files/home/GTA/BR/.venv.broken.20260831-112339/lib/python3.14/site-packages/googleapiclient/discovery_cache/documents/apphub.v1alpha.json
/data/data/com.termux/files/home/GTA/BR/.venv.broken.20260831-112339/lib/python3.14/site-packages/googleapiclient/discovery_cache/documents/appsmarket.v2.json
/data/data/com.termux/files/home/GTA/BR/.venv.broken.20260831-112339/lib/python3.14/site-packages/googleapiclient/discovery_cache/documents/area120tables.v1alpha1.json
/data/data/com.termux/files/home/GTA/BR/.venv.broken.20260831-112339/lib/python3.14/site-packages/googleapiclient/discovery_cache/documents/areainsights.v1.json
/data/data/com.termux/files/home/GTA/BR/.venv.broken.20260831-112339/lib/python3.14/site-packages/googleapiclient/discovery_cache/documents/artifactregistry.v1.json
/data/data/com.termux/files/home/GTA/BR/.venv.broken.20260831-112339/lib/python3.14/site-packages/googleapiclient/discovery_cache/documents/artifactregistry.v1beta1.json
/data/data/com.termux/files/home/GTA/BR/.venv.broken.20260831-112339/lib/python3.14/site-packages/googleapiclient/discovery_cache/documents/artifactregistry.v1beta2.json
/data/data/com.termux/files/home/GTA/BR/.venv.broken.20260831-112339/lib/python3.14/site-packages/googleapiclient/discovery_cache/documents/assuredworkloads.v1.json
/data/data/com.termux/files/home/GTA/BR/.venv.broken.20260831-112339/lib/python3.14/site-packages/googleapiclient/discovery_cache/documents/assuredworkloads.v1beta1.json
/data/data/com.termux/files/home/GTA/BR/.venv.broken.20260831-112339/lib/python3.14/site-packages/googleapiclient/discovery_cache/documents/authorizedbuyersmarketplace.v1.json
/data/data/com.termux/files/home/GTA/BR/.venv.broken.20260831-112339/lib/python3.14/site-packages/googleapiclient/discovery_cache/documents/authorizedbuyersmarketplace.v1alpha.json
/data/data/com.termux/files/home/GTA/BR/.venv.broken.20260831-112339/lib/python3.14/site-packages/googleapiclient/discovery_cache/documents/authorizedbuyersmarketplace.v1beta.json
/data/data/com.termux/files/home/GTA/BR/.venv.broken.20260831-112339/lib/python3.14/site-packages/googleapiclient/discovery_cache/documents/backupdr.v1.json
/data/data/com.termux/files/home/GTA/BR/.venv.broken.20260831-112339/lib/python3.14/site-packages/googleapiclient/discovery_cache/documents/baremetalsolution.v1.json
/data/data/com.termux/files/home/GTA/BR/.venv.broken.20260831-112339/lib/python3.14/site-packages/googleapiclient/discovery_cache/documents/baremetalsolution.v1alpha1.json
/data/data/com.termux/files/home/GTA/BR/.venv.broken.20260831-112339/lib/python3.14/site-packages/googleapiclient/discovery_cache/documents/baremetalsolution.v2.json
/data/data/com.termux/files/home/GTA/BR/.venv.broken.20260831-112339/lib/python3.14/site-packages/googleapiclient/discovery_cache/documents/batch.v1.json
/data/data/com.termux/files/home/GTA/BR/.venv.broken.20260831-112339/lib/python3.14/site-packages/googleapiclient/discovery_cache/documents/beyondcorp.v1.json
/data/data/com.termux/files/home/GTA/BR/.venv.broken.20260831-112339/lib/python3.14/site-packages/googleapiclient/discovery_cache/documents/beyondcorp.v1alpha.json
/data/data/com.termux/files/home/GTA/BR/.venv.broken.20260831-112339/lib/python3.14/site-packages/googleapiclient/discovery_cache/documents/biglake.v1.json
/data/data/com.termux/files/home/GTA/BR/.venv.broken.20260831-112339/lib/python3.14/site-packages/googleapiclient/discovery_cache/documents/bigquery.v2.json
/data/data/com.termux/files/home/GTA/BR/.venv.broken.20260831-112339/lib/python3.14/site-packages/googleapiclient/discovery_cache/documents/bigqueryconnection.v1.json
/data/data/com.termux/files/home/GTA/BR/.venv.broken.20260831-112339/lib/python3.14/site-packages/googleapiclient/discovery_cache/documents/bigqueryconnection.v1beta1.json
/data/data/com.termux/files/home/GTA/BR/.venv.broken.20260831-112339/lib/python3.14/site-packages/googleapiclient/discovery_cache/documents/bigquerydatapolicy.v1.json
/data/data/com.termux/files/home/GTA/BR/.venv.broken.20260831-112339/lib/python3.14/site-packages/googleapiclient/discovery_cache/documents/bigquerydatapolicy.v2.json
/data/data/com.termux/files/home/GTA/BR/.venv.broken.20260831-112339/lib/python3.14/site-packages/googleapiclient/discovery_cache/documents/bigquerydatatransfer.v1.json
/data/data/com.termux/files/home/GTA/BR/.venv.broken.20260831-112339/lib/python3.14/site-packages/googleapiclient/discovery_cache/documents/bigqueryreservation.v1.json
/data/data/com.termux/files/home/GTA/BR/.venv.broken.20260831-112339/lib/python3.14/site-packages/googleapiclient/discovery_cache/documents/bigqueryreservation.v1alpha2.json
/data/data/com.termux/files/home/GTA/BR/.venv.broken.20260831-112339/lib/python3.14/site-packages/googleapiclient/discovery_cache/documents/bigqueryreservation.v1beta1.json
/data/data/com.termux/files/home/GTA/BR/.venv.broken.20260831-112339/lib/python3.14/site-packages/googleapiclient/discovery_cache/documents/bigtableadmin.v1.json
/data/data/com.termux/files/home/GTA/BR/.venv.broken.20260831-112339/lib/python3.14/site-packages/googleapiclient/discovery_cache/documents/bigtableadmin.v2.json
/data/data/com.termux/files/home/GTA/BR/.venv.broken.20260831-112339/lib/python3.14/site-packages/googleapiclient/discovery_cache/documents/billingbudgets.v1.json
/data/data/com.termux/files/home/GTA/BR/.venv.broken.20260831-112339/lib/python3.14/site-packages/googleapiclient/discovery_cache/documents/billingbudgets.v1beta1.json
/data/data/com.termux/files/home/GTA/BR/.venv.broken.20260831-112339/lib/python3.14/site-packages/googleapiclient/discovery_cache/documents/binaryauthorization.v1.json
/data/data/com.termux/files/home/GTA/BR/.venv.broken.20260831-112339/lib/python3.14/site-packages/googleapiclient/discovery_cache/documents/binaryauthorization.v1beta1.json
/data/data/com.termux/files/home/GTA/BR/.venv.broken.20260831-112339/lib/python3.14/site-packages/googleapiclient/discovery_cache/documents/blockchainnodeengine.v1.json
/data/data/com.termux/files/home/GTA/BR/.venv.broken.20260831-112339/lib/python3.14/site-packages/googleapiclient/discovery_cache/documents/blogger.v2.json
/data/data/com.termux/files/home/GTA/BR/.venv.broken.20260831-112339/lib/python3.14/site-packages/googleapiclient/discovery_cache/documents/blogger.v3.json
/data/data/com.termux/files/home/GTA/BR/.venv.broken.20260831-112339/lib/python3.14/site-packages/googleapiclient/discovery_cache/documents/books.v1.json
/data/data/com.termux/files/home/GTA/BR/.venv.broken.20260831-112339/lib/python3.14/site-packages/googleapiclient/discovery_cache/documents/businessprofileperformance.v1.json
/data/data/com.termux/files/home/GTA/BR/.venv.broken.20260831-112339/lib/python3.14/site-packages/googleapiclient/discovery_cache/documents/calendar.v3.json
/data/data/com.termux/files/home/GTA/BR/.venv.broken.20260831-112339/lib/python3.14/site-packages/googleapiclient/discovery_cache/documents/certificatemanager.v1.json
/data/data/com.termux/files/home/GTA/BR/.venv.broken.20260831-112339/lib/python3.14/site-packages/googleapiclient/discovery_cache/documents/ces.v1.json
/data/data/com.termux/files/home/GTA/BR/.venv.broken.20260831-112339/lib/python3.14/site-packages/googleapiclient/discovery_cache/documents/ces.v1beta.json
/data/data/com.termux/files/home/GTA/BR/.venv.broken.20260831-112339/lib/python3.14/site-packages/googleapiclient/discovery_cache/documents/chat.v1.json
/data/data/com.termux/files/home/GTA/BR/.venv.broken.20260831-112339/lib/python3.14/site-packages/googleapiclient/discovery_cache/documents/checks.v1alpha.json
/data/data/com.termux/files/home/GTA/BR/.venv.broken.20260831-112339/lib/python3.14/site-packages/googleapiclient/discovery_cache/documents/chromemanagement.v1.json
/data/data/com.termux/files/home/GTA/BR/.venv.broken.20260831-112339/lib/python3.14/site-packages/googleapiclient/discovery_cache/documents/chromepolicy.v1.json
/data/data/com.termux/files/home/GTA/BR/.venv.broken.20260831-112339/lib/python3.14/site-packages/googleapiclient/discovery_cache/documents/chromeuxreport.v1.json
/data/data/com.termux/files/home/GTA/BR/.venv.broken.20260831-112339/lib/python3.14/site-packages/googleapiclient/discovery_cache/documents/chromewebstore.v1.1.json
/data/data/com.termux/files/home/GTA/BR/.venv.broken.20260831-112339/lib/python3.14/site-packages/googleapiclient/discovery_cache/documents/chromewebstore.v2.json
/data/data/com.termux/files/home/GTA/BR/.venv.broken.20260831-112339/lib/python3.14/site-packages/googleapiclient/discovery_cache/documents/civicinfo.v2.json
/data/data/com.termux/files/home/GTA/BR/.venv.broken.20260831-112339/lib/python3.14/site-packages/googleapiclient/discovery_cache/documents/classroom.v1.json
/data/data/com.termux/files/home/GTA/BR/.venv.broken.20260831-112339/lib/python3.14/site-packages/googleapiclient/discovery_cache/documents/cloudasset.v1.json
/data/data/com.termux/files/home/GTA/BR/.venv.broken.20260831-112339/lib/python3.14/site-packages/googleapiclient/discovery_cache/documents/cloudasset.v1beta1.json
/data/data/com.termux/files/home/GTA/BR/.venv.broken.20260831-112339/lib/python3.14/site-packages/googleapiclient/discovery_cache/documents/cloudasset.v1p1beta1.json
/data/data/com.termux/files/home/GTA/BR/.venv.broken.20260831-112339/lib/python3.14/site-packages/googleapiclient/discovery_cache/documents/cloudasset.v1p4beta1.json
/data/data/com.termux/files/home/GTA/BR/.venv.broken.20260831-112339/lib/python3.14/site-packages/googleapiclient/discovery_cache/documents/cloudasset.v1p5beta1.json
/data/data/com.termux/files/home/GTA/BR/.venv.broken.20260831-112339/lib/python3.14/site-packages/googleapiclient/discovery_cache/documents/cloudasset.v1p7beta1.json
/data/data/com.termux/files/home/GTA/BR/.venv.broken.20260831-112339/lib/python3.14/site-packages/googleapiclient/discovery_cache/documents/cloudbilling.v1.json
/data/data/com.termux/files/home/GTA/BR/.venv.broken.20260831-112339/lib/python3.14/site-packages/googleapiclient/discovery_cache/documents/cloudbilling.v1beta.json
/data/data/com.termux/files/home/GTA/BR/.venv.broken.20260831-112339/lib/python3.14/site-packages/googleapiclient/discovery_cache/documents/cloudbuild.v1.json
/data/data/com.termux/files/home/GTA/BR/.venv.broken.20260831-112339/lib/python3.14/site-packages/googleapiclient/discovery_cache/documents/cloudbuild.v1alpha1.json
/data/data/com.termux/files/home/GTA/BR/.venv.broken.20260831-112339/lib/python3.14/site-packages/googleapiclient/discovery_cache/documents/cloudbuild.v1alpha2.json
/data/data/com.termux/files/home/GTA/BR/.venv.broken.20260831-112339/lib/python3.14/site-packages/googleapiclient/discovery_cache/documents/cloudbuild.v1beta1.json
/data/data/com.termux/files/home/GTA/BR/.venv.broken.20260831-112339/lib/python3.14/site-packages/googleapiclient/discovery_cache/documents/cloudbuild.v2.json
/data/data/com.termux/files/home/GTA/BR/.venv.broken.20260831-112339/lib/python3.14/site-packages/googleapiclient/discovery_cache/documents/cloudchannel.v1.json
/data/data/com.termux/files/home/GTA/BR/.venv.broken.20260831-112339/lib/python3.14/site-packages/googleapiclient/discovery_cache/documents/cloudcommerceprocurement.v1.json
/data/data/com.termux/files/home/GTA/BR/.venv.broken.20260831-112339/lib/python3.14/site-packages/googleapiclient/discovery_cache/documents/cloudcontrolspartner.v1.json
/data/data/com.termux/files/home/GTA/BR/.venv.broken.20260831-112339/lib/python3.14/site-packages/googleapiclient/discovery_cache/documents/cloudcontrolspartner.v1beta.json
/data/data/com.termux/files/home/GTA/BR/.venv.broken.20260831-112339/lib/python3.14/site-packages/googleapiclient/discovery_cache/documents/clouddebugger.v2.json
/data/data/com.termux/files/home/GTA/BR/.venv.broken.20260831-112339/lib/python3.14/site-packages/googleapiclient/discovery_cache/documents/clouddeploy.v1.json
/data/data/com.termux/files/home/GTA/BR/.venv.broken.20260831-112339/lib/python3.14/site-packages/googleapiclient/discovery_cache/documents/clouderrorreporting.v1beta1.json
/data/data/com.termux/files/home/GTA/BR/.venv.broken.20260831-112339/lib/python3.14/site-packages/googleapiclient/discovery_cache/documents/cloudfunctions.v1.json
/data/data/com.termux/files/home/GTA/BR/.venv.broken.20260831-112339/lib/python3.14/site-packages/googleapiclient/discovery_cache/documents/cloudfunctions.v2.json
/data/data/com.termux/files/home/GTA/BR/.venv.broken.20260831-112339/lib/python3.14/site-packages/googleapiclient/discovery_cache/documents/cloudfunctions.v2alpha.json
/data/data/com.termux/files/home/GTA/BR/.venv.broken.20260831-112339/lib/python3.14/site-packages/googleapiclient/discovery_cache/documents/cloudfunctions.v2beta.json
/data/data/com.termux/files/home/GTA/BR/.venv.broken.20260831-112339/lib/python3.14/site-packages/googleapiclient/discovery_cache/documents/cloudidentity.v1.json
/data/data/com.termux/files/home/GTA/BR/.venv.broken.20260831-112339/lib/python3.14/site-packages/googleapiclient/discovery_cache/documents/cloudidentity.v1beta1.json
/data/data/com.termux/files/home/GTA/BR/.venv.broken.20260831-112339/lib/python3.14/site-packages/googleapiclient/discovery_cache/documents/cloudiot.v1.json
/data/data/com.termux/files/home/GTA/BR/.venv.broken.20260831-112339/lib/python3.14/site-packages/googleapiclient/discovery_cache/documents/cloudkms.v1.json
/data/data/com.termux/files/home/GTA/BR/.venv.broken.20260831-112339/lib/python3.14/site-packages/googleapiclient/discovery_cache/documents/cloudlocationfinder.v1.json
/data/data/com.termux/files/home/GTA/BR/.venv.broken.20260831-112339/lib/python3.14/site-packages/googleapiclient/discovery_cache/documents/cloudlocationfinder.v1alpha.json
/data/data/com.termux/files/home/GTA/BR/.venv.broken.20260831-112339/lib/python3.14/site-packages/googleapiclient/discovery_cache/documents/cloudnumberregistry.v1alpha.json
/data/data/com.termux/files/home/GTA/BR/.venv.broken.20260831-112339/lib/python3.14/site-packages/googleapiclient/discovery_cache/documents/cloudproductregistry.v1.json
/data/data/com.termux/files/home/GTA/BR/.venv.broken.20260831-112339/lib/python3.14/site-packages/googleapiclient/discovery_cache/documents/cloudprofiler.v2.json
/data/data/com.termux/files/home/GTA/BR/.venv.broken.20260831-112339/lib/python3.14/site-packages/googleapiclient/discovery_cache/documents/cloudresourcemanager.v1.json
/data/data/com.termux/files/home/GTA/BR/.venv.broken.20260831-112339/lib/python3.14/site-packages/googleapiclient/discovery_cache/documents/cloudresourcemanager.v1beta1.json
/data/data/com.termux/files/home/GTA/BR/.venv.broken.20260831-112339/lib/python3.14/site-packages/googleapiclient/discovery_cache/documents/cloudresourcemanager.v2.json
/data/data/com.termux/files/home/GTA/BR/.venv.broken.20260831-112339/lib/python3.14/site-packages/googleapiclient/discovery_cache/documents/cloudresourcemanager.v2beta1.json
/data/data/com.termux/files/home/GTA/BR/.venv.broken.20260831-112339/lib/python3.14/site-packages/googleapiclient/discovery_cache/documents/cloudresourcemanager.v3.json
/data/data/com.termux/files/home/GTA/BR/.venv.broken.20260831-112339/lib/python3.14/site-packages/googleapiclient/discovery_cache/documents/cloudscheduler.v1.json
/data/data/com.termux/files/home/GTA/BR/.venv.broken.20260831-112339/lib/python3.14/site-packages/googleapiclient/discovery_cache/documents/cloudscheduler.v1beta1.json
/data/data/com.termux/files/home/GTA/BR/.venv.broken.20260831-112339/lib/python3.14/site-packages/googleapiclient/discovery_cache/documents/cloudsearch.v1.json
/data/data/com.termux/files/home/GTA/BR/.venv.broken.20260831-112339/lib/python3.14/site-packages/googleapiclient/discovery_cache/documents/cloudshell.v1.json
/data/data/com.termux/files/home/GTA/BR/.venv.broken.20260831-112339/lib/python3.14/site-packages/googleapiclient/discovery_cache/documents/cloudshell.v1alpha1.json
/data/data/com.termux/files/home/GTA/BR/.venv.broken.20260831-112339/lib/python3.14/site-packages/googleapiclient/discovery_cache/documents/cloudsupport.v2.json
/data/data/com.termux/files/home/GTA/BR/.venv.broken.20260831-112339/lib/python3.14/site-packages/googleapiclient/discovery_cache/documents/cloudsupport.v2beta.json
/data/data/com.termux/files/home/GTA/BR/.venv.broken.20260831-112339/lib/python3.14/site-packages/googleapiclient/discovery_cache/documents/cloudtasks.v2.json
/data/data/com.termux/files/home/GTA/BR/.venv.broken.20260831-112339/lib/python3.14/site-packages/googleapiclient/discovery_cache/documents/cloudtasks.v2beta2.json
/data/data/com.termux/files/home/GTA/BR/.venv.broken.20260831-112339/lib/python3.14/site-packages/googleapiclient/discovery_cache/documents/cloudtasks.v2beta3.json
/data/data/com.termux/files/home/GTA/BR/.venv.broken.20260831-112339/lib/python3.14/site-packages/googleapiclient/discovery_cache/documents/cloudtrace.v1.json
/data/data/com.termux/files/home/GTA/BR/.venv.broken.20260831-112339/lib/python3.14/site-packages/googleapiclient/discovery_cache/documents/cloudtrace.v2.json
/data/data/com.termux/files/home/GTA/BR/.venv.broken.20260831-112339/lib/python3.14/site-packages/googleapiclient/discovery_cache/documents/cloudtrace.v2beta1.json
/data/data/com.termux/files/home/GTA/BR/.venv.broken.20260831-112339/lib/python3.14/site-packages/googleapiclient/discovery_cache/documents/composer.v1.json
/data/data/com.termux/files/home/GTA/BR/.venv.broken.20260831-112339/lib/python3.14/site-packages/googleapiclient/discovery_cache/documents/composer.v1beta1.json
/data/data/com.termux/files/home/GTA/BR/.venv.broken.20260831-112339/lib/python3.14/site-packages/googleapiclient/discovery_cache/documents/compute.alpha.json
/data/data/com.termux/files/home/GTA/BR/.venv.broken.20260831-112339/lib/python3.14/site-packages/googleapiclient/discovery_cache/documents/compute.beta.json
/data/data/com.termux/files/home/GTA/BR/.venv.broken.20260831-112339/lib/python3.14/site-packages/googleapiclient/discovery_cache/documents/compute.v1.json
/data/data/com.termux/files/home/GTA/BR/.venv.broken.20260831-112339/lib/python3.14/site-packages/googleapiclient/discovery_cache/documents/config.v1.json
/data/data/com.termux/files/home/GTA/BR/.venv.broken.20260831-112339/lib/python3.14/site-packages/googleapiclient/discovery_cache/documents/connectors.v1.json
/data/data/com.termux/files/home/GTA/BR/.venv.broken.20260831-112339/lib/python3.14/site-packages/googleapiclient/discovery_cache/documents/connectors.v2.json
/data/data/com.termux/files/home/GTA/BR/.venv.broken.20260831-112339/lib/python3.14/site-packages/googleapiclient/discovery_cache/documents/contactcenteraiplatform.v1alpha1.json
/data/data/com.termux/files/home/GTA/BR/.venv.broken.20260831-112339/lib/python3.14/site-packages/googleapiclient/discovery_cache/documents/contactcenterinsights.v1.json
/data/data/com.termux/files/home/GTA/BR/.venv.broken.20260831-112339/lib/python3.14/site-packages/googleapiclient/discovery_cache/documents/container.v1.json
/data/data/com.termux/files/home/GTA/BR/.venv.broken.20260831-112339/lib/python3.14/site-packages/googleapiclient/discovery_cache/documents/container.v1beta1.json
/data/data/com.termux/files/home/GTA/BR/.venv.broken.20260831-112339/lib/python3.14/site-packages/googleapiclient/discovery_cache/documents/containeranalysis.v1.json
/data/data/com.termux/files/home/GTA/BR/.venv.broken.20260831-112339/lib/python3.14/site-packages/googleapiclient/discovery_cache/documents/containeranalysis.v1alpha1.json
/data/data/com.termux/files/home/GTA/BR/.venv.broken.20260831-112339/lib/python3.14/site-packages/googleapiclient/discovery_cache/documents/containeranalysis.v1beta1.json
/data/data/com.termux/files/home/GTA/BR/.venv.broken.20260831-112339/lib/python3.14/site-packages/googleapiclient/discovery_cache/documents/content.v2.1.json
/data/data/com.termux/files/home/GTA/BR/.venv.broken.20260831-112339/lib/python3.14/site-packages/googleapiclient/discovery_cache/documents/content.v2.json
/data/data/com.termux/files/home/GTA/BR/.venv.broken.20260831-112339/lib/python3.14/site-packages/googleapiclient/discovery_cache/documents/contentwarehouse.v1.json
/data/data/com.termux/files/home/GTA/BR/.venv.broken.20260831-112339/lib/python3.14/site-packages/googleapiclient/discovery_cache/documents/css.v1.json
/data/data/com.termux/files/home/GTA/BR/.venv.broken.20260831-112339/lib/python3.14/site-packages/googleapiclient/discovery_cache/documents/customsearch.v1.json
/data/data/com.termux/files/home/GTA/BR/.venv.broken.20260831-112339/lib/python3.14/site-packages/googleapiclient/discovery_cache/documents/databasecenter.v1beta.json
/data/data/com.termux/files/home/GTA/BR/.venv.broken.20260831-112339/lib/python3.14/site-packages/googleapiclient/discovery_cache/documents/datacatalog.v1.json
/data/data/com.termux/files/home/GTA/BR/.venv.broken.20260831-112339/lib/python3.14/site-packages/googleapiclient/discovery_cache/documents/datacatalog.v1beta1.json
/data/data/com.termux/files/home/GTA/BR/.venv.broken.20260831-112339/lib/python3.14/site-packages/googleapiclient/discovery_cache/documents/dataflow.v1b3.json
/data/data/com.termux/files/home/GTA/BR/.venv.broken.20260831-112339/lib/python3.14/site-packages/googleapiclient/discovery_cache/documents/dataform.v1.json
/data/data/com.termux/files/home/GTA/BR/.venv.broken.20260831-112339/lib/python3.14/site-packages/googleapiclient/discovery_cache/documents/dataform.v1beta1.json
/data/data/com.termux/files/home/GTA/BR/.venv.broken.20260831-112339/lib/python3.14/site-packages/googleapiclient/discovery_cache/documents/datafusion.v1.json
/data/data/com.termux/files/home/GTA/BR/.venv.broken.20260831-112339/lib/python3.14/site-packages/googleapiclient/discovery_cache/documents/datafusion.v1beta1.json
/data/data/com.termux/files/home/GTA/BR/.venv.broken.20260831-112339/lib/python3.14/site-packages/googleapiclient/discovery_cache/documents/datalabeling.v1beta1.json
/data/data/com.termux/files/home/GTA/BR/.venv.broken.20260831-112339/lib/python3.14/site-packages/googleapiclient/discovery_cache/documents/datalineage.v1.json
/data/data/com.termux/files/home/GTA/BR/.venv.broken.20260831-112339/lib/python3.14/site-packages/googleapiclient/discovery_cache/documents/datamanager.v1.json
/data/data/com.termux/files/home/GTA/BR/.venv.broken.20260831-112339/lib/python3.14/site-packages/googleapiclient/discovery_cache/documents/datamigration.v1.json
/data/data/com.termux/files/home/GTA/BR/.venv.broken.20260831-112339/lib/python3.14/site-packages/googleapiclient/discovery_cache/documents/datamigration.v1beta1.json
/data/data/com.termux/files/home/GTA/BR/.venv.broken.20260831-112339/lib/python3.14/site-packages/googleapiclient/discovery_cache/documents/datapipelines.v1.json
/data/data/com.termux/files/home/GTA/BR/.venv.broken.20260831-112339/lib/python3.14/site-packages/googleapiclient/discovery_cache/documents/dataplex.v1.json
/data/data/com.termux/files/home/GTA/BR/.venv.broken.20260831-112339/lib/python3.14/site-packages/googleapiclient/discovery_cache/documents/dataportability.v1.json
/data/data/com.termux/files/home/GTA/BR/.venv.broken.20260831-112339/lib/python3.14/site-packages/googleapiclient/discovery_cache/documents/dataportability.v1beta.json
/data/data/com.termux/files/home/GTA/BR/.venv.broken.20260831-112339/lib/python3.14/site-packages/googleapiclient/discovery_cache/documents/dataproc.v1.json
/data/data/com.termux/files/home/GTA/BR/.venv.broken.20260831-112339/lib/python3.14/site-packages/googleapiclient/discovery_cache/documents/dataproc.v1beta2.json
/data/data/com.termux/files/home/GTA/BR/.venv.broken.20260831-112339/lib/python3.14/site-packages/googleapiclient/discovery_cache/documents/datastore.v1.json
/data/data/com.termux/files/home/GTA/BR/.venv.broken.20260831-112339/lib/python3.14/site-packages/googleapiclient/discovery_cache/documents/datastore.v1beta1.json
/data/data/com.termux/files/home/GTA/BR/.venv.broken.20260831-112339/lib/python3.14/site-packages/googleapiclient/discovery_cache/documents/datastore.v1beta3.json
/data/data/com.termux/files/home/GTA/BR/.venv.broken.20260831-112339/lib/python3.14/site-packages/googleapiclient/discovery_cache/documents/datastream.v1.json
/data/data/com.termux/files/home/GTA/BR/.venv.broken.20260831-112339/lib/python3.14/site-packages/googleapiclient/discovery_cache/documents/datastream.v1alpha1.json
/data/data/com.termux/files/home/GTA/BR/.venv.broken.20260831-112339/lib/python3.14/site-packages/googleapiclient/discovery_cache/documents/deploymentmanager.alpha.json
/data/data/com.termux/files/home/GTA/BR/.venv.broken.20260831-112339/lib/python3.14/site-packages/googleapiclient/discovery_cache/documents/deploymentmanager.v2.json
/data/data/com.termux/files/home/GTA/BR/.venv.broken.20260831-112339/lib/python3.14/site-packages/googleapiclient/discovery_cache/documents/deploymentmanager.v2beta.json
/data/data/com.termux/files/home/GTA/BR/.venv.broken.20260831-112339/lib/python3.14/site-packages/googleapiclient/discovery_cache/documents/developerconnect.v1.json
/data/data/com.termux/files/home/GTA/BR/.venv.broken.20260831-112339/lib/python3.14/site-packages/googleapiclient/discovery_cache/documents/developerknowledge.v1.json
/data/data/com.termux/files/home/GTA/BR/.venv.broken.20260831-112339/lib/python3.14/site-packages/googleapiclient/discovery_cache/documents/developerknowledge.v1alpha.json
/data/data/com.termux/files/home/GTA/BR/.venv.broken.20260831-112339/lib/python3.14/site-packages/googleapiclient/discovery_cache/documents/dfareporting.v3.3.json
/data/data/com.termux/files/home/GTA/BR/.venv.broken.20260831-112339/lib/python3.14/site-packages/googleapiclient/discovery_cache/documents/dfareporting.v3.4.json
/data/data/com.termux/files/home/GTA/BR/.venv.broken.20260831-112339/lib/python3.14/site-packages/googleapiclient/discovery_cache/documents/dfareporting.v3.5.json
/data/data/com.termux/files/home/GTA/BR/.venv.broken.20260831-112339/lib/python3.14/site-packages/googleapiclient/discovery_cache/documents/dfareporting.v4.json
/data/data/com.termux/files/home/GTA/BR/.venv.broken.20260831-112339/lib/python3.14/site-packages/googleapiclient/discovery_cache/documents/dfareporting.v5.json
/data/data/com.termux/files/home/GTA/BR/.venv.broken.20260831-112339/lib/python3.14/site-packages/googleapiclient/discovery_cache/documents/dialogflow.v2.json
/data/data/com.termux/files/home/GTA/BR/.venv.broken.20260831-112339/lib/python3.14/site-packages/googleapiclient/discovery_cache/documents/dialogflow.v2beta1.json
/data/data/com.termux/files/home/GTA/BR/.venv.broken.20260831-112339/lib/python3.14/site-packages/googleapiclient/discovery_cache/documents/dialogflow.v3.json
/data/data/com.termux/files/home/GTA/BR/.venv.broken.20260831-112339/lib/python3.14/site-packages/googleapiclient/discovery_cache/documents/dialogflow.v3beta1.json
/data/data/com.termux/files/home/GTA/BR/.venv.broken.20260831-112339/lib/python3.14/site-packages/googleapiclient/discovery_cache/documents/digitalassetlinks.v1.json
/data/data/com.termux/files/home/GTA/BR/.venv.broken.20260831-112339/lib/python3.14/site-packages/googleapiclient/discovery_cache/documents/discovery.v1.json
/data/data/com.termux/files/home/GTA/BR/.venv.broken.20260831-112339/lib/python3.14/site-packages/googleapiclient/discovery_cache/documents/discoveryengine.v1.json
/data/data/com.termux/files/home/GTA/BR/.venv.broken.20260831-112339/lib/python3.14/site-packages/googleapiclient/discovery_cache/documents/discoveryengine.v1alpha.json
/data/data/com.termux/files/home/GTA/BR/.venv.broken.20260831-112339/lib/python3.14/site-packages/googleapiclient/discovery_cache/documents/discoveryengine.v1beta.json
/data/data/com.termux/files/home/GTA/BR/.venv.broken.20260831-112339/lib/python3.14/site-packages/googleapiclient/discovery_cache/documents/displayvideo.v1.json
/data/data/com.termux/files/home/GTA/BR/.venv.broken.20260831-112339/lib/python3.14/site-packages/googleapiclient/discovery_cache/documents/displayvideo.v2.json
/data/data/com.termux/files/home/GTA/BR/.venv.broken.20260831-112339/lib/python3.14/site-packages/googleapiclient/discovery_cache/documents/displayvideo.v3.json
/data/data/com.termux/files/home/GTA/BR/.venv.broken.20260831-112339/lib/python3.14/site-packages/googleapiclient/discovery_cache/documents/displayvideo.v4.json
/data/data/com.termux/files/home/GTA/BR/.venv.broken.20260831-112339/lib/python3.14/site-packages/googleapiclient/discovery_cache/documents/dlp.v2.json
/data/data/com.termux/files/home/GTA/BR/.venv.broken.20260831-112339/lib/python3.14/site-packages/googleapiclient/discovery_cache/documents/dns.v1.json
/data/data/com.termux/files/home/GTA/BR/.venv.broken.20260831-112339/lib/python3.14/site-packages/googleapiclient/discovery_cache/documents/dns.v1beta2.json
/data/data/com.termux/files/home/GTA/BR/.venv.broken.20260831-112339/lib/python3.14/site-packages/googleapiclient/discovery_cache/documents/dns.v2.json
/data/data/com.termux/files/home/GTA/BR/.venv.broken.20260831-112339/lib/python3.14/site-packages/googleapiclient/discovery_cache/documents/docs.v1.json
/data/data/com.termux/files/home/GTA/BR/.venv.broken.20260831-112339/lib/python3.14/site-packages/googleapiclient/discovery_cache/documents/documentai.v1.json
/data/data/com.termux/files/home/GTA/BR/.venv.broken.20260831-112339/lib/python3.14/site-packages/googleapiclient/discovery_cache/documents/documentai.v1beta2.json
/data/data/com.termux/files/home/GTA/BR/.venv.broken.20260831-112339/lib/python3.14/site-packages/googleapiclient/discovery_cache/documents/documentai.v1beta3.json
/data/data/com.termux/files/home/GTA/BR/.venv.broken.20260831-112339/lib/python3.14/site-packages/googleapiclient/discovery_cache/documents/domains.v1.json
/data/data/com.termux/files/home/GTA/BR/.venv.broken.20260831-112339/lib/python3.14/site-packages/googleapiclient/discovery_cache/documents/domains.v1alpha2.json
/data/data/com.termux/files/home/GTA/BR/.venv.broken.20260831-112339/lib/python3.14/site-packages/googleapiclient/discovery_cache/documents/domains.v1beta1.json
/data/data/com.termux/files/home/GTA/BR/.venv.broken.20260831-112339/lib/python3.14/site-packages/googleapiclient/discovery_cache/documents/domainsrdap.v1.json
/data/data/com.termux/files/home/GTA/BR/.venv.broken.20260831-112339/lib/python3.14/site-packages/googleapiclient/discovery_cache/documents/doubleclickbidmanager.v1.1.json
/data/data/com.termux/files/home/GTA/BR/.venv.broken.20260831-112339/lib/python3.14/site-packages/googleapiclient/discovery_cache/documents/doubleclickbidmanager.v1.json
/data/data/com.termux/files/home/GTA/BR/.venv.broken.20260831-112339/lib/python3.14/site-packages/googleapiclient/discovery_cache/documents/doubleclickbidmanager.v2.json
/data/data/com.termux/files/home/GTA/BR/.venv.broken.20260831-112339/lib/python3.14/site-packages/googleapiclient/discovery_cache/documents/doubleclicksearch.v2.json
/data/data/com.termux/files/home/GTA/BR/.venv.broken.20260831-112339/lib/python3.14/site-packages/googleapiclient/discovery_cache/documents/drive.v2.json
/data/data/com.termux/files/home/GTA/BR/.venv.broken.20260831-112339/lib/python3.14/site-packages/googleapiclient/discovery_cache/documents/drive.v3.json
/data/data/com.termux/files/home/GTA/BR/.venv.broken.20260831-112339/lib/python3.14/site-packages/googleapiclient/discovery_cache/documents/driveactivity.v2.json
/data/data/com.termux/files/home/GTA/BR/.venv.broken.20260831-112339/lib/python3.14/site-packages/googleapiclient/discovery_cache/documents/drivelabels.v2.json
/data/data/com.termux/files/home/GTA/BR/.venv.broken.20260831-112339/lib/python3.14/site-packages/googleapiclient/discovery_cache/documents/drivelabels.v2beta.json
/data/data/com.termux/files/home/GTA/BR/.venv.broken.20260831-112339/lib/python3.14/site-packages/googleapiclient/discovery_cache/documents/essentialcontacts.v1.json
/data/data/com.termux/files/home/GTA/BR/.venv.broken.20260831-112339/lib/python3.14/site-packages/googleapiclient/discovery_cache/documents/eventarc.v1.json
/data/data/com.termux/files/home/GTA/BR/.venv.broken.20260831-112339/lib/python3.14/site-packages/googleapiclient/discovery_cache/documents/eventarc.v1beta1.json
/data/data/com.termux/files/home/GTA/BR/.venv.broken.20260831-112339/lib/python3.14/site-packages/googleapiclient/discovery_cache/documents/factchecktools.v1alpha1.json
/data/data/com.termux/files/home/GTA/BR/.venv.broken.20260831-112339/lib/python3.14/site-packages/googleapiclient/discovery_cache/documents/fcm.v1.json
/data/data/com.termux/files/home/GTA/BR/.venv.broken.20260831-112339/lib/python3.14/site-packages/googleapiclient/discovery_cache/documents/fcmdata.v1beta1.json
/data/data/com.termux/files/home/GTA/BR/.venv.broken.20260831-112339/lib/python3.14/site-packages/googleapiclient/discovery_cache/documents/file.v1.json
/data/data/com.termux/files/home/GTA/BR/.venv.broken.20260831-112339/lib/python3.14/site-packages/googleapiclient/discovery_cache/documents/file.v1beta1.json
/data/data/com.termux/files/home/GTA/BR/.venv.broken.20260831-112339/lib/python3.14/site-packages/googleapiclient/discovery_cache/documents/firebase.v1beta1.json
/data/data/com.termux/files/home/GTA/BR/.venv.broken.20260831-112339/lib/python3.14/site-packages/googleapiclient/discovery_cache/documents/firebaseappcheck.v1.json
/data/data/com.termux/files/home/GTA/BR/.venv.broken.20260831-112339/lib/python3.14/site-packages/googleapiclient/discovery_cache/documents/firebaseappcheck.v1beta.json
/data/data/com.termux/files/home/GTA/BR/.venv.broken.20260831-112339/lib/python3.14/site-packages/googleapiclient/discovery_cache/documents/firebaseappdistribution.v1.json
/data/data/com.termux/files/home/GTA/BR/.venv.broken.20260831-112339/lib/python3.14/site-packages/googleapiclient/discovery_cache/documents/firebaseappdistribution.v1alpha.json
/data/data/com.termux/files/home/GTA/BR/.venv.broken.20260831-112339/lib/python3.14/site-packages/googleapiclient/discovery_cache/documents/firebaseapphosting.v1.json
/data/data/com.termux/files/home/GTA/BR/.venv.broken.20260831-112339/lib/python3.14/site-packages/googleapiclient/discovery_cache/documents/firebaseapphosting.v1beta.json
/data/data/com.termux/files/home/GTA/BR/.venv.broken.20260831-112339/lib/python3.14/site-packages/googleapiclient/discovery_cache/documents/firebasecrashlytics.v1alpha.json
/data/data/com.termux/files/home/GTA/BR/.venv.broken.20260831-112339/lib/python3.14/site-packages/googleapiclient/discovery_cache/documents/firebasedatabase.v1beta.json
/data/data/com.termux/files/home/GTA/BR/.venv.broken.20260831-112339/lib/python3.14/site-packages/googleapiclient/discovery_cache/documents/firebasedataconnect.v1.json
/data/data/com.termux/files/home/GTA/BR/.venv.broken.20260831-112339/lib/python3.14/site-packages/googleapiclient/discovery_cache/documents/firebasedataconnect.v1beta.json
/data/data/com.termux/files/home/GTA/BR/.venv.broken.20260831-112339/lib/python3.14/site-packages/googleapiclient/discovery_cache/documents/firebasedynamiclinks.v1.json
/data/data/com.termux/files/home/GTA/BR/.venv.broken.20260831-112339/lib/python3.14/site-packages/googleapiclient/discovery_cache/documents/firebasehosting.v1.json
/data/data/com.termux/files/home/GTA/BR/.venv.broken.20260831-112339/lib/python3.14/site-packages/googleapiclient/discovery_cache/documents/firebasehosting.v1beta1.json
/data/data/com.termux/files/home/GTA/BR/.venv.broken.20260831-112339/lib/python3.14/site-packages/googleapiclient/discovery_cache/documents/firebaseml.v1.json
/data/data/com.termux/files/home/GTA/BR/.venv.broken.20260831-112339/lib/python3.14/site-packages/googleapiclient/discovery_cache/documents/firebaseml.v1beta2.json
/data/data/com.termux/files/home/GTA/BR/.venv.broken.20260831-112339/lib/python3.14/site-packages/googleapiclient/discovery_cache/documents/firebaseml.v2beta.json
/data/data/com.termux/files/home/GTA/BR/.venv.broken.20260831-112339/lib/python3.14/site-packages/googleapiclient/discovery_cache/documents/firebaserules.v1.json
/data/data/com.termux/files/home/GTA/BR/.venv.broken.20260831-112339/lib/python3.14/site-packages/googleapiclient/discovery_cache/documents/firebasestorage.v1beta.json
/data/data/com.termux/files/home/GTA/BR/.venv.broken.20260831-112339/lib/python3.14/site-packages/googleapiclient/discovery_cache/documents/firestore.v1.json
/data/data/com.termux/files/home/GTA/BR/.venv.broken.20260831-112339/lib/python3.14/site-packages/googleapiclient/discovery_cache/documents/firestore.v1beta1.json
/data/data/com.termux/files/home/GTA/BR/.venv.broken.20260831-112339/lib/python3.14/site-packages/googleapiclient/discovery_cache/documents/firestore.v1beta2.json
/data/data/com.termux/files/home/GTA/BR/.venv.broken.20260831-112339/lib/python3.14/site-packages/googleapiclient/discovery_cache/documents/fitness.v1.json
/data/data/com.termux/files/home/GTA/BR/.venv.broken.20260831-112339/lib/python3.14/site-packages/googleapiclient/discovery_cache/documents/forms.v1.json
/data/data/com.termux/files/home/GTA/BR/.venv.broken.20260831-112339/lib/python3.14/site-packages/googleapiclient/discovery_cache/documents/ftp.v1.json
/data/data/com.termux/files/home/GTA/BR/.venv.broken.20260831-112339/lib/python3.14/site-packages/googleapiclient/discovery_cache/documents/ftp.v1alpha.json
/data/data/com.termux/files/home/GTA/BR/.venv.broken.20260831-112339/lib/python3.14/site-packages/googleapiclient/discovery_cache/documents/games.v1.json
/data/data/com.termux/files/home/GTA/BR/.venv.broken.20260831-112339/lib/python3.14/site-packages/googleapiclient/discovery_cache/documents/gamesConfiguration.v1configuration.json
/data/data/com.termux/files/home/GTA/BR/.venv.broken.20260831-112339/lib/python3.14/site-packages/googleapiclient/discovery_cache/documents/gamesManagement.v1management.json
/data/data/com.termux/files/home/GTA/BR/.venv.broken.20260831-112339/lib/python3.14/site-packages/googleapiclient/discovery_cache/documents/gameservices.v1.json
/data/data/com.termux/files/home/GTA/BR/.venv.broken.20260831-112339/lib/python3.14/site-packages/googleapiclient/discovery_cache/documents/gameservices.v1beta.json
/data/data/com.termux/files/home/GTA/BR/.venv.broken.20260831-112339/lib/python3.14/site-packages/googleapiclient/discovery_cache/documents/genomics.v1.json
/data/data/com.termux/files/home/GTA/BR/.venv.broken.20260831-112339/lib/python3.14/site-packages/googleapiclient/discovery_cache/documents/genomics.v1alpha2.json
/data/data/com.termux/files/home/GTA/BR/.venv.broken.20260831-112339/lib/python3.14/site-packages/googleapiclient/discovery_cache/documents/genomics.v2alpha1.json
/data/data/com.termux/files/home/GTA/BR/.venv.broken.20260831-112339/lib/python3.14/site-packages/googleapiclient/discovery_cache/documents/gkebackup.v1.json
/data/data/com.termux/files/home/GTA/BR/.venv.broken.20260831-112339/lib/python3.14/site-packages/googleapiclient/discovery_cache/documents/gkehub.v1.json
/data/data/com.termux/files/home/GTA/BR/.venv.broken.20260831-112339/lib/python3.14/site-packages/googleapiclient/discovery_cache/documents/gkehub.v1alpha.json
/data/data/com.termux/files/home/GTA/BR/.venv.broken.20260831-112339/lib/python3.14/site-packages/googleapiclient/discovery_cache/documents/gkehub.v1alpha2.json
/data/data/com.termux/files/home/GTA/BR/.venv.broken.20260831-112339/lib/python3.14/site-packages/googleapiclient/discovery_cache/documents/gkehub.v1beta.json
/data/data/com.termux/files/home/GTA/BR/.venv.broken.20260831-112339/lib/python3.14/site-packages/googleapiclient/discovery_cache/documents/gkehub.v1beta1.json
/data/data/com.termux/files/home/GTA/BR/.venv.broken.20260831-112339/lib/python3.14/site-packages/googleapiclient/discovery_cache/documents/gkehub.v2.json
/data/data/com.termux/files/home/GTA/BR/.venv.broken.20260831-112339/lib/python3.14/site-packages/googleapiclient/discovery_cache/documents/gkehub.v2alpha.json
/data/data/com.termux/files/home/GTA/BR/.venv.broken.20260831-112339/lib/python3.14/site-packages/googleapiclient/discovery_cache/documents/gkehub.v2beta.json
/data/data/com.termux/files/home/GTA/BR/.venv.broken.20260831-112339/lib/python3.14/site-packages/googleapiclient/discovery_cache/documents/gkeonprem.v1.json
/data/data/com.termux/files/home/GTA/BR/.venv.broken.20260831-112339/lib/python3.14/site-packages/googleapiclient/discovery_cache/documents/gmail.v1.json
/data/data/com.termux/files/home/GTA/BR/.venv.broken.20260831-112339/lib/python3.14/site-packages/googleapiclient/discovery_cache/documents/gmailpostmastertools.v1.json
/data/data/com.termux/files/home/GTA/BR/.venv.broken.20260831-112339/lib/python3.14/site-packages/googleapiclient/discovery_cache/documents/gmailpostmastertools.v1beta1.json
/data/data/com.termux/files/home/GTA/BR/.venv.broken.20260831-112339/lib/python3.14/site-packages/googleapiclient/discovery_cache/documents/gmailpostmastertools.v2.json
/data/data/com.termux/files/home/GTA/BR/.venv.broken.20260831-112339/lib/python3.14/site-packages/googleapiclient/discovery_cache/documents/groupsmigration.v1.json
/data/data/com.termux/files/home/GTA/BR/.venv.broken.20260831-112339/lib/python3.14/site-packages/googleapiclient/discovery_cache/documents/groupssettings.v1.json
/data/data/com.termux/files/home/GTA/BR/.venv.broken.20260831-112339/lib/python3.14/site-packages/googleapiclient/discovery_cache/documents/health.v4.json
/data/data/com.termux/files/home/GTA/BR/.venv.broken.20260831-112339/lib/python3.14/site-packages/googleapiclient/discovery_cache/documents/healthcare.v1.json
/data/data/com.termux/files/home/GTA/BR/.venv.broken.20260831-112339/lib/python3.14/site-packages/googleapiclient/discovery_cache/documents/healthcare.v1beta1.json
/data/data/com.termux/files/home/GTA/BR/.venv.broken.20260831-112339/lib/python3.14/site-packages/googleapiclient/discovery_cache/documents/homegraph.v1.json
/data/data/com.termux/files/home/GTA/BR/.venv.broken.20260831-112339/lib/python3.14/site-packages/googleapiclient/discovery_cache/documents/hypercomputecluster.v1.json
/data/data/com.termux/files/home/GTA/BR/.venv.broken.20260831-112339/lib/python3.14/site-packages/googleapiclient/discovery_cache/documents/iam.v1.json
/data/data/com.termux/files/home/GTA/BR/.venv.broken.20260831-112339/lib/python3.14/site-packages/googleapiclient/discovery_cache/documents/iam.v2.json
/data/data/com.termux/files/home/GTA/BR/.venv.broken.20260831-112339/lib/python3.14/site-packages/googleapiclient/discovery_cache/documents/iam.v2beta.json
/data/data/com.termux/files/home/GTA/BR/.venv.broken.20260831-112339/lib/python3.14/site-packages/googleapiclient/discovery_cache/documents/iamcredentials.v1.json
/data/data/com.termux/files/home/GTA/BR/.venv.broken.20260831-112339/lib/python3.14/site-packages/googleapiclient/discovery_cache/documents/iap.v1.json
/data/data/com.termux/files/home/GTA/BR/.venv.broken.20260831-112339/lib/python3.14/site-packages/googleapiclient/discovery_cache/documents/iap.v1beta1.json
/data/data/com.termux/files/home/GTA/BR/.venv.broken.20260831-112339/lib/python3.14/site-packages/googleapiclient/discovery_cache/documents/ideahub.v1alpha.json
/data/data/com.termux/files/home/GTA/BR/.venv.broken.20260831-112339/lib/python3.14/site-packages/googleapiclient/discovery_cache/documents/ideahub.v1beta.json
/data/data/com.termux/files/home/GTA/BR/.venv.broken.20260831-112339/lib/python3.14/site-packages/googleapiclient/discovery_cache/documents/identitytoolkit.v1.json
/data/data/com.termux/files/home/GTA/BR/.venv.broken.20260831-112339/lib/python3.14/site-packages/googleapiclient/discovery_cache/documents/identitytoolkit.v2.json
/data/data/com.termux/files/home/GTA/BR/.venv.broken.20260831-112339/lib/python3.14/site-packages/googleapiclient/discovery_cache/documents/identitytoolkit.v3.json
/data/data/com.termux/files/home/GTA/BR/.venv.broken.20260831-112339/lib/python3.14/site-packages/googleapiclient/discovery_cache/documents/ids.v1.json
/data/data/com.termux/files/home/GTA/BR/.venv.broken.20260831-112339/lib/python3.14/site-packages/googleapiclient/discovery_cache/documents/index.json
/data/data/com.termux/files/home/GTA/BR/.venv.broken.20260831-112339/lib/python3.14/site-packages/googleapiclient/discovery_cache/documents/indexing.v3.json
/data/data/com.termux/files/home/GTA/BR/.venv.broken.20260831-112339/lib/python3.14/site-packages/googleapiclient/discovery_cache/documents/integrations.v1.json
/data/data/com.termux/files/home/GTA/BR/.venv.broken.20260831-112339/lib/python3.14/site-packages/googleapiclient/discovery_cache/documents/integrations.v1alpha.json
/data/data/com.termux/files/home/GTA/BR/.venv.broken.20260831-112339/lib/python3.14/site-packages/googleapiclient/discovery_cache/documents/jobs.v2.json
/data/data/com.termux/files/home/GTA/BR/.venv.broken.20260831-112339/lib/python3.14/site-packages/googleapiclient/discovery_cache/documents/jobs.v3.json
/data/data/com.termux/files/home/GTA/BR/.venv.broken.20260831-112339/lib/python3.14/site-packages/googleapiclient/discovery_cache/documents/jobs.v3p1beta1.json
/data/data/com.termux/files/home/GTA/BR/.venv.broken.20260831-112339/lib/python3.14/site-packages/googleapiclient/discovery_cache/documents/jobs.v4.json
/data/data/com.termux/files/home/GTA/BR/.venv.broken.20260831-112339/lib/python3.14/site-packages/googleapiclient/discovery_cache/documents/keep.v1.json
/data/data/com.termux/files/home/GTA/BR/.venv.broken.20260831-112339/lib/python3.14/site-packages/googleapiclient/discovery_cache/documents/kgsearch.v1.json
/data/data/com.termux/files/home/GTA/BR/.venv.broken.20260831-112339/lib/python3.14/site-packages/googleapiclient/discovery_cache/documents/kmsinventory.v1.json
/data/data/com.termux/files/home/GTA/BR/.venv.broken.20260831-112339/lib/python3.14/site-packages/googleapiclient/discovery_cache/documents/language.v1.json
/data/data/com.termux/files/home/GTA/BR/.venv.broken.20260831-112339/lib/python3.14/site-packages/googleapiclient/discovery_cache/documents/language.v1beta1.json
/data/data/com.termux/files/home/GTA/BR/.venv.broken.20260831-112339/lib/python3.14/site-packages/googleapiclient/discovery_cache/documents/language.v1beta2.json
/data/data/com.termux/files/home/GTA/BR/.venv.broken.20260831-112339/lib/python3.14/site-packages/googleapiclient/discovery_cache/documents/language.v2.json
/data/data/com.termux/files/home/GTA/BR/.venv.broken.20260831-112339/lib/python3.14/site-packages/googleapiclient/discovery_cache/documents/libraryagent.v1.json
/data/data/com.termux/files/home/GTA/BR/.venv.broken.20260831-112339/lib/python3.14/site-packages/googleapiclient/discovery_cache/documents/licensing.v1.json
/data/data/com.termux/files/home/GTA/BR/.venv.broken.20260831-112339/lib/python3.14/site-packages/googleapiclient/discovery_cache/documents/lifesciences.v2beta.json
/data/data/com.termux/files/home/GTA/BR/.venv.broken.20260831-112339/lib/python3.14/site-packages/googleapiclient/discovery_cache/documents/localservices.v1.json
/data/data/com.termux/files/home/GTA/BR/.venv.broken.20260831-112339/lib/python3.14/site-packages/googleapiclient/discovery_cache/documents/logging.v2.json
/data/data/com.termux/files/home/GTA/BR/.venv.broken.20260831-112339/lib/python3.14/site-packages/googleapiclient/discovery_cache/documents/looker.v1.json
/data/data/com.termux/files/home/GTA/BR/.venv.broken.20260831-112339/lib/python3.14/site-packages/googleapiclient/discovery_cache/documents/managedidentities.v1.json
/data/data/com.termux/files/home/GTA/BR/.venv.broken.20260831-112339/lib/python3.14/site-packages/googleapiclient/discovery_cache/documents/managedidentities.v1alpha1.json
/data/data/com.termux/files/home/GTA/BR/.venv.broken.20260831-112339/lib/python3.14/site-packages/googleapiclient/discovery_cache/documents/managedidentities.v1beta1.json
/data/data/com.termux/files/home/GTA/BR/.venv.broken.20260831-112339/lib/python3.14/site-packages/googleapiclient/discovery_cache/documents/managedkafka.v1.json
/data/data/com.termux/files/home/GTA/BR/.venv.broken.20260831-112339/lib/python3.14/site-packages/googleapiclient/discovery_cache/documents/manufacturers.v1.json
/data/data/com.termux/files/home/GTA/BR/.venv.broken.20260831-112339/lib/python3.14/site-packages/googleapiclient/discovery_cache/documents/marketingplatformadmin.v1alpha.json
/data/data/com.termux/files/home/GTA/BR/.venv.broken.20260831-112339/lib/python3.14/site-packages/googleapiclient/discovery_cache/documents/meet.v2.json
/data/data/com.termux/files/home/GTA/BR/.venv.broken.20260831-112339/lib/python3.14/site-packages/googleapiclient/discovery_cache/documents/memcache.v1.json
/data/data/com.termux/files/home/GTA/BR/.venv.broken.20260831-112339/lib/python3.14/site-packages/googleapiclient/discovery_cache/documents/memcache.v1beta2.json
/data/data/com.termux/files/home/GTA/BR/.venv.broken.20260831-112339/lib/python3.14/site-packages/googleapiclient/discovery_cache/documents/merchantapi.accounts_v1.json
/data/data/com.termux/files/home/GTA/BR/.venv.broken.20260831-112339/lib/python3.14/site-packages/googleapiclient/discovery_cache/documents/merchantapi.accounts_v1beta.json
/data/data/com.termux/files/home/GTA/BR/.venv.broken.20260831-112339/lib/python3.14/site-packages/googleapiclient/discovery_cache/documents/merchantapi.conversions_v1.json
/data/data/com.termux/files/home/GTA/BR/.venv.broken.20260831-112339/lib/python3.14/site-packages/googleapiclient/discovery_cache/documents/merchantapi.conversions_v1beta.json
/data/data/com.termux/files/home/GTA/BR/.venv.broken.20260831-112339/lib/python3.14/site-packages/googleapiclient/discovery_cache/documents/merchantapi.datasources_v1.json
/data/data/com.termux/files/home/GTA/BR/.venv.broken.20260831-112339/lib/python3.14/site-packages/googleapiclient/discovery_cache/documents/merchantapi.datasources_v1beta.json
/data/data/com.termux/files/home/GTA/BR/.venv.broken.20260831-112339/lib/python3.14/site-packages/googleapiclient/discovery_cache/documents/merchantapi.inventories_v1.json
/data/data/com.termux/files/home/GTA/BR/.venv.broken.20260831-112339/lib/python3.14/site-packages/googleapiclient/discovery_cache/documents/merchantapi.inventories_v1beta.json
/data/data/com.termux/files/home/GTA/BR/.venv.broken.20260831-112339/lib/python3.14/site-packages/googleapiclient/discovery_cache/documents/merchantapi.issueresolution_v1.json
/data/data/com.termux/files/home/GTA/BR/.venv.broken.20260831-112339/lib/python3.14/site-packages/googleapiclient/discovery_cache/documents/merchantapi.issueresolution_v1beta.json
/data/data/com.termux/files/home/GTA/BR/.venv.broken.20260831-112339/lib/python3.14/site-packages/googleapiclient/discovery_cache/documents/merchantapi.lfp_v1.json
/data/data/com.termux/files/home/GTA/BR/.venv.broken.20260831-112339/lib/python3.14/site-packages/googleapiclient/discovery_cache/documents/merchantapi.lfp_v1beta.json
/data/data/com.termux/files/home/GTA/BR/.venv.broken.20260831-112339/lib/python3.14/site-packages/googleapiclient/discovery_cache/documents/merchantapi.loyaltycustomers_v1.json
/data/data/com.termux/files/home/GTA/BR/.venv.broken.20260831-112339/lib/python3.14/site-packages/googleapiclient/discovery_cache/documents/merchantapi.notifications_v1.json
/data/data/com.termux/files/home/GTA/BR/.venv.broken.20260831-112339/lib/python3.14/site-packages/googleapiclient/discovery_cache/documents/merchantapi.notifications_v1beta.json
/data/data/com.termux/files/home/GTA/BR/.venv.broken.20260831-112339/lib/python3.14/site-packages/googleapiclient/discovery_cache/documents/merchantapi.ordertracking_v1.json
/data/data/com.termux/files/home/GTA/BR/.venv.broken.20260831-112339/lib/python3.14/site-packages/googleapiclient/discovery_cache/documents/merchantapi.ordertracking_v1beta.json
/data/data/com.termux/files/home/GTA/BR/.venv.broken.20260831-112339/lib/python3.14/site-packages/googleapiclient/discovery_cache/documents/merchantapi.products_v1.json
/data/data/com.termux/files/home/GTA/BR/.venv.broken.20260831-112339/lib/python3.14/site-packages/googleapiclient/discovery_cache/documents/merchantapi.products_v1beta.json
/data/data/com.termux/files/home/GTA/BR/.venv.broken.20260831-112339/lib/python3.14/site-packages/googleapiclient/discovery_cache/documents/merchantapi.promotions_v1.json
/data/data/com.termux/files/home/GTA/BR/.venv.broken.20260831-112339/lib/python3.14/site-packages/googleapiclient/discovery_cache/documents/merchantapi.promotions_v1beta.json
/data/data/com.termux/files/home/GTA/BR/.venv.broken.20260831-112339/lib/python3.14/site-packages/googleapiclient/discovery_cache/documents/merchantapi.quota_v1.json
/data/data/com.termux/files/home/GTA/BR/.venv.broken.20260831-112339/lib/python3.14/site-packages/googleapiclient/discovery_cache/documents/merchantapi.quota_v1beta.json
/data/data/com.termux/files/home/GTA/BR/.venv.broken.20260831-112339/lib/python3.14/site-packages/googleapiclient/discovery_cache/documents/merchantapi.reports_v1.json
/data/data/com.termux/files/home/GTA/BR/.venv.broken.20260831-112339/lib/python3.14/site-packages/googleapiclient/discovery_cache/documents/merchantapi.reports_v1beta.json
/data/data/com.termux/files/home/GTA/BR/.venv.broken.20260831-112339/lib/python3.14/site-packages/googleapiclient/discovery_cache/documents/merchantapi.reviews_v1beta.json
/data/data/com.termux/files/home/GTA/BR/.venv.broken.20260831-112339/lib/python3.14/site-packages/googleapiclient/discovery_cache/documents/metastore.v1.json
/data/data/com.termux/files/home/GTA/BR/.venv.broken.20260831-112339/lib/python3.14/site-packages/googleapiclient/discovery_cache/documents/metastore.v1alpha.json
/data/data/com.termux/files/home/GTA/BR/.venv.broken.20260831-112339/lib/python3.14/site-packages/googleapiclient/discovery_cache/documents/metastore.v1beta.json
/data/data/com.termux/files/home/GTA/BR/.venv.broken.20260831-112339/lib/python3.14/site-packages/googleapiclient/discovery_cache/documents/metastore.v2.json
/data/data/com.termux/files/home/GTA/BR/.venv.broken.20260831-112339/lib/python3.14/site-packages/googleapiclient/discovery_cache/documents/metastore.v2alpha.json
/data/data/com.termux/files/home/GTA/BR/.venv.broken.20260831-112339/lib/python3.14/site-packages/googleapiclient/discovery_cache/documents/metastore.v2beta.json
/data/data/com.termux/files/home/GTA/BR/.venv.broken.20260831-112339/lib/python3.14/site-packages/googleapiclient/discovery_cache/documents/migrationcenter.v1.json
/data/data/com.termux/files/home/GTA/BR/.venv.broken.20260831-112339/lib/python3.14/site-packages/googleapiclient/discovery_cache/documents/migrationcenter.v1alpha1.json
/data/data/com.termux/files/home/GTA/BR/.venv.broken.20260831-112339/lib/python3.14/site-packages/googleapiclient/discovery_cache/documents/ml.v1.json
/data/data/com.termux/files/home/GTA/BR/.venv.broken.20260831-112339/lib/python3.14/site-packages/googleapiclient/discovery_cache/documents/monitoring.v1.json
/data/data/com.termux/files/home/GTA/BR/.venv.broken.20260831-112339/lib/python3.14/site-packages/googleapiclient/discovery_cache/documents/monitoring.v3.json
/data/data/com.termux/files/home/GTA/BR/.venv.broken.20260831-112339/lib/python3.14/site-packages/googleapiclient/discovery_cache/documents/mybusinessaccountmanagement.v1.json
/data/data/com.termux/files/home/GTA/BR/.venv.broken.20260831-112339/lib/python3.14/site-packages/googleapiclient/discovery_cache/documents/mybusinessbusinesscalls.v1.json
/data/data/com.termux/files/home/GTA/BR/.venv.broken.20260831-112339/lib/python3.14/site-packages/googleapiclient/discovery_cache/documents/mybusinessbusinessinformation.v1.json
/data/data/com.termux/files/home/GTA/BR/.venv.broken.20260831-112339/lib/python3.14/site-packages/googleapiclient/discovery_cache/documents/mybusinesslodging.v1.json
/data/data/com.termux/files/home/GTA/BR/.venv.broken.20260831-112339/lib/python3.14/site-packages/googleapiclient/discovery_cache/documents/mybusinessnotifications.v1.json
/data/data/com.termux/files/home/GTA/BR/.venv.broken.20260831-112339/lib/python3.14/site-packages/googleapiclient/discovery_cache/documents/mybusinessplaceactions.v1.json
/data/data/com.termux/files/home/GTA/BR/.venv.broken.20260831-112339/lib/python3.14/site-packages/googleapiclient/discovery_cache/documents/mybusinessqanda.v1.json
/data/data/com.termux/files/home/GTA/BR/.venv.broken.20260831-112339/lib/python3.14/site-packages/googleapiclient/discovery_cache/documents/mybusinessverifications.v1.json
/data/data/com.termux/files/home/GTA/BR/.venv.broken.20260831-112339/lib/python3.14/site-packages/googleapiclient/discovery_cache/documents/netapp.v1.json
/data/data/com.termux/files/home/GTA/BR/.venv.broken.20260831-112339/lib/python3.14/site-packages/googleapiclient/discovery_cache/documents/netapp.v1beta1.json
/data/data/com.termux/files/home/GTA/BR/.venv.broken.20260831-112339/lib/python3.14/site-packages/googleapiclient/discovery_cache/documents/networkconnectivity.v1.json
/data/data/com.termux/files/home/GTA/BR/.venv.broken.20260831-112339/lib/python3.14/site-packages/googleapiclient/discovery_cache/documents/networkconnectivity.v1alpha1.json
/data/data/com.termux/files/home/GTA/BR/.venv.broken.20260831-112339/lib/python3.14/site-packages/googleapiclient/discovery_cache/documents/networkmanagement.v1.json
/data/data/com.termux/files/home/GTA/BR/.venv.broken.20260831-112339/lib/python3.14/site-packages/googleapiclient/discovery_cache/documents/networkmanagement.v1beta1.json
/data/data/com.termux/files/home/GTA/BR/.venv.broken.20260831-112339/lib/python3.14/site-packages/googleapiclient/discovery_cache/documents/networksecurity.v1.json
/data/data/com.termux/files/home/GTA/BR/.venv.broken.20260831-112339/lib/python3.14/site-packages/googleapiclient/discovery_cache/documents/networksecurity.v1beta1.json
/data/data/com.termux/files/home/GTA/BR/.venv.broken.20260831-112339/lib/python3.14/site-packages/googleapiclient/discovery_cache/documents/networkservices.v1.json
/data/data/com.termux/files/home/GTA/BR/.venv.broken.20260831-112339/lib/python3.14/site-packages/googleapiclient/discovery_cache/documents/networkservices.v1beta1.json
/data/data/com.termux/files/home/GTA/BR/.venv.broken.20260831-112339/lib/python3.14/site-packages/googleapiclient/discovery_cache/documents/notebooks.v1.json
/data/data/com.termux/files/home/GTA/BR/.venv.broken.20260831-112339/lib/python3.14/site-packages/googleapiclient/discovery_cache/documents/notebooks.v2.json
/data/data/com.termux/files/home/GTA/BR/.venv.broken.20260831-112339/lib/python3.14/site-packages/googleapiclient/discovery_cache/documents/oauth2.v2.json
/data/data/com.termux/files/home/GTA/BR/.venv.broken.20260831-112339/lib/python3.14/site-packages/googleapiclient/discovery_cache/documents/observability.v1.json
/data/data/com.termux/files/home/GTA/BR/.venv.broken.20260831-112339/lib/python3.14/site-packages/googleapiclient/discovery_cache/documents/ondemandscanning.v1.json
/data/data/com.termux/files/home/GTA/BR/.venv.broken.20260831-112339/lib/python3.14/site-packages/googleapiclient/discovery_cache/documents/ondemandscanning.v1beta1.json
/data/data/com.termux/files/home/GTA/BR/.venv.broken.20260831-112339/lib/python3.14/site-packages/googleapiclient/discovery_cache/documents/oracledatabase.v1.json
/data/data/com.termux/files/home/GTA/BR/.venv.broken.20260831-112339/lib/python3.14/site-packages/googleapiclient/discovery_cache/documents/orgpolicy.v2.json
/data/data/com.termux/files/home/GTA/BR/.venv.broken.20260831-112339/lib/python3.14/site-packages/googleapiclient/discovery_cache/documents/osconfig.v1.json
/data/data/com.termux/files/home/GTA/BR/.venv.broken.20260831-112339/lib/python3.14/site-packages/googleapiclient/discovery_cache/documents/osconfig.v1alpha.json
/data/data/com.termux/files/home/GTA/BR/.venv.broken.20260831-112339/lib/python3.14/site-packages/googleapiclient/discovery_cache/documents/osconfig.v1beta.json
/data/data/com.termux/files/home/GTA/BR/.venv.broken.20260831-112339/lib/python3.14/site-packages/googleapiclient/discovery_cache/documents/osconfig.v2.json
/data/data/com.termux/files/home/GTA/BR/.venv.broken.20260831-112339/lib/python3.14/site-packages/googleapiclient/discovery_cache/documents/osconfig.v2beta.json
/data/data/com.termux/files/home/GTA/BR/.venv.broken.20260831-112339/lib/python3.14/site-packages/googleapiclient/discovery_cache/documents/oslogin.v1.json
/data/data/com.termux/files/home/GTA/BR/.venv.broken.20260831-112339/lib/python3.14/site-packages/googleapiclient/discovery_cache/documents/oslogin.v1alpha.json
/data/data/com.termux/files/home/GTA/BR/.venv.broken.20260831-112339/lib/python3.14/site-packages/googleapiclient/discovery_cache/documents/oslogin.v1beta.json
/data/data/com.termux/files/home/GTA/BR/.venv.broken.20260831-112339/lib/python3.14/site-packages/googleapiclient/discovery_cache/documents/pagespeedonline.v5.json
/data/data/com.termux/files/home/GTA/BR/.venv.broken.20260831-112339/lib/python3.14/site-packages/googleapiclient/discovery_cache/documents/parallelstore.v1.json
/data/data/com.termux/files/home/GTA/BR/.venv.broken.20260831-112339/lib/python3.14/site-packages/googleapiclient/discovery_cache/documents/parallelstore.v1beta.json
/data/data/com.termux/files/home/GTA/BR/.venv.broken.20260831-112339/lib/python3.14/site-packages/googleapiclient/discovery_cache/documents/parametermanager.v1.json
/data/data/com.termux/files/home/GTA/BR/.venv.broken.20260831-112339/lib/python3.14/site-packages/googleapiclient/discovery_cache/documents/paymentsresellersubscription.v1.json
/data/data/com.termux/files/home/GTA/BR/.venv.broken.20260831-112339/lib/python3.14/site-packages/googleapiclient/discovery_cache/documents/people.v1.json
/data/data/com.termux/files/home/GTA/BR/.venv.broken.20260831-112339/lib/python3.14/site-packages/googleapiclient/discovery_cache/documents/places.v1.json
/data/data/com.termux/files/home/GTA/BR/.venv.broken.20260831-112339/lib/python3.14/site-packages/googleapiclient/discovery_cache/documents/playablelocations.v3.json
/data/data/com.termux/files/home/GTA/BR/.venv.broken.20260831-112339/lib/python3.14/site-packages/googleapiclient/discovery_cache/documents/playcustomapp.v1.json
/data/data/com.termux/files/home/GTA/BR/.venv.broken.20260831-112339/lib/python3.14/site-packages/googleapiclient/discovery_cache/documents/playdeveloperreporting.v1alpha1.json
/data/data/com.termux/files/home/GTA/BR/.venv.broken.20260831-112339/lib/python3.14/site-packages/googleapiclient/discovery_cache/documents/playdeveloperreporting.v1beta1.json
/data/data/com.termux/files/home/GTA/BR/.venv.broken.20260831-112339/lib/python3.14/site-packages/googleapiclient/discovery_cache/documents/playgrouping.v1alpha1.json
/data/data/com.termux/files/home/GTA/BR/.venv.broken.20260831-112339/lib/python3.14/site-packages/googleapiclient/discovery_cache/documents/playintegrity.v1.json
/data/data/com.termux/files/home/GTA/BR/.venv.broken.20260831-112339/lib/python3.14/site-packages/googleapiclient/discovery_cache/documents/policyanalyzer.v1.json
/data/data/com.termux/files/home/GTA/BR/.venv.broken.20260831-112339/lib/python3.14/site-packages/googleapiclient/discovery_cache/documents/policyanalyzer.v1beta1.json
/data/data/com.termux/files/home/GTA/BR/.venv.broken.20260831-112339/lib/python3.14/site-packages/googleapiclient/discovery_cache/documents/policysimulator.v1.json
/data/data/com.termux/files/home/GTA/BR/.venv.broken.20260831-112339/lib/python3.14/site-packages/googleapiclient/discovery_cache/documents/policysimulator.v1alpha.json
/data/data/com.termux/files/home/GTA/BR/.venv.broken.20260831-112339/lib/python3.14/site-packages/googleapiclient/discovery_cache/documents/policysimulator.v1beta.json
/data/data/com.termux/files/home/GTA/BR/.venv.broken.20260831-112339/lib/python3.14/site-packages/googleapiclient/discovery_cache/documents/policysimulator.v1beta1.json
/data/data/com.termux/files/home/GTA/BR/.venv.broken.20260831-112339/lib/python3.14/site-packages/googleapiclient/discovery_cache/documents/policytroubleshooter.v1.json
/data/data/com.termux/files/home/GTA/BR/.venv.broken.20260831-112339/lib/python3.14/site-packages/googleapiclient/discovery_cache/documents/policytroubleshooter.v1beta.json
/data/data/com.termux/files/home/GTA/BR/.venv.broken.20260831-112339/lib/python3.14/site-packages/googleapiclient/discovery_cache/documents/policytroubleshooter.v3.json
/data/data/com.termux/files/home/GTA/BR/.venv.broken.20260831-112339/lib/python3.14/site-packages/googleapiclient/discovery_cache/documents/policytroubleshooter.v3beta.json
/data/data/com.termux/files/home/GTA/BR/.venv.broken.20260831-112339/lib/python3.14/site-packages/googleapiclient/discovery_cache/documents/pollen.v1.json
/data/data/com.termux/files/home/GTA/BR/.venv.broken.20260831-112339/lib/python3.14/site-packages/googleapiclient/discovery_cache/documents/poly.v1.json
/data/data/com.termux/files/home/GTA/BR/.venv.broken.20260831-112339/lib/python3.14/site-packages/googleapiclient/discovery_cache/documents/privateca.v1.json
/data/data/com.termux/files/home/GTA/BR/.venv.broken.20260831-112339/lib/python3.14/site-packages/googleapiclient/discovery_cache/documents/privateca.v1beta1.json
/data/data/com.termux/files/home/GTA/BR/.venv.broken.20260831-112339/lib/python3.14/site-packages/googleapiclient/discovery_cache/documents/prod_tt_sasportal.v1alpha1.json
/data/data/com.termux/files/home/GTA/BR/.venv.broken.20260831-112339/lib/python3.14/site-packages/googleapiclient/discovery_cache/documents/publicca.v1.json
/data/data/com.termux/files/home/GTA/BR/.venv.broken.20260831-112339/lib/python3.14/site-packages/googleapiclient/discovery_cache/documents/publicca.v1alpha1.json
/data/data/com.termux/files/home/GTA/BR/.venv.broken.20260831-112339/lib/python3.14/site-packages/googleapiclient/discovery_cache/documents/publicca.v1beta1.json
/data/data/com.termux/files/home/GTA/BR/.venv.broken.20260831-112339/lib/python3.14/site-packages/googleapiclient/discovery_cache/documents/pubsub.v1.json
/data/data/com.termux/files/home/GTA/BR/.venv.broken.20260831-112339/lib/python3.14/site-packages/googleapiclient/discovery_cache/documents/pubsub.v1beta1a.json
/data/data/com.termux/files/home/GTA/BR/.venv.broken.20260831-112339/lib/python3.14/site-packages/googleapiclient/discovery_cache/documents/pubsub.v1beta2.json
/data/data/com.termux/files/home/GTA/BR/.venv.broken.20260831-112339/lib/python3.14/site-packages/googleapiclient/discovery_cache/documents/pubsublite.v1.json
/data/data/com.termux/files/home/GTA/BR/.venv.broken.20260831-112339/lib/python3.14/site-packages/googleapiclient/discovery_cache/documents/rapidmigrationassessment.v1.json
/data/data/com.termux/files/home/GTA/BR/.venv.broken.20260831-112339/lib/python3.14/site-packages/googleapiclient/discovery_cache/documents/readerrevenuesubscriptionlinking.v1.json
/data/data/com.termux/files/home/GTA/BR/.venv.broken.20260831-112339/lib/python3.14/site-packages/googleapiclient/discovery_cache/documents/realtimebidding.v1.json
/data/data/com.termux/files/home/GTA/BR/.venv.broken.20260831-112339/lib/python3.14/site-packages/googleapiclient/discovery_cache/documents/realtimebidding.v1alpha.json
/data/data/com.termux/files/home/GTA/BR/.venv.broken.20260831-112339/lib/python3.14/site-packages/googleapiclient/discovery_cache/documents/recaptchaenterprise.v1.json
/data/data/com.termux/files/home/GTA/BR/.venv.broken.20260831-112339/lib/python3.14/site-packages/googleapiclient/discovery_cache/documents/recommendationengine.v1beta1.json
/data/data/com.termux/files/home/GTA/BR/.venv.broken.20260831-112339/lib/python3.14/site-packages/googleapiclient/discovery_cache/documents/recommender.v1.json
/data/data/com.termux/files/home/GTA/BR/.venv.broken.20260831-112339/lib/python3.14/site-packages/googleapiclient/discovery_cache/documents/recommender.v1beta1.json
/data/data/com.termux/files/home/GTA/BR/.venv.broken.20260831-112339/lib/python3.14/site-packages/googleapiclient/discovery_cache/documents/redis.v1.json
/data/data/com.termux/files/home/GTA/BR/.venv.broken.20260831-112339/lib/python3.14/site-packages/googleapiclient/discovery_cache/documents/redis.v1beta1.json
/data/data/com.termux/files/home/GTA/BR/.venv.broken.20260831-112339/lib/python3.14/site-packages/googleapiclient/discovery_cache/documents/remotebuildexecution.v1.json
/data/data/com.termux/files/home/GTA/BR/.venv.broken.20260831-112339/lib/python3.14/site-packages/googleapiclient/discovery_cache/documents/remotebuildexecution.v1alpha.json
/data/data/com.termux/files/home/GTA/BR/.venv.broken.20260831-112339/lib/python3.14/site-packages/googleapiclient/discovery_cache/documents/remotebuildexecution.v2.json
/data/data/com.termux/files/home/GTA/BR/.venv.broken.20260831-112339/lib/python3.14/site-packages/googleapiclient/discovery_cache/documents/reseller.v1.json
/data/data/com.termux/files/home/GTA/BR/.venv.broken.20260831-112339/lib/python3.14/site-packages/googleapiclient/discovery_cache/documents/resourcesettings.v1.json
/data/data/com.termux/files/home/GTA/BR/.venv.broken.20260831-112339/lib/python3.14/site-packages/googleapiclient/discovery_cache/documents/retail.v2.json
/data/data/com.termux/files/home/GTA/BR/.venv.broken.20260831-112339/lib/python3.14/site-packages/googleapiclient/discovery_cache/documents/retail.v2alpha.json
/data/data/com.termux/files/home/GTA/BR/.venv.broken.20260831-112339/lib/python3.14/site-packages/googleapiclient/discovery_cache/documents/retail.v2beta.json
/data/data/com.termux/files/home/GTA/BR/.venv.broken.20260831-112339/lib/python3.14/site-packages/googleapiclient/discovery_cache/documents/run.v1.json
/data/data/com.termux/files/home/GTA/BR/.venv.broken.20260831-112339/lib/python3.14/site-packages/googleapiclient/discovery_cache/documents/run.v1alpha1.json
/data/data/com.termux/files/home/GTA/BR/.venv.broken.20260831-112339/lib/python3.14/site-packages/googleapiclient/discovery_cache/documents/run.v1beta1.json
/data/data/com.termux/files/home/GTA/BR/.venv.broken.20260831-112339/lib/python3.14/site-packages/googleapiclient/discovery_cache/documents/run.v2.json
/data/data/com.termux/files/home/GTA/BR/.venv.broken.20260831-112339/lib/python3.14/site-packages/googleapiclient/discovery_cache/documents/runtimeconfig.v1.json
/data/data/com.termux/files/home/GTA/BR/.venv.broken.20260831-112339/lib/python3.14/site-packages/googleapiclient/discovery_cache/documents/runtimeconfig.v1beta1.json
/data/data/com.termux/files/home/GTA/BR/.venv.broken.20260831-112339/lib/python3.14/site-packages/googleapiclient/discovery_cache/documents/saasservicemgmt.v1.json
/data/data/com.termux/files/home/GTA/BR/.venv.broken.20260831-112339/lib/python3.14/site-packages/googleapiclient/discovery_cache/documents/saasservicemgmt.v1beta1.json
/data/data/com.termux/files/home/GTA/BR/.venv.broken.20260831-112339/lib/python3.14/site-packages/googleapiclient/discovery_cache/documents/safebrowsing.v4.json
/data/data/com.termux/files/home/GTA/BR/.venv.broken.20260831-112339/lib/python3.14/site-packages/googleapiclient/discovery_cache/documents/safebrowsing.v5.json
/data/data/com.termux/files/home/GTA/BR/.venv.broken.20260831-112339/lib/python3.14/site-packages/googleapiclient/discovery_cache/documents/sasportal.v1alpha1.json
/data/data/com.termux/files/home/GTA/BR/.venv.broken.20260831-112339/lib/python3.14/site-packages/googleapiclient/discovery_cache/documents/script.v1.json
/data/data/com.termux/files/home/GTA/BR/.venv.broken.20260831-112339/lib/python3.14/site-packages/googleapiclient/discovery_cache/documents/searchads360.v0.json
/data/data/com.termux/files/home/GTA/BR/.venv.broken.20260831-112339/lib/python3.14/site-packages/googleapiclient/discovery_cache/documents/searchads360.v23.json
/data/data/com.termux/files/home/GTA/BR/.venv.broken.20260831-112339/lib/python3.14/site-packages/googleapiclient/discovery_cache/documents/searchconsole.v1.json
/data/data/com.termux/files/home/GTA/BR/.venv.broken.20260831-112339/lib/python3.14/site-packages/googleapiclient/discovery_cache/documents/secretmanager.v1.json
/data/data/com.termux/files/home/GTA/BR/.venv.broken.20260831-112339/lib/python3.14/site-packages/googleapiclient/discovery_cache/documents/secretmanager.v1beta1.json
/data/data/com.termux/files/home/GTA/BR/.venv.broken.20260831-112339/lib/python3.14/site-packages/googleapiclient/discovery_cache/documents/secretmanager.v1beta2.json
/data/data/com.termux/files/home/GTA/BR/.venv.broken.20260831-112339/lib/python3.14/site-packages/googleapiclient/discovery_cache/documents/securesourcemanager.v1.json
/data/data/com.termux/files/home/GTA/BR/.venv.broken.20260831-112339/lib/python3.14/site-packages/googleapiclient/discovery_cache/documents/securitycenter.v1.json
/data/data/com.termux/files/home/GTA/BR/.venv.broken.20260831-112339/lib/python3.14/site-packages/googleapiclient/discovery_cache/documents/securitycenter.v1beta1.json
/data/data/com.termux/files/home/GTA/BR/.venv.broken.20260831-112339/lib/python3.14/site-packages/googleapiclient/discovery_cache/documents/securitycenter.v1beta2.json
/data/data/com.termux/files/home/GTA/BR/.venv.broken.20260831-112339/lib/python3.14/site-packages/googleapiclient/discovery_cache/documents/securityposture.v1.json
/data/data/com.termux/files/home/GTA/BR/.venv.broken.20260831-112339/lib/python3.14/site-packages/googleapiclient/discovery_cache/documents/serviceconsumermanagement.v1.json
/data/data/com.termux/files/home/GTA/BR/.venv.broken.20260831-112339/lib/python3.14/site-packages/googleapiclient/discovery_cache/documents/serviceconsumermanagement.v1beta1.json
/data/data/com.termux/files/home/GTA/BR/.venv.broken.20260831-112339/lib/python3.14/site-packages/googleapiclient/discovery_cache/documents/servicecontrol.v1.json
/data/data/com.termux/files/home/GTA/BR/.venv.broken.20260831-112339/lib/python3.14/site-packages/googleapiclient/discovery_cache/documents/servicecontrol.v2.json
/data/data/com.termux/files/home/GTA/BR/.venv.broken.20260831-112339/lib/python3.14/site-packages/googleapiclient/discovery_cache/documents/servicedirectory.v1.json
/data/data/com.termux/files/home/GTA/BR/.venv.broken.20260831-112339/lib/python3.14/site-packages/googleapiclient/discovery_cache/documents/servicedirectory.v1beta1.json
/data/data/com.termux/files/home/GTA/BR/.venv.broken.20260831-112339/lib/python3.14/site-packages/googleapiclient/discovery_cache/documents/servicemanagement.v1.json
/data/data/com.termux/files/home/GTA/BR/.venv.broken.20260831-112339/lib/python3.14/site-packages/googleapiclient/discovery_cache/documents/servicenetworking.v1.json
/data/data/com.termux/files/home/GTA/BR/.venv.broken.20260831-112339/lib/python3.14/site-packages/googleapiclient/discovery_cache/documents/servicenetworking.v1beta.json
/data/data/com.termux/files/home/GTA/BR/.venv.broken.20260831-112339/lib/python3.14/site-packages/googleapiclient/discovery_cache/documents/serviceusage.v1.json
/data/data/com.termux/files/home/GTA/BR/.venv.broken.20260831-112339/lib/python3.14/site-packages/googleapiclient/discovery_cache/documents/serviceusage.v1beta1.json
/data/data/com.termux/files/home/GTA/BR/.venv.broken.20260831-112339/lib/python3.14/site-packages/googleapiclient/discovery_cache/documents/sheets.v4.json
/data/data/com.termux/files/home/GTA/BR/.venv.broken.20260831-112339/lib/python3.14/site-packages/googleapiclient/discovery_cache/documents/siteVerification.v1.json
/data/data/com.termux/files/home/GTA/BR/.venv.broken.20260831-112339/lib/python3.14/site-packages/googleapiclient/discovery_cache/documents/slides.v1.json
/data/data/com.termux/files/home/GTA/BR/.venv.broken.20260831-112339/lib/python3.14/site-packages/googleapiclient/discovery_cache/documents/smartdevicemanagement.v1.json
/data/data/com.termux/files/home/GTA/BR/.venv.broken.20260831-112339/lib/python3.14/site-packages/googleapiclient/discovery_cache/documents/solar.v1.json
/data/data/com.termux/files/home/GTA/BR/.venv.broken.20260831-112339/lib/python3.14/site-packages/googleapiclient/discovery_cache/documents/sourcerepo.v1.json
/data/data/com.termux/files/home/GTA/BR/.venv.broken.20260831-112339/lib/python3.14/site-packages/googleapiclient/discovery_cache/documents/spanner.v1.json
/data/data/com.termux/files/home/GTA/BR/.venv.broken.20260831-112339/lib/python3.14/site-packages/googleapiclient/discovery_cache/documents/speech.v1.json
/data/data/com.termux/files/home/GTA/BR/.venv.broken.20260831-112339/lib/python3.14/site-packages/googleapiclient/discovery_cache/documents/speech.v1p1beta1.json
/data/data/com.termux/files/home/GTA/BR/.venv.broken.20260831-112339/lib/python3.14/site-packages/googleapiclient/discovery_cache/documents/speech.v2beta1.json
/data/data/com.termux/files/home/GTA/BR/.venv.broken.20260831-112339/lib/python3.14/site-packages/googleapiclient/discovery_cache/documents/sqladmin.v1.json
/data/data/com.termux/files/home/GTA/BR/.venv.broken.20260831-112339/lib/python3.14/site-packages/googleapiclient/discovery_cache/documents/sqladmin.v1beta4.json
/data/data/com.termux/files/home/GTA/BR/.venv.broken.20260831-112339/lib/python3.14/site-packages/googleapiclient/discovery_cache/documents/storage.v1.json
/data/data/com.termux/files/home/GTA/BR/.venv.broken.20260831-112339/lib/python3.14/site-packages/googleapiclient/discovery_cache/documents/storagebatchoperations.v1.json
/data/data/com.termux/files/home/GTA/BR/.venv.broken.20260831-112339/lib/python3.14/site-packages/googleapiclient/discovery_cache/documents/storagetransfer.v1.json
/data/data/com.termux/files/home/GTA/BR/.venv.broken.20260831-112339/lib/python3.14/site-packages/googleapiclient/discovery_cache/documents/streetviewpublish.v1.json
/data/data/com.termux/files/home/GTA/BR/.venv.broken.20260831-112339/lib/python3.14/site-packages/googleapiclient/discovery_cache/documents/sts.v1.json
/data/data/com.termux/files/home/GTA/BR/.venv.broken.20260831-112339/lib/python3.14/site-packages/googleapiclient/discovery_cache/documents/sts.v1beta.json
/data/data/com.termux/files/home/GTA/BR/.venv.broken.20260831-112339/lib/python3.14/site-packages/googleapiclient/discovery_cache/documents/tagmanager.v1.json
/data/data/com.termux/files/home/GTA/BR/.venv.broken.20260831-112339/lib/python3.14/site-packages/googleapiclient/discovery_cache/documents/tagmanager.v2.json
/data/data/com.termux/files/home/GTA/BR/.venv.broken.20260831-112339/lib/python3.14/site-packages/googleapiclient/discovery_cache/documents/tasks.v1.json
/data/data/com.termux/files/home/GTA/BR/.venv.broken.20260831-112339/lib/python3.14/site-packages/googleapiclient/discovery_cache/documents/testing.v1.json
/data/data/com.termux/files/home/GTA/BR/.venv.broken.20260831-112339/lib/python3.14/site-packages/googleapiclient/discovery_cache/documents/texttospeech.v1.json
/data/data/com.termux/files/home/GTA/BR/.venv.broken.20260831-112339/lib/python3.14/site-packages/googleapiclient/discovery_cache/documents/texttospeech.v1beta1.json
/data/data/com.termux/files/home/GTA/BR/.venv.broken.20260831-112339/lib/python3.14/site-packages/googleapiclient/discovery_cache/documents/threatintelligence.v1beta.json
/data/data/com.termux/files/home/GTA/BR/.venv.broken.20260831-112339/lib/python3.14/site-packages/googleapiclient/discovery_cache/documents/toolresults.v1beta3.json
/data/data/com.termux/files/home/GTA/BR/.venv.broken.20260831-112339/lib/python3.14/site-packages/googleapiclient/discovery_cache/documents/tpu.v1.json
/data/data/com.termux/files/home/GTA/BR/.venv.broken.20260831-112339/lib/python3.14/site-packages/googleapiclient/discovery_cache/documents/tpu.v1alpha1.json
/data/data/com.termux/files/home/GTA/BR/.venv.broken.20260831-112339/lib/python3.14/site-packages/googleapiclient/discovery_cache/documents/tpu.v2.json
/data/data/com.termux/files/home/GTA/BR/.venv.broken.20260831-112339/lib/python3.14/site-packages/googleapiclient/discovery_cache/documents/tpu.v2alpha1.json
/data/data/com.termux/files/home/GTA/BR/.venv.broken.20260831-112339/lib/python3.14/site-packages/googleapiclient/discovery_cache/documents/trafficdirector.v2.json
/data/data/com.termux/files/home/GTA/BR/.venv.broken.20260831-112339/lib/python3.14/site-packages/googleapiclient/discovery_cache/documents/trafficdirector.v3.json
/data/data/com.termux/files/home/GTA/BR/.venv.broken.20260831-112339/lib/python3.14/site-packages/googleapiclient/discovery_cache/documents/transcoder.v1.json
/data/data/com.termux/files/home/GTA/BR/.venv.broken.20260831-112339/lib/python3.14/site-packages/googleapiclient/discovery_cache/documents/transcoder.v1beta1.json
/data/data/com.termux/files/home/GTA/BR/.venv.broken.20260831-112339/lib/python3.14/site-packages/googleapiclient/discovery_cache/documents/translate.v2.json
/data/data/com.termux/files/home/GTA/BR/.venv.broken.20260831-112339/lib/python3.14/site-packages/googleapiclient/discovery_cache/documents/translate.v3.json
/data/data/com.termux/files/home/GTA/BR/.venv.broken.20260831-112339/lib/python3.14/site-packages/googleapiclient/discovery_cache/documents/translate.v3beta1.json
/data/data/com.termux/files/home/GTA/BR/.venv.broken.20260831-112339/lib/python3.14/site-packages/googleapiclient/discovery_cache/documents/travelimpactmodel.v1.json
/data/data/com.termux/files/home/GTA/BR/.venv.broken.20260831-112339/lib/python3.14/site-packages/googleapiclient/discovery_cache/documents/vault.v1.json
/data/data/com.termux/files/home/GTA/BR/.venv.broken.20260831-112339/lib/python3.14/site-packages/googleapiclient/discovery_cache/documents/vectortile.v1.json
/data/data/com.termux/files/home/GTA/BR/.venv.broken.20260831-112339/lib/python3.14/site-packages/googleapiclient/discovery_cache/documents/verifiedaccess.v1.json
/data/data/com.termux/files/home/GTA/BR/.venv.broken.20260831-112339/lib/python3.14/site-packages/googleapiclient/discovery_cache/documents/verifiedaccess.v2.json
/data/data/com.termux/files/home/GTA/BR/.venv.broken.20260831-112339/lib/python3.14/site-packages/googleapiclient/discovery_cache/documents/versionhistory.v1.json
/data/data/com.termux/files/home/GTA/BR/.venv.broken.20260831-112339/lib/python3.14/site-packages/googleapiclient/discovery_cache/documents/videointelligence.v1.json
/data/data/com.termux/files/home/GTA/BR/.venv.broken.20260831-112339/lib/python3.14/site-packages/googleapiclient/discovery_cache/documents/videointelligence.v1beta2.json
/data/data/com.termux/files/home/GTA/BR/.venv.broken.20260831-112339/lib/python3.14/site-packages/googleapiclient/discovery_cache/documents/videointelligence.v1p1beta1.json
/data/data/com.termux/files/home/GTA/BR/.venv.broken.20260831-112339/lib/python3.14/site-packages/googleapiclient/discovery_cache/documents/videointelligence.v1p2beta1.json
/data/data/com.termux/files/home/GTA/BR/.venv.broken.20260831-112339/lib/python3.14/site-packages/googleapiclient/discovery_cache/documents/videointelligence.v1p3beta1.json
/data/data/com.termux/files/home/GTA/BR/.venv.broken.20260831-112339/lib/python3.14/site-packages/googleapiclient/discovery_cache/documents/vision.v1.json
/data/data/com.termux/files/home/GTA/BR/.venv.broken.20260831-112339/lib/python3.14/site-packages/googleapiclient/discovery_cache/documents/vision.v1p1beta1.json
/data/data/com.termux/files/home/GTA/BR/.venv.broken.20260831-112339/lib/python3.14/site-packages/googleapiclient/discovery_cache/documents/vision.v1p2beta1.json
/data/data/com.termux/files/home/GTA/BR/.venv.broken.20260831-112339/lib/python3.14/site-packages/googleapiclient/discovery_cache/documents/vmmigration.v1.json
/data/data/com.termux/files/home/GTA/BR/.venv.broken.20260831-112339/lib/python3.14/site-packages/googleapiclient/discovery_cache/documents/vmmigration.v1alpha1.json
/data/data/com.termux/files/home/GTA/BR/.venv.broken.20260831-112339/lib/python3.14/site-packages/googleapiclient/discovery_cache/documents/vmwareengine.v1.json
/data/data/com.termux/files/home/GTA/BR/.venv.broken.20260831-112339/lib/python3.14/site-packages/googleapiclient/discovery_cache/documents/vpcaccess.v1.json
/data/data/com.termux/files/home/GTA/BR/.venv.broken.20260831-112339/lib/python3.14/site-packages/googleapiclient/discovery_cache/documents/vpcaccess.v1beta1.json
/data/data/com.termux/files/home/GTA/BR/.venv.broken.20260831-112339/lib/python3.14/site-packages/googleapiclient/discovery_cache/documents/walletobjects.v1.json
/data/data/com.termux/files/home/GTA/BR/.venv.broken.20260831-112339/lib/python3.14/site-packages/googleapiclient/discovery_cache/documents/webcontentpublisher.v1.json
/data/data/com.termux/files/home/GTA/BR/.venv.broken.20260831-112339/lib/python3.14/site-packages/googleapiclient/discovery_cache/documents/webfonts.v1.json
/data/data/com.termux/files/home/GTA/BR/.venv.broken.20260831-112339/lib/python3.14/site-packages/googleapiclient/discovery_cache/documents/webmasters.v3.json
/data/data/com.termux/files/home/GTA/BR/.venv.broken.20260831-112339/lib/python3.14/site-packages/googleapiclient/discovery_cache/documents/webrisk.v1.json
/data/data/com.termux/files/home/GTA/BR/.venv.broken.20260831-112339/lib/python3.14/site-packages/googleapiclient/discovery_cache/documents/websecurityscanner.v1.json
/data/data/com.termux/files/home/GTA/BR/.venv.broken.20260831-112339/lib/python3.14/site-packages/googleapiclient/discovery_cache/documents/websecurityscanner.v1alpha.json
/data/data/com.termux/files/home/GTA/BR/.venv.broken.20260831-112339/lib/python3.14/site-packages/googleapiclient/discovery_cache/documents/websecurityscanner.v1beta.json
/data/data/com.termux/files/home/GTA/BR/.venv.broken.20260831-112339/lib/python3.14/site-packages/googleapiclient/discovery_cache/documents/workflowexecutions.v1.json
/data/data/com.termux/files/home/GTA/BR/.venv.broken.20260831-112339/lib/python3.14/site-packages/googleapiclient/discovery_cache/documents/workflowexecutions.v1beta.json
/data/data/com.termux/files/home/GTA/BR/.venv.broken.20260831-112339/lib/python3.14/site-packages/googleapiclient/discovery_cache/documents/workflows.v1.json
/data/data/com.termux/files/home/GTA/BR/.venv.broken.20260831-112339/lib/python3.14/site-packages/googleapiclient/discovery_cache/documents/workflows.v1beta.json
/data/data/com.termux/files/home/GTA/BR/.venv.broken.20260831-112339/lib/python3.14/site-packages/googleapiclient/discovery_cache/documents/workloadmanager.v1.json
/data/data/com.termux/files/home/GTA/BR/.venv.broken.20260831-112339/lib/python3.14/site-packages/googleapiclient/discovery_cache/documents/workspaceevents.v1.json
/data/data/com.termux/files/home/GTA/BR/.venv.broken.20260831-112339/lib/python3.14/site-packages/googleapiclient/discovery_cache/documents/workstations.v1.json
/data/data/com.termux/files/home/GTA/BR/.venv.broken.20260831-112339/lib/python3.14/site-packages/googleapiclient/discovery_cache/documents/workstations.v1beta.json
/data/data/com.termux/files/home/GTA/BR/.venv.broken.20260831-112339/lib/python3.14/site-packages/googleapiclient/discovery_cache/documents/youtube.v3.json
/data/data/com.termux/files/home/GTA/BR/.venv.broken.20260831-112339/lib/python3.14/site-packages/googleapiclient/discovery_cache/documents/youtubeAnalytics.v1.json
/data/data/com.termux/files/home/GTA/BR/.venv.broken.20260831-112339/lib/python3.14/site-packages/googleapiclient/discovery_cache/documents/youtubeAnalytics.v2.json
/data/data/com.termux/files/home/GTA/BR/.venv.broken.20260831-112339/lib/python3.14/site-packages/googleapiclient/discovery_cache/documents/youtubereporting.v1.json
/data/data/com.termux/files/home/GTA/BR/.venv.broken.20260831-112339/lib/python3.14/site-packages/googleapiclient/discovery_cache/file_cache.py
/data/data/com.termux/files/home/GTA/BR/.venv.broken.20260831-112339/lib/python3.14/site-packages/googleapiclient/errors.py
/data/data/com.termux/files/home/GTA/BR/.venv.broken.20260831-112339/lib/python3.14/site-packages/googleapiclient/http.py
/data/data/com.termux/files/home/GTA/BR/.venv.broken.20260831-112339/lib/python3.14/site-packages/googleapiclient/mimeparse.py
/data/data/com.termux/files/home/GTA/BR/.venv.broken.20260831-112339/lib/python3.14/site-packages/googleapiclient/model.py
/data/data/com.termux/files/home/GTA/BR/.venv.broken.20260831-112339/lib/python3.14/site-packages/googleapiclient/sample_tools.py
/data/data/com.termux/files/home/GTA/BR/.venv.broken.20260831-112339/lib/python3.14/site-packages/googleapiclient/schema.py
/data/data/com.termux/files/home/GTA/BR/.venv.broken.20260831-112339/lib/python3.14/site-packages/googleapiclient/version.py
/data/data/com.termux/files/home/GTA/BR/.venv.broken.20260831-112339/lib/python3.14/site-packages/googleapis_common_protos-1.75.2.dist-info/INSTALLER
/data/data/com.termux/files/home/GTA/BR/.venv.broken.20260831-112339/lib/python3.14/site-packages/googleapis_common_protos-1.75.2.dist-info/METADATA
/data/data/com.termux/files/home/GTA/BR/.venv.broken.20260831-112339/lib/python3.14/site-packages/googleapis_common_protos-1.75.2.dist-info/RECORD
/data/data/com.termux/files/home/GTA/BR/.venv.broken.20260831-112339/lib/python3.14/site-packages/googleapis_common_protos-1.75.2.dist-info/WHEEL
/data/data/com.termux/files/home/GTA/BR/.venv.broken.20260831-112339/lib/python3.14/site-packages/googleapis_common_protos-1.75.2.dist-info/licenses/LICENSE
/data/data/com.termux/files/home/GTA/BR/.venv.broken.20260831-112339/lib/python3.14/site-packages/googleapis_common_protos-1.75.2.dist-info/top_level.txt
/data/data/com.termux/files/home/GTA/BR/.venv.broken.20260831-112339/lib/python3.14/site-packages/httplib2-0.32.0.dist-info/INSTALLER
/data/data/com.termux/files/home/GTA/BR/.venv.broken.20260831-112339/lib/python3.14/site-packages/httplib2-0.32.0.dist-info/METADATA
/data/data/com.termux/files/home/GTA/BR/.venv.broken.20260831-112339/lib/python3.14/site-packages/httplib2-0.32.0.dist-info/RECORD
/data/data/com.termux/files/home/GTA/BR/.venv.broken.20260831-112339/lib/python3.14/site-packages/httplib2-0.32.0.dist-info/WHEEL
/data/data/com.termux/files/home/GTA/BR/.venv.broken.20260831-112339/lib/python3.14/site-packages/httplib2-0.32.0.dist-info/licenses/LICENSE
/data/data/com.termux/files/home/GTA/BR/.venv.broken.20260831-112339/lib/python3.14/site-packages/httplib2-0.32.0.dist-info/top_level.txt
/data/data/com.termux/files/home/GTA/BR/.venv.broken.20260831-112339/lib/python3.14/site-packages/httplib2/__init__.py
/data/data/com.termux/files/home/GTA/BR/.venv.broken.20260831-112339/lib/python3.14/site-packages/httplib2/__pycache__/__init__.cpython-314.pyc
/data/data/com.termux/files/home/GTA/BR/.venv.broken.20260831-112339/lib/python3.14/site-packages/httplib2/__pycache__/auth.cpython-314.pyc
/data/data/com.termux/files/home/GTA/BR/.venv.broken.20260831-112339/lib/python3.14/site-packages/httplib2/__pycache__/certs.cpython-314.pyc
/data/data/com.termux/files/home/GTA/BR/.venv.broken.20260831-112339/lib/python3.14/site-packages/httplib2/__pycache__/decode.cpython-314.pyc
/data/data/com.termux/files/home/GTA/BR/.venv.broken.20260831-112339/lib/python3.14/site-packages/httplib2/__pycache__/error.cpython-314.pyc
/data/data/com.termux/files/home/GTA/BR/.venv.broken.20260831-112339/lib/python3.14/site-packages/httplib2/__pycache__/iri2uri.cpython-314.pyc
/data/data/com.termux/files/home/GTA/BR/.venv.broken.20260831-112339/lib/python3.14/site-packages/httplib2/auth.py
/data/data/com.termux/files/home/GTA/BR/.venv.broken.20260831-112339/lib/python3.14/site-packages/httplib2/cacerts.txt
/data/data/com.termux/files/home/GTA/BR/.venv.broken.20260831-112339/lib/python3.14/site-packages/httplib2/certs.py
/data/data/com.termux/files/home/GTA/BR/.venv.broken.20260831-112339/lib/python3.14/site-packages/httplib2/decode.py
/data/data/com.termux/files/home/GTA/BR/.venv.broken.20260831-112339/lib/python3.14/site-packages/httplib2/error.py
/data/data/com.termux/files/home/GTA/BR/.venv.broken.20260831-112339/lib/python3.14/site-packages/httplib2/iri2uri.py
/data/data/com.termux/files/home/GTA/BR/.venv.broken.20260831-112339/lib/python3.14/site-packages/idna-3.19.dist-info/INSTALLER
/data/data/com.termux/files/home/GTA/BR/.venv.broken.20260831-112339/lib/python3.14/site-packages/idna-3.19.dist-info/METADATA
/data/data/com.termux/files/home/GTA/BR/.venv.broken.20260831-112339/lib/python3.14/site-packages/idna-3.19.dist-info/RECORD
/data/data/com.termux/files/home/GTA/BR/.venv.broken.20260831-112339/lib/python3.14/site-packages/idna-3.19.dist-info/WHEEL
/data/data/com.termux/files/home/GTA/BR/.venv.broken.20260831-112339/lib/python3.14/site-packages/idna-3.19.dist-info/entry_points.txt
/data/data/com.termux/files/home/GTA/BR/.venv.broken.20260831-112339/lib/python3.14/site-packages/idna-3.19.dist-info/licenses/LICENSE.md
/data/data/com.termux/files/home/GTA/BR/.venv.broken.20260831-112339/lib/python3.14/site-packages/idna/__init__.py
/data/data/com.termux/files/home/GTA/BR/.venv.broken.20260831-112339/lib/python3.14/site-packages/idna/__main__.py
/data/data/com.termux/files/home/GTA/BR/.venv.broken.20260831-112339/lib/python3.14/site-packages/idna/__pycache__/__init__.cpython-314.pyc
/data/data/com.termux/files/home/GTA/BR/.venv.broken.20260831-112339/lib/python3.14/site-packages/idna/__pycache__/__main__.cpython-314.pyc
/data/data/com.termux/files/home/GTA/BR/.venv.broken.20260831-112339/lib/python3.14/site-packages/idna/__pycache__/cli.cpython-314.pyc
/data/data/com.termux/files/home/GTA/BR/.venv.broken.20260831-112339/lib/python3.14/site-packages/idna/__pycache__/codec.cpython-314.pyc
/data/data/com.termux/files/home/GTA/BR/.venv.broken.20260831-112339/lib/python3.14/site-packages/idna/__pycache__/compat.cpython-314.pyc
/data/data/com.termux/files/home/GTA/BR/.venv.broken.20260831-112339/lib/python3.14/site-packages/idna/__pycache__/core.cpython-314.pyc
/data/data/com.termux/files/home/GTA/BR/.venv.broken.20260831-112339/lib/python3.14/site-packages/idna/__pycache__/idnadata.cpython-314.pyc
/data/data/com.termux/files/home/GTA/BR/.venv.broken.20260831-112339/lib/python3.14/site-packages/idna/__pycache__/intranges.cpython-314.pyc
/data/data/com.termux/files/home/GTA/BR/.venv.broken.20260831-112339/lib/python3.14/site-packages/idna/__pycache__/package_data.cpython-314.pyc
/data/data/com.termux/files/home/GTA/BR/.venv.broken.20260831-112339/lib/python3.14/site-packages/idna/__pycache__/uts46data.cpython-314.pyc
/data/data/com.termux/files/home/GTA/BR/.venv.broken.20260831-112339/lib/python3.14/site-packages/idna/cli.py
/data/data/com.termux/files/home/GTA/BR/.venv.broken.20260831-112339/lib/python3.14/site-packages/idna/codec.py
/data/data/com.termux/files/home/GTA/BR/.venv.broken.20260831-112339/lib/python3.14/site-packages/idna/compat.py
/data/data/com.termux/files/home/GTA/BR/.venv.broken.20260831-112339/lib/python3.14/site-packages/idna/core.py
/data/data/com.termux/files/home/GTA/BR/.venv.broken.20260831-112339/lib/python3.14/site-packages/idna/idnadata.py
/data/data/com.termux/files/home/GTA/BR/.venv.broken.20260831-112339/lib/python3.14/site-packages/idna/intranges.py
/data/data/com.termux/files/home/GTA/BR/.venv.broken.20260831-112339/lib/python3.14/site-packages/idna/package_data.py
/data/data/com.termux/files/home/GTA/BR/.venv.broken.20260831-112339/lib/python3.14/site-packages/idna/py.typed
/data/data/com.termux/files/home/GTA/BR/.venv.broken.20260831-112339/lib/python3.14/site-packages/idna/uts46data.py
/data/data/com.termux/files/home/GTA/BR/.venv.broken.20260831-112339/lib/python3.14/site-packages/oauthlib-3.3.1.dist-info/INSTALLER
/data/data/com.termux/files/home/GTA/BR/.venv.broken.20260831-112339/lib/python3.14/site-packages/oauthlib-3.3.1.dist-info/METADATA
/data/data/com.termux/files/home/GTA/BR/.venv.broken.20260831-112339/lib/python3.14/site-packages/oauthlib-3.3.1.dist-info/RECORD
/data/data/com.termux/files/home/GTA/BR/.venv.broken.20260831-112339/lib/python3.14/site-packages/oauthlib-3.3.1.dist-info/WHEEL
/data/data/com.termux/files/home/GTA/BR/.venv.broken.20260831-112339/lib/python3.14/site-packages/oauthlib-3.3.1.dist-info/licenses/LICENSE
/data/data/com.termux/files/home/GTA/BR/.venv.broken.20260831-112339/lib/python3.14/site-packages/oauthlib-3.3.1.dist-info/top_level.txt
/data/data/com.termux/files/home/GTA/BR/.venv.broken.20260831-112339/lib/python3.14/site-packages/oauthlib/__init__.py
/data/data/com.termux/files/home/GTA/BR/.venv.broken.20260831-112339/lib/python3.14/site-packages/oauthlib/__pycache__/__init__.cpython-314.pyc
/data/data/com.termux/files/home/GTA/BR/.venv.broken.20260831-112339/lib/python3.14/site-packages/oauthlib/__pycache__/common.cpython-314.pyc
/data/data/com.termux/files/home/GTA/BR/.venv.broken.20260831-112339/lib/python3.14/site-packages/oauthlib/__pycache__/signals.cpython-314.pyc
/data/data/com.termux/files/home/GTA/BR/.venv.broken.20260831-112339/lib/python3.14/site-packages/oauthlib/__pycache__/uri_validate.cpython-314.pyc
/data/data/com.termux/files/home/GTA/BR/.venv.broken.20260831-112339/lib/python3.14/site-packages/oauthlib/common.py
/data/data/com.termux/files/home/GTA/BR/.venv.broken.20260831-112339/lib/python3.14/site-packages/oauthlib/oauth1/__init__.py
/data/data/com.termux/files/home/GTA/BR/.venv.broken.20260831-112339/lib/python3.14/site-packages/oauthlib/oauth1/__pycache__/__init__.cpython-314.pyc
/data/data/com.termux/files/home/GTA/BR/.venv.broken.20260831-112339/lib/python3.14/site-packages/oauthlib/oauth1/rfc5849/__init__.py
/data/data/com.termux/files/home/GTA/BR/.venv.broken.20260831-112339/lib/python3.14/site-packages/oauthlib/oauth1/rfc5849/__pycache__/__init__.cpython-314.pyc
/data/data/com.termux/files/home/GTA/BR/.venv.broken.20260831-112339/lib/python3.14/site-packages/oauthlib/oauth1/rfc5849/__pycache__/errors.cpython-314.pyc
/data/data/com.termux/files/home/GTA/BR/.venv.broken.20260831-112339/lib/python3.14/site-packages/oauthlib/oauth1/rfc5849/__pycache__/parameters.cpython-314.pyc
/data/data/com.termux/files/home/GTA/BR/.venv.broken.20260831-112339/lib/python3.14/site-packages/oauthlib/oauth1/rfc5849/__pycache__/request_validator.cpython-314.pyc
/data/data/com.termux/files/home/GTA/BR/.venv.broken.20260831-112339/lib/python3.14/site-packages/oauthlib/oauth1/rfc5849/__pycache__/signature.cpython-314.pyc
/data/data/com.termux/files/home/GTA/BR/.venv.broken.20260831-112339/lib/python3.14/site-packages/oauthlib/oauth1/rfc5849/__pycache__/utils.cpython-314.pyc
/data/data/com.termux/files/home/GTA/BR/.venv.broken.20260831-112339/lib/python3.14/site-packages/oauthlib/oauth1/rfc5849/endpoints/__init__.py
/data/data/com.termux/files/home/GTA/BR/.venv.broken.20260831-112339/lib/python3.14/site-packages/oauthlib/oauth1/rfc5849/endpoints/__pycache__/__init__.cpython-314.pyc
/data/data/com.termux/files/home/GTA/BR/.venv.broken.20260831-112339/lib/python3.14/site-packages/oauthlib/oauth1/rfc5849/endpoints/__pycache__/access_token.cpython-314.pyc
/data/data/com.termux/files/home/GTA/BR/.venv.broken.20260831-112339/lib/python3.14/site-packages/oauthlib/oauth1/rfc5849/endpoints/__pycache__/authorization.cpython-314.pyc
/data/data/com.termux/files/home/GTA/BR/.venv.broken.20260831-112339/lib/python3.14/site-packages/oauthlib/oauth1/rfc5849/endpoints/__pycache__/base.cpython-314.pyc
/data/data/com.termux/files/home/GTA/BR/.venv.broken.20260831-112339/lib/python3.14/site-packages/oauthlib/oauth1/rfc5849/endpoints/__pycache__/pre_configured.cpython-314.pyc
/data/data/com.termux/files/home/GTA/BR/.venv.broken.20260831-112339/lib/python3.14/site-packages/oauthlib/oauth1/rfc5849/endpoints/__pycache__/request_token.cpython-314.pyc
/data/data/com.termux/files/home/GTA/BR/.venv.broken.20260831-112339/lib/python3.14/site-packages/oauthlib/oauth1/rfc5849/endpoints/__pycache__/resource.cpython-314.pyc
/data/data/com.termux/files/home/GTA/BR/.venv.broken.20260831-112339/lib/python3.14/site-packages/oauthlib/oauth1/rfc5849/endpoints/__pycache__/signature_only.cpython-314.pyc
/data/data/com.termux/files/home/GTA/BR/.venv.broken.20260831-112339/lib/python3.14/site-packages/oauthlib/oauth1/rfc5849/endpoints/access_token.py
/data/data/com.termux/files/home/GTA/BR/.venv.broken.20260831-112339/lib/python3.14/site-packages/oauthlib/oauth1/rfc5849/endpoints/authorization.py
/data/data/com.termux/files/home/GTA/BR/.venv.broken.20260831-112339/lib/python3.14/site-packages/oauthlib/oauth1/rfc5849/endpoints/base.py
/data/data/com.termux/files/home/GTA/BR/.venv.broken.20260831-112339/lib/python3.14/site-packages/oauthlib/oauth1/rfc5849/endpoints/pre_configured.py
/data/data/com.termux/files/home/GTA/BR/.venv.broken.20260831-112339/lib/python3.14/site-packages/oauthlib/oauth1/rfc5849/endpoints/request_token.py
/data/data/com.termux/files/home/GTA/BR/.venv.broken.20260831-112339/lib/python3.14/site-packages/oauthlib/oauth1/rfc5849/endpoints/resource.py
/data/data/com.termux/files/home/GTA/BR/.venv.broken.20260831-112339/lib/python3.14/site-packages/oauthlib/oauth1/rfc5849/endpoints/signature_only.py
/data/data/com.termux/files/home/GTA/BR/.venv.broken.20260831-112339/lib/python3.14/site-packages/oauthlib/oauth1/rfc5849/errors.py
/data/data/com.termux/files/home/GTA/BR/.venv.broken.20260831-112339/lib/python3.14/site-packages/oauthlib/oauth1/rfc5849/parameters.py
/data/data/com.termux/files/home/GTA/BR/.venv.broken.20260831-112339/lib/python3.14/site-packages/oauthlib/oauth1/rfc5849/request_validator.py
/data/data/com.termux/files/home/GTA/BR/.venv.broken.20260831-112339/lib/python3.14/site-packages/oauthlib/oauth1/rfc5849/signature.py
/data/data/com.termux/files/home/GTA/BR/.venv.broken.20260831-112339/lib/python3.14/site-packages/oauthlib/oauth1/rfc5849/utils.py
/data/data/com.termux/files/home/GTA/BR/.venv.broken.20260831-112339/lib/python3.14/site-packages/oauthlib/oauth2/__init__.py
/data/data/com.termux/files/home/GTA/BR/.venv.broken.20260831-112339/lib/python3.14/site-packages/oauthlib/oauth2/__pycache__/__init__.cpython-314.pyc
/data/data/com.termux/files/home/GTA/BR/.venv.broken.20260831-112339/lib/python3.14/site-packages/oauthlib/oauth2/rfc6749/__init__.py
/data/data/com.termux/files/home/GTA/BR/.venv.broken.20260831-112339/lib/python3.14/site-packages/oauthlib/oauth2/rfc6749/__pycache__/__init__.cpython-314.pyc
/data/data/com.termux/files/home/GTA/BR/.venv.broken.20260831-112339/lib/python3.14/site-packages/oauthlib/oauth2/rfc6749/__pycache__/errors.cpython-314.pyc
/data/data/com.termux/files/home/GTA/BR/.venv.broken.20260831-112339/lib/python3.14/site-packages/oauthlib/oauth2/rfc6749/__pycache__/parameters.cpython-314.pyc
/data/data/com.termux/files/home/GTA/BR/.venv.broken.20260831-112339/lib/python3.14/site-packages/oauthlib/oauth2/rfc6749/__pycache__/request_validator.cpython-314.pyc
/data/data/com.termux/files/home/GTA/BR/.venv.broken.20260831-112339/lib/python3.14/site-packages/oauthlib/oauth2/rfc6749/__pycache__/tokens.cpython-314.pyc
/data/data/com.termux/files/home/GTA/BR/.venv.broken.20260831-112339/lib/python3.14/site-packages/oauthlib/oauth2/rfc6749/__pycache__/utils.cpython-314.pyc
/data/data/com.termux/files/home/GTA/BR/.venv.broken.20260831-112339/lib/python3.14/site-packages/oauthlib/oauth2/rfc6749/clients/__init__.py
/data/data/com.termux/files/home/GTA/BR/.venv.broken.20260831-112339/lib/python3.14/site-packages/oauthlib/oauth2/rfc6749/clients/__pycache__/__init__.cpython-314.pyc
/data/data/com.termux/files/home/GTA/BR/.venv.broken.20260831-112339/lib/python3.14/site-packages/oauthlib/oauth2/rfc6749/clients/__pycache__/backend_application.cpython-314.pyc
/data/data/com.termux/files/home/GTA/BR/.venv.broken.20260831-112339/lib/python3.14/site-packages/oauthlib/oauth2/rfc6749/clients/__pycache__/base.cpython-314.pyc
/data/data/com.termux/files/home/GTA/BR/.venv.broken.20260831-112339/lib/python3.14/site-packages/oauthlib/oauth2/rfc6749/clients/__pycache__/legacy_application.cpython-314.pyc
/data/data/com.termux/files/home/GTA/BR/.venv.broken.20260831-112339/lib/python3.14/site-packages/oauthlib/oauth2/rfc6749/clients/__pycache__/mobile_application.cpython-314.pyc
/data/data/com.termux/files/home/GTA/BR/.venv.broken.20260831-112339/lib/python3.14/site-packages/oauthlib/oauth2/rfc6749/clients/__pycache__/service_application.cpython-314.pyc
/data/data/com.termux/files/home/GTA/BR/.venv.broken.20260831-112339/lib/python3.14/site-packages/oauthlib/oauth2/rfc6749/clients/__pycache__/web_application.cpython-314.pyc
/data/data/com.termux/files/home/GTA/BR/.venv.broken.20260831-112339/lib/python3.14/site-packages/oauthlib/oauth2/rfc6749/clients/backend_application.py
/data/data/com.termux/files/home/GTA/BR/.venv.broken.20260831-112339/lib/python3.14/site-packages/oauthlib/oauth2/rfc6749/clients/base.py
/data/data/com.termux/files/home/GTA/BR/.venv.broken.20260831-112339/lib/python3.14/site-packages/oauthlib/oauth2/rfc6749/clients/legacy_application.py
/data/data/com.termux/files/home/GTA/BR/.venv.broken.20260831-112339/lib/python3.14/site-packages/oauthlib/oauth2/rfc6749/clients/mobile_application.py
/data/data/com.termux/files/home/GTA/BR/.venv.broken.20260831-112339/lib/python3.14/site-packages/oauthlib/oauth2/rfc6749/clients/service_application.py
/data/data/com.termux/files/home/GTA/BR/.venv.broken.20260831-112339/lib/python3.14/site-packages/oauthlib/oauth2/rfc6749/clients/web_application.py
/data/data/com.termux/files/home/GTA/BR/.venv.broken.20260831-112339/lib/python3.14/site-packages/oauthlib/oauth2/rfc6749/endpoints/__init__.py
/data/data/com.termux/files/home/GTA/BR/.venv.broken.20260831-112339/lib/python3.14/site-packages/oauthlib/oauth2/rfc6749/endpoints/__pycache__/__init__.cpython-314.pyc
/data/data/com.termux/files/home/GTA/BR/.venv.broken.20260831-112339/lib/python3.14/site-packages/oauthlib/oauth2/rfc6749/endpoints/__pycache__/authorization.cpython-314.pyc
/data/data/com.termux/files/home/GTA/BR/.venv.broken.20260831-112339/lib/python3.14/site-packages/oauthlib/oauth2/rfc6749/endpoints/__pycache__/base.cpython-314.pyc
/data/data/com.termux/files/home/GTA/BR/.venv.broken.20260831-112339/lib/python3.14/site-packages/oauthlib/oauth2/rfc6749/endpoints/__pycache__/introspect.cpython-314.pyc
/data/data/com.termux/files/home/GTA/BR/.venv.broken.20260831-112339/lib/python3.14/site-packages/oauthlib/oauth2/rfc6749/endpoints/__pycache__/metadata.cpython-314.pyc
/data/data/com.termux/files/home/GTA/BR/.venv.broken.20260831-112339/lib/python3.14/site-packages/oauthlib/oauth2/rfc6749/endpoints/__pycache__/pre_configured.cpython-314.pyc
/data/data/com.termux/files/home/GTA/BR/.venv.broken.20260831-112339/lib/python3.14/site-packages/oauthlib/oauth2/rfc6749/endpoints/__pycache__/resource.cpython-314.pyc
/data/data/com.termux/files/home/GTA/BR/.venv.broken.20260831-112339/lib/python3.14/site-packages/oauthlib/oauth2/rfc6749/endpoints/__pycache__/revocation.cpython-314.pyc
/data/data/com.termux/files/home/GTA/BR/.venv.broken.20260831-112339/lib/python3.14/site-packages/oauthlib/oauth2/rfc6749/endpoints/__pycache__/token.cpython-314.pyc
/data/data/com.termux/files/home/GTA/BR/.venv.broken.20260831-112339/lib/python3.14/site-packages/oauthlib/oauth2/rfc6749/endpoints/authorization.py
/data/data/com.termux/files/home/GTA/BR/.venv.broken.20260831-112339/lib/python3.14/site-packages/oauthlib/oauth2/rfc6749/endpoints/base.py
/data/data/com.termux/files/home/GTA/BR/.venv.broken.20260831-112339/lib/python3.14/site-packages/oauthlib/oauth2/rfc6749/endpoints/introspect.py
/data/data/com.termux/files/home/GTA/BR/.venv.broken.20260831-112339/lib/python3.14/site-packages/oauthlib/oauth2/rfc6749/endpoints/metadata.py
/data/data/com.termux/files/home/GTA/BR/.venv.broken.20260831-112339/lib/python3.14/site-packages/oauthlib/oauth2/rfc6749/endpoints/pre_configured.py
/data/data/com.termux/files/home/GTA/BR/.venv.broken.20260831-112339/lib/python3.14/site-packages/oauthlib/oauth2/rfc6749/endpoints/resource.py
/data/data/com.termux/files/home/GTA/BR/.venv.broken.20260831-112339/lib/python3.14/site-packages/oauthlib/oauth2/rfc6749/endpoints/revocation.py
/data/data/com.termux/files/home/GTA/BR/.venv.broken.20260831-112339/lib/python3.14/site-packages/oauthlib/oauth2/rfc6749/endpoints/token.py
/data/data/com.termux/files/home/GTA/BR/.venv.broken.20260831-112339/lib/python3.14/site-packages/oauthlib/oauth2/rfc6749/errors.py
/data/data/com.termux/files/home/GTA/BR/.venv.broken.20260831-112339/lib/python3.14/site-packages/oauthlib/oauth2/rfc6749/grant_types/__init__.py
/data/data/com.termux/files/home/GTA/BR/.venv.broken.20260831-112339/lib/python3.14/site-packages/oauthlib/oauth2/rfc6749/grant_types/__pycache__/__init__.cpython-314.pyc
/data/data/com.termux/files/home/GTA/BR/.venv.broken.20260831-112339/lib/python3.14/site-packages/oauthlib/oauth2/rfc6749/grant_types/__pycache__/authorization_code.cpython-314.pyc
/data/data/com.termux/files/home/GTA/BR/.venv.broken.20260831-112339/lib/python3.14/site-packages/oauthlib/oauth2/rfc6749/grant_types/__pycache__/base.cpython-314.pyc
/data/data/com.termux/files/home/GTA/BR/.venv.broken.20260831-112339/lib/python3.14/site-packages/oauthlib/oauth2/rfc6749/grant_types/__pycache__/client_credentials.cpython-314.pyc
/data/data/com.termux/files/home/GTA/BR/.venv.broken.20260831-112339/lib/python3.14/site-packages/oauthlib/oauth2/rfc6749/grant_types/__pycache__/implicit.cpython-314.pyc
/data/data/com.termux/files/home/GTA/BR/.venv.broken.20260831-112339/lib/python3.14/site-packages/oauthlib/oauth2/rfc6749/grant_types/__pycache__/refresh_token.cpython-314.pyc
/data/data/com.termux/files/home/GTA/BR/.venv.broken.20260831-112339/lib/python3.14/site-packages/oauthlib/oauth2/rfc6749/grant_types/__pycache__/resource_owner_password_credentials.cpython-314.pyc
/data/data/com.termux/files/home/GTA/BR/.venv.broken.20260831-112339/lib/python3.14/site-packages/oauthlib/oauth2/rfc6749/grant_types/authorization_code.py
/data/data/com.termux/files/home/GTA/BR/.venv.broken.20260831-112339/lib/python3.14/site-packages/oauthlib/oauth2/rfc6749/grant_types/base.py
/data/data/com.termux/files/home/GTA/BR/.venv.broken.20260831-112339/lib/python3.14/site-packages/oauthlib/oauth2/rfc6749/grant_types/client_credentials.py
/data/data/com.termux/files/home/GTA/BR/.venv.broken.20260831-112339/lib/python3.14/site-packages/oauthlib/oauth2/rfc6749/grant_types/implicit.py
/data/data/com.termux/files/home/GTA/BR/.venv.broken.20260831-112339/lib/python3.14/site-packages/oauthlib/oauth2/rfc6749/grant_types/refresh_token.py
/data/data/com.termux/files/home/GTA/BR/.venv.broken.20260831-112339/lib/python3.14/site-packages/oauthlib/oauth2/rfc6749/grant_types/resource_owner_password_credentials.py
/data/data/com.termux/files/home/GTA/BR/.venv.broken.20260831-112339/lib/python3.14/site-packages/oauthlib/oauth2/rfc6749/parameters.py
/data/data/com.termux/files/home/GTA/BR/.venv.broken.20260831-112339/lib/python3.14/site-packages/oauthlib/oauth2/rfc6749/request_validator.py
/data/data/com.termux/files/home/GTA/BR/.venv.broken.20260831-112339/lib/python3.14/site-packages/oauthlib/oauth2/rfc6749/tokens.py
/data/data/com.termux/files/home/GTA/BR/.venv.broken.20260831-112339/lib/python3.14/site-packages/oauthlib/oauth2/rfc6749/utils.py
/data/data/com.termux/files/home/GTA/BR/.venv.broken.20260831-112339/lib/python3.14/site-packages/oauthlib/oauth2/rfc8628/__init__.py
/data/data/com.termux/files/home/GTA/BR/.venv.broken.20260831-112339/lib/python3.14/site-packages/oauthlib/oauth2/rfc8628/__pycache__/__init__.cpython-314.pyc
/data/data/com.termux/files/home/GTA/BR/.venv.broken.20260831-112339/lib/python3.14/site-packages/oauthlib/oauth2/rfc8628/__pycache__/errors.cpython-314.pyc
/data/data/com.termux/files/home/GTA/BR/.venv.broken.20260831-112339/lib/python3.14/site-packages/oauthlib/oauth2/rfc8628/__pycache__/request_validator.cpython-314.pyc
/data/data/com.termux/files/home/GTA/BR/.venv.broken.20260831-112339/lib/python3.14/site-packages/oauthlib/oauth2/rfc8628/clients/__init__.py
/data/data/com.termux/files/home/GTA/BR/.venv.broken.20260831-112339/lib/python3.14/site-packages/oauthlib/oauth2/rfc8628/clients/__pycache__/__init__.cpython-314.pyc
/data/data/com.termux/files/home/GTA/BR/.venv.broken.20260831-112339/lib/python3.14/site-packages/oauthlib/oauth2/rfc8628/clients/__pycache__/device.cpython-314.pyc
/data/data/com.termux/files/home/GTA/BR/.venv.broken.20260831-112339/lib/python3.14/site-packages/oauthlib/oauth2/rfc8628/clients/device.py
/data/data/com.termux/files/home/GTA/BR/.venv.broken.20260831-112339/lib/python3.14/site-packages/oauthlib/oauth2/rfc8628/endpoints/__init__.py
/data/data/com.termux/files/home/GTA/BR/.venv.broken.20260831-112339/lib/python3.14/site-packages/oauthlib/oauth2/rfc8628/endpoints/__pycache__/__init__.cpython-314.pyc
/data/data/com.termux/files/home/GTA/BR/.venv.broken.20260831-112339/lib/python3.14/site-packages/oauthlib/oauth2/rfc8628/endpoints/__pycache__/device_authorization.cpython-314.pyc
/data/data/com.termux/files/home/GTA/BR/.venv.broken.20260831-112339/lib/python3.14/site-packages/oauthlib/oauth2/rfc8628/endpoints/__pycache__/pre_configured.cpython-314.pyc
/data/data/com.termux/files/home/GTA/BR/.venv.broken.20260831-112339/lib/python3.14/site-packages/oauthlib/oauth2/rfc8628/endpoints/device_authorization.py
/data/data/com.termux/files/home/GTA/BR/.venv.broken.20260831-112339/lib/python3.14/site-packages/oauthlib/oauth2/rfc8628/endpoints/pre_configured.py
/data/data/com.termux/files/home/GTA/BR/.venv.broken.20260831-112339/lib/python3.14/site-packages/oauthlib/oauth2/rfc8628/errors.py
/data/data/com.termux/files/home/GTA/BR/.venv.broken.20260831-112339/lib/python3.14/site-packages/oauthlib/oauth2/rfc8628/grant_types/__init__.py
/data/data/com.termux/files/home/GTA/BR/.venv.broken.20260831-112339/lib/python3.14/site-packages/oauthlib/oauth2/rfc8628/grant_types/__pycache__/__init__.cpython-314.pyc
/data/data/com.termux/files/home/GTA/BR/.venv.broken.20260831-112339/lib/python3.14/site-packages/oauthlib/oauth2/rfc8628/grant_types/__pycache__/device_code.cpython-314.pyc
/data/data/com.termux/files/home/GTA/BR/.venv.broken.20260831-112339/lib/python3.14/site-packages/oauthlib/oauth2/rfc8628/grant_types/device_code.py
/data/data/com.termux/files/home/GTA/BR/.venv.broken.20260831-112339/lib/python3.14/site-packages/oauthlib/oauth2/rfc8628/request_validator.py
/data/data/com.termux/files/home/GTA/BR/.venv.broken.20260831-112339/lib/python3.14/site-packages/oauthlib/openid/__init__.py
/data/data/com.termux/files/home/GTA/BR/.venv.broken.20260831-112339/lib/python3.14/site-packages/oauthlib/openid/__pycache__/__init__.cpython-314.pyc
/data/data/com.termux/files/home/GTA/BR/.venv.broken.20260831-112339/lib/python3.14/site-packages/oauthlib/openid/connect/__init__.py
/data/data/com.termux/files/home/GTA/BR/.venv.broken.20260831-112339/lib/python3.14/site-packages/oauthlib/openid/connect/__pycache__/__init__.cpython-314.pyc
/data/data/com.termux/files/home/GTA/BR/.venv.broken.20260831-112339/lib/python3.14/site-packages/oauthlib/openid/connect/core/__init__.py
/data/data/com.termux/files/home/GTA/BR/.venv.broken.20260831-112339/lib/python3.14/site-packages/oauthlib/openid/connect/core/__pycache__/__init__.cpython-314.pyc
/data/data/com.termux/files/home/GTA/BR/.venv.broken.20260831-112339/lib/python3.14/site-packages/oauthlib/openid/connect/core/__pycache__/exceptions.cpython-314.pyc
/data/data/com.termux/files/home/GTA/BR/.venv.broken.20260831-112339/lib/python3.14/site-packages/oauthlib/openid/connect/core/__pycache__/request_validator.cpython-314.pyc
/data/data/com.termux/files/home/GTA/BR/.venv.broken.20260831-112339/lib/python3.14/site-packages/oauthlib/openid/connect/core/__pycache__/tokens.cpython-314.pyc
/data/data/com.termux/files/home/GTA/BR/.venv.broken.20260831-112339/lib/python3.14/site-packages/oauthlib/openid/connect/core/endpoints/__init__.py
/data/data/com.termux/files/home/GTA/BR/.venv.broken.20260831-112339/lib/python3.14/site-packages/oauthlib/openid/connect/core/endpoints/__pycache__/__init__.cpython-314.pyc
/data/data/com.termux/files/home/GTA/BR/.venv.broken.20260831-112339/lib/python3.14/site-packages/oauthlib/openid/connect/core/endpoints/__pycache__/pre_configured.cpython-314.pyc
/data/data/com.termux/files/home/GTA/BR/.venv.broken.20260831-112339/lib/python3.14/site-packages/oauthlib/openid/connect/core/endpoints/__pycache__/userinfo.cpython-314.pyc
/data/data/com.termux/files/home/GTA/BR/.venv.broken.20260831-112339/lib/python3.14/site-packages/oauthlib/openid/connect/core/endpoints/pre_configured.py
/data/data/com.termux/files/home/GTA/BR/.venv.broken.20260831-112339/lib/python3.14/site-packages/oauthlib/openid/connect/core/endpoints/userinfo.py
/data/data/com.termux/files/home/GTA/BR/.venv.broken.20260831-112339/lib/python3.14/site-packages/oauthlib/openid/connect/core/exceptions.py
/data/data/com.termux/files/home/GTA/BR/.venv.broken.20260831-112339/lib/python3.14/site-packages/oauthlib/openid/connect/core/grant_types/__init__.py
/data/data/com.termux/files/home/GTA/BR/.venv.broken.20260831-112339/lib/python3.14/site-packages/oauthlib/openid/connect/core/grant_types/__pycache__/__init__.cpython-314.pyc
/data/data/com.termux/files/home/GTA/BR/.venv.broken.20260831-112339/lib/python3.14/site-packages/oauthlib/openid/connect/core/grant_types/__pycache__/authorization_code.cpython-314.pyc
/data/data/com.termux/files/home/GTA/BR/.venv.broken.20260831-112339/lib/python3.14/site-packages/oauthlib/openid/connect/core/grant_types/__pycache__/base.cpython-314.pyc
/data/data/com.termux/files/home/GTA/BR/.venv.broken.20260831-112339/lib/python3.14/site-packages/oauthlib/openid/connect/core/grant_types/__pycache__/dispatchers.cpython-314.pyc
/data/data/com.termux/files/home/GTA/BR/.venv.broken.20260831-112339/lib/python3.14/site-packages/oauthlib/openid/connect/core/grant_types/__pycache__/hybrid.cpython-314.pyc
/data/data/com.termux/files/home/GTA/BR/.venv.broken.20260831-112339/lib/python3.14/site-packages/oauthlib/openid/connect/core/grant_types/__pycache__/implicit.cpython-314.pyc
/data/data/com.termux/files/home/GTA/BR/.venv.broken.20260831-112339/lib/python3.14/site-packages/oauthlib/openid/connect/core/grant_types/__pycache__/refresh_token.cpython-314.pyc
/data/data/com.termux/files/home/GTA/BR/.venv.broken.20260831-112339/lib/python3.14/site-packages/oauthlib/openid/connect/core/grant_types/authorization_code.py
/data/data/com.termux/files/home/GTA/BR/.venv.broken.20260831-112339/lib/python3.14/site-packages/oauthlib/openid/connect/core/grant_types/base.py
/data/data/com.termux/files/home/GTA/BR/.venv.broken.20260831-112339/lib/python3.14/site-packages/oauthlib/openid/connect/core/grant_types/dispatchers.py
/data/data/com.termux/files/home/GTA/BR/.venv.broken.20260831-112339/lib/python3.14/site-packages/oauthlib/openid/connect/core/grant_types/hybrid.py
/data/data/com.termux/files/home/GTA/BR/.venv.broken.20260831-112339/lib/python3.14/site-packages/oauthlib/openid/connect/core/grant_types/implicit.py
/data/data/com.termux/files/home/GTA/BR/.venv.broken.20260831-112339/lib/python3.14/site-packages/oauthlib/openid/connect/core/grant_types/refresh_token.py
/data/data/com.termux/files/home/GTA/BR/.venv.broken.20260831-112339/lib/python3.14/site-packages/oauthlib/openid/connect/core/request_validator.py
/data/data/com.termux/files/home/GTA/BR/.venv.broken.20260831-112339/lib/python3.14/site-packages/oauthlib/openid/connect/core/tokens.py
/data/data/com.termux/files/home/GTA/BR/.venv.broken.20260831-112339/lib/python3.14/site-packages/oauthlib/signals.py
/data/data/com.termux/files/home/GTA/BR/.venv.broken.20260831-112339/lib/python3.14/site-packages/oauthlib/uri_validate.py
/data/data/com.termux/files/home/GTA/BR/.venv.broken.20260831-112339/lib/python3.14/site-packages/pip-26.2.1.dist-info/INSTALLER
/data/data/com.termux/files/home/GTA/BR/.venv.broken.20260831-112339/lib/python3.14/site-packages/pip-26.2.1.dist-info/METADATA
/data/data/com.termux/files/home/GTA/BR/.venv.broken.20260831-112339/lib/python3.14/site-packages/pip-26.2.1.dist-info/RECORD
/data/data/com.termux/files/home/GTA/BR/.venv.broken.20260831-112339/lib/python3.14/site-packages/pip-26.2.1.dist-info/REQUESTED
/data/data/com.termux/files/home/GTA/BR/.venv.broken.20260831-112339/lib/python3.14/site-packages/pip-26.2.1.dist-info/WHEEL
/data/data/com.termux/files/home/GTA/BR/.venv.broken.20260831-112339/lib/python3.14/site-packages/pip-26.2.1.dist-info/entry_points.txt
/data/data/com.termux/files/home/GTA/BR/.venv.broken.20260831-112339/lib/python3.14/site-packages/pip-26.2.1.dist-info/licenses/AUTHORS.txt
/data/data/com.termux/files/home/GTA/BR/.venv.broken.20260831-112339/lib/python3.14/site-packages/pip-26.2.1.dist-info/licenses/LICENSE.txt
/data/data/com.termux/files/home/GTA/BR/.venv.broken.20260831-112339/lib/python3.14/site-packages/pip-26.2.1.dist-info/licenses/src/pip/_vendor/cachecontrol/LICENSE.txt
/data/data/com.termux/files/home/GTA/BR/.venv.broken.20260831-112339/lib/python3.14/site-packages/pip-26.2.1.dist-info/licenses/src/pip/_vendor/certifi/LICENSE
/data/data/com.termux/files/home/GTA/BR/.venv.broken.20260831-112339/lib/python3.14/site-packages/pip-26.2.1.dist-info/licenses/src/pip/_vendor/distlib/LICENSE.txt
/data/data/com.termux/files/home/GTA/BR/.venv.broken.20260831-112339/lib/python3.14/site-packages/pip-26.2.1.dist-info/licenses/src/pip/_vendor/distro/LICENSE
/data/data/com.termux/files/home/GTA/BR/.venv.broken.20260831-112339/lib/python3.14/site-packages/pip-26.2.1.dist-info/licenses/src/pip/_vendor/idna/LICENSE.md
/data/data/com.termux/files/home/GTA/BR/.venv.broken.20260831-112339/lib/python3.14/site-packages/pip-26.2.1.dist-info/licenses/src/pip/_vendor/msgpack/COPYING
/data/data/com.termux/files/home/GTA/BR/.venv.broken.20260831-112339/lib/python3.14/site-packages/pip-26.2.1.dist-info/licenses/src/pip/_vendor/packaging/LICENSE
/data/data/com.termux/files/home/GTA/BR/.venv.broken.20260831-112339/lib/python3.14/site-packages/pip-26.2.1.dist-info/licenses/src/pip/_vendor/packaging/LICENSE.APACHE
/data/data/com.termux/files/home/GTA/BR/.venv.broken.20260831-112339/lib/python3.14/site-packages/pip-26.2.1.dist-info/licenses/src/pip/_vendor/packaging/LICENSE.BSD
/data/data/com.termux/files/home/GTA/BR/.venv.broken.20260831-112339/lib/python3.14/site-packages/pip-26.2.1.dist-info/licenses/src/pip/_vendor/pkg_resources/LICENSE
/data/data/com.termux/files/home/GTA/BR/.venv.broken.20260831-112339/lib/python3.14/site-packages/pip-26.2.1.dist-info/licenses/src/pip/_vendor/platformdirs/LICENSE
/data/data/com.termux/files/home/GTA/BR/.venv.broken.20260831-112339/lib/python3.14/site-packages/pip-26.2.1.dist-info/licenses/src/pip/_vendor/pygments/LICENSE
/data/data/com.termux/files/home/GTA/BR/.venv.broken.20260831-112339/lib/python3.14/site-packages/pip-26.2.1.dist-info/licenses/src/pip/_vendor/pyproject_hooks/LICENSE
/data/data/com.termux/files/home/GTA/BR/.venv.broken.20260831-112339/lib/python3.14/site-packages/pip-26.2.1.dist-info/licenses/src/pip/_vendor/requests/LICENSE
/data/data/com.termux/files/home/GTA/BR/.venv.broken.20260831-112339/lib/python3.14/site-packages/pip-26.2.1.dist-info/licenses/src/pip/_vendor/resolvelib/LICENSE
/data/data/com.termux/files/home/GTA/BR/.venv.broken.20260831-112339/lib/python3.14/site-packages/pip-26.2.1.dist-info/licenses/src/pip/_vendor/rich/LICENSE
/data/data/com.termux/files/home/GTA/BR/.venv.broken.20260831-112339/lib/python3.14/site-packages/pip-26.2.1.dist-info/licenses/src/pip/_vendor/tomli/LICENSE
/data/data/com.termux/files/home/GTA/BR/.venv.broken.20260831-112339/lib/python3.14/site-packages/pip-26.2.1.dist-info/licenses/src/pip/_vendor/tomli_w/LICENSE
/data/data/com.termux/files/home/GTA/BR/.venv.broken.20260831-112339/lib/python3.14/site-packages/pip-26.2.1.dist-info/licenses/src/pip/_vendor/truststore/LICENSE
/data/data/com.termux/files/home/GTA/BR/.venv.broken.20260831-112339/lib/python3.14/site-packages/pip-26.2.1.dist-info/licenses/src/pip/_vendor/urllib3/LICENSE.txt
/data/data/com.termux/files/home/GTA/BR/.venv.broken.20260831-112339/lib/python3.14/site-packages/pip/__init__.py
/data/data/com.termux/files/home/GTA/BR/.venv.broken.20260831-112339/lib/python3.14/site-packages/pip/__main__.py
/data/data/com.termux/files/home/GTA/BR/.venv.broken.20260831-112339/lib/python3.14/site-packages/pip/__pip-runner__.py
/data/data/com.termux/files/home/GTA/BR/.venv.broken.20260831-112339/lib/python3.14/site-packages/pip/__pycache__/__init__.cpython-314.pyc
/data/data/com.termux/files/home/GTA/BR/.venv.broken.20260831-112339/lib/python3.14/site-packages/pip/__pycache__/__main__.cpython-314.pyc
/data/data/com.termux/files/home/GTA/BR/.venv.broken.20260831-112339/lib/python3.14/site-packages/pip/__pycache__/__pip-runner__.cpython-314.pyc
/data/data/com.termux/files/home/GTA/BR/.venv.broken.20260831-112339/lib/python3.14/site-packages/pip/_internal/__init__.py
/data/data/com.termux/files/home/GTA/BR/.venv.broken.20260831-112339/lib/python3.14/site-packages/pip/_internal/__pycache__/__init__.cpython-314.pyc
/data/data/com.termux/files/home/GTA/BR/.venv.broken.20260831-112339/lib/python3.14/site-packages/pip/_internal/__pycache__/cache.cpython-314.pyc
/data/data/com.termux/files/home/GTA/BR/.venv.broken.20260831-112339/lib/python3.14/site-packages/pip/_internal/__pycache__/configuration.cpython-314.pyc
/data/data/com.termux/files/home/GTA/BR/.venv.broken.20260831-112339/lib/python3.14/site-packages/pip/_internal/__pycache__/exceptions.cpython-314.pyc
/data/data/com.termux/files/home/GTA/BR/.venv.broken.20260831-112339/lib/python3.14/site-packages/pip/_internal/__pycache__/main.cpython-314.pyc
/data/data/com.termux/files/home/GTA/BR/.venv.broken.20260831-112339/lib/python3.14/site-packages/pip/_internal/__pycache__/pyproject.cpython-314.pyc
/data/data/com.termux/files/home/GTA/BR/.venv.broken.20260831-112339/lib/python3.14/site-packages/pip/_internal/__pycache__/self_outdated_check.cpython-314.pyc
/data/data/com.termux/files/home/GTA/BR/.venv.broken.20260831-112339/lib/python3.14/site-packages/pip/_internal/__pycache__/wheel_builder.cpython-314.pyc
/data/data/com.termux/files/home/GTA/BR/.venv.broken.20260831-112339/lib/python3.14/site-packages/pip/_internal/build_env/__init__.py
/data/data/com.termux/files/home/GTA/BR/.venv.broken.20260831-112339/lib/python3.14/site-packages/pip/_internal/build_env/__pycache__/__init__.cpython-314.pyc
/data/data/com.termux/files/home/GTA/BR/.venv.broken.20260831-112339/lib/python3.14/site-packages/pip/_internal/build_env/__pycache__/base.cpython-314.pyc
/data/data/com.termux/files/home/GTA/BR/.venv.broken.20260831-112339/lib/python3.14/site-packages/pip/_internal/build_env/__pycache__/installer.cpython-314.pyc
/data/data/com.termux/files/home/GTA/BR/.venv.broken.20260831-112339/lib/python3.14/site-packages/pip/_internal/build_env/__pycache__/noop.cpython-314.pyc
/data/data/com.termux/files/home/GTA/BR/.venv.broken.20260831-112339/lib/python3.14/site-packages/pip/_internal/build_env/__pycache__/venv.cpython-314.pyc
/data/data/com.termux/files/home/GTA/BR/.venv.broken.20260831-112339/lib/python3.14/site-packages/pip/_internal/build_env/__pycache__/virtual.cpython-314.pyc
/data/data/com.termux/files/home/GTA/BR/.venv.broken.20260831-112339/lib/python3.14/site-packages/pip/_internal/build_env/base.py
/data/data/com.termux/files/home/GTA/BR/.venv.broken.20260831-112339/lib/python3.14/site-packages/pip/_internal/build_env/installer.py
/data/data/com.termux/files/home/GTA/BR/.venv.broken.20260831-112339/lib/python3.14/site-packages/pip/_internal/build_env/noop.py
/data/data/com.termux/files/home/GTA/BR/.venv.broken.20260831-112339/lib/python3.14/site-packages/pip/_internal/build_env/venv.py
/data/data/com.termux/files/home/GTA/BR/.venv.broken.20260831-112339/lib/python3.14/site-packages/pip/_internal/build_env/virtual.py
/data/data/com.termux/files/home/GTA/BR/.venv.broken.20260831-112339/lib/python3.14/site-packages/pip/_internal/cache.py
/data/data/com.termux/files/home/GTA/BR/.venv.broken.20260831-112339/lib/python3.14/site-packages/pip/_internal/cli/__init__.py
/data/data/com.termux/files/home/GTA/BR/.venv.broken.20260831-112339/lib/python3.14/site-packages/pip/_internal/cli/__pycache__/__init__.cpython-314.pyc
/data/data/com.termux/files/home/GTA/BR/.venv.broken.20260831-112339/lib/python3.14/site-packages/pip/_internal/cli/__pycache__/autocompletion.cpython-314.pyc
/data/data/com.termux/files/home/GTA/BR/.venv.broken.20260831-112339/lib/python3.14/site-packages/pip/_internal/cli/__pycache__/base_command.cpython-314.pyc
/data/data/com.termux/files/home/GTA/BR/.venv.broken.20260831-112339/lib/python3.14/site-packages/pip/_internal/cli/__pycache__/cmdoptions.cpython-314.pyc
/data/data/com.termux/files/home/GTA/BR/.venv.broken.20260831-112339/lib/python3.14/site-packages/pip/_internal/cli/__pycache__/command_context.cpython-314.pyc
/data/data/com.termux/files/home/GTA/BR/.venv.broken.20260831-112339/lib/python3.14/site-packages/pip/_internal/cli/__pycache__/index_command.cpython-314.pyc
/data/data/com.termux/files/home/GTA/BR/.venv.broken.20260831-112339/lib/python3.14/site-packages/pip/_internal/cli/__pycache__/main.cpython-314.pyc
/data/data/com.termux/files/home/GTA/BR/.venv.broken.20260831-112339/lib/python3.14/site-packages/pip/_internal/cli/__pycache__/main_parser.cpython-314.pyc
/data/data/com.termux/files/home/GTA/BR/.venv.broken.20260831-112339/lib/python3.14/site-packages/pip/_internal/cli/__pycache__/parser.cpython-314.pyc
/data/data/com.termux/files/home/GTA/BR/.venv.broken.20260831-112339/lib/python3.14/site-packages/pip/_internal/cli/__pycache__/progress_bars.cpython-314.pyc
/data/data/com.termux/files/home/GTA/BR/.venv.broken.20260831-112339/lib/python3.14/site-packages/pip/_internal/cli/__pycache__/req_command.cpython-314.pyc
/data/data/com.termux/files/home/GTA/BR/.venv.broken.20260831-112339/lib/python3.14/site-packages/pip/_internal/cli/__pycache__/spinners.cpython-314.pyc
/data/data/com.termux/files/home/GTA/BR/.venv.broken.20260831-112339/lib/python3.14/site-packages/pip/_internal/cli/__pycache__/status_codes.cpython-314.pyc
/data/data/com.termux/files/home/GTA/BR/.venv.broken.20260831-112339/lib/python3.14/site-packages/pip/_internal/cli/autocompletion.py
/data/data/com.termux/files/home/GTA/BR/.venv.broken.20260831-112339/lib/python3.14/site-packages/pip/_internal/cli/base_command.py
/data/data/com.termux/files/home/GTA/BR/.venv.broken.20260831-112339/lib/python3.14/site-packages/pip/_internal/cli/cmdoptions.py
/data/data/com.termux/files/home/GTA/BR/.venv.broken.20260831-112339/lib/python3.14/site-packages/pip/_internal/cli/command_context.py
/data/data/com.termux/files/home/GTA/BR/.venv.broken.20260831-112339/lib/python3.14/site-packages/pip/_internal/cli/index_command.py
/data/data/com.termux/files/home/GTA/BR/.venv.broken.20260831-112339/lib/python3.14/site-packages/pip/_internal/cli/main.py
/data/data/com.termux/files/home/GTA/BR/.venv.broken.20260831-112339/lib/python3.14/site-packages/pip/_internal/cli/main_parser.py
/data/data/com.termux/files/home/GTA/BR/.venv.broken.20260831-112339/lib/python3.14/site-packages/pip/_internal/cli/parser.py
/data/data/com.termux/files/home/GTA/BR/.venv.broken.20260831-112339/lib/python3.14/site-packages/pip/_internal/cli/progress_bars.py
/data/data/com.termux/files/home/GTA/BR/.venv.broken.20260831-112339/lib/python3.14/site-packages/pip/_internal/cli/req_command.py
/data/data/com.termux/files/home/GTA/BR/.venv.broken.20260831-112339/lib/python3.14/site-packages/pip/_internal/cli/spinners.py
/data/data/com.termux/files/home/GTA/BR/.venv.broken.20260831-112339/lib/python3.14/site-packages/pip/_internal/cli/status_codes.py
/data/data/com.termux/files/home/GTA/BR/.venv.broken.20260831-112339/lib/python3.14/site-packages/pip/_internal/commands/__init__.py
/data/data/com.termux/files/home/GTA/BR/.venv.broken.20260831-112339/lib/python3.14/site-packages/pip/_internal/commands/__pycache__/__init__.cpython-314.pyc
/data/data/com.termux/files/home/GTA/BR/.venv.broken.20260831-112339/lib/python3.14/site-packages/pip/_internal/commands/__pycache__/cache.cpython-314.pyc
/data/data/com.termux/files/home/GTA/BR/.venv.broken.20260831-112339/lib/python3.14/site-packages/pip/_internal/commands/__pycache__/check.cpython-314.pyc
/data/data/com.termux/files/home/GTA/BR/.venv.broken.20260831-112339/lib/python3.14/site-packages/pip/_internal/commands/__pycache__/completion.cpython-314.pyc
/data/data/com.termux/files/home/GTA/BR/.venv.broken.20260831-112339/lib/python3.14/site-packages/pip/_internal/commands/__pycache__/configuration.cpython-314.pyc
/data/data/com.termux/files/home/GTA/BR/.venv.broken.20260831-112339/lib/python3.14/site-packages/pip/_internal/commands/__pycache__/debug.cpython-314.pyc
/data/data/com.termux/files/home/GTA/BR/.venv.broken.20260831-112339/lib/python3.14/site-packages/pip/_internal/commands/__pycache__/download.cpython-314.pyc
/data/data/com.termux/files/home/GTA/BR/.venv.broken.20260831-112339/lib/python3.14/site-packages/pip/_internal/commands/__pycache__/freeze.cpython-314.pyc
/data/data/com.termux/files/home/GTA/BR/.venv.broken.20260831-112339/lib/python3.14/site-packages/pip/_internal/commands/__pycache__/hash.cpython-314.pyc
/data/data/com.termux/files/home/GTA/BR/.venv.broken.20260831-112339/lib/python3.14/site-packages/pip/_internal/commands/__pycache__/help.cpython-314.pyc
/data/data/com.termux/files/home/GTA/BR/.venv.broken.20260831-112339/lib/python3.14/site-packages/pip/_internal/commands/__pycache__/index.cpython-314.pyc
/data/data/com.termux/files/home/GTA/BR/.venv.broken.20260831-112339/lib/python3.14/site-packages/pip/_internal/commands/__pycache__/inspect.cpython-314.pyc
/data/data/com.termux/files/home/GTA/BR/.venv.broken.20260831-112339/lib/python3.14/site-packages/pip/_internal/commands/__pycache__/install.cpython-314.pyc
/data/data/com.termux/files/home/GTA/BR/.venv.broken.20260831-112339/lib/python3.14/site-packages/pip/_internal/commands/__pycache__/list.cpython-314.pyc
/data/data/com.termux/files/home/GTA/BR/.venv.broken.20260831-112339/lib/python3.14/site-packages/pip/_internal/commands/__pycache__/lock.cpython-314.pyc
/data/data/com.termux/files/home/GTA/BR/.venv.broken.20260831-112339/lib/python3.14/site-packages/pip/_internal/commands/__pycache__/search.cpython-314.pyc
/data/data/com.termux/files/home/GTA/BR/.venv.broken.20260831-112339/lib/python3.14/site-packages/pip/_internal/commands/__pycache__/show.cpython-314.pyc
/data/data/com.termux/files/home/GTA/BR/.venv.broken.20260831-112339/lib/python3.14/site-packages/pip/_internal/commands/__pycache__/uninstall.cpython-314.pyc
/data/data/com.termux/files/home/GTA/BR/.venv.broken.20260831-112339/lib/python3.14/site-packages/pip/_internal/commands/__pycache__/wheel.cpython-314.pyc
/data/data/com.termux/files/home/GTA/BR/.venv.broken.20260831-112339/lib/python3.14/site-packages/pip/_internal/commands/cache.py
/data/data/com.termux/files/home/GTA/BR/.venv.broken.20260831-112339/lib/python3.14/site-packages/pip/_internal/commands/check.py
/data/data/com.termux/files/home/GTA/BR/.venv.broken.20260831-112339/lib/python3.14/site-packages/pip/_internal/commands/completion.py
/data/data/com.termux/files/home/GTA/BR/.venv.broken.20260831-112339/lib/python3.14/site-packages/pip/_internal/commands/configuration.py
/data/data/com.termux/files/home/GTA/BR/.venv.broken.20260831-112339/lib/python3.14/site-packages/pip/_internal/commands/debug.py
/data/data/com.termux/files/home/GTA/BR/.venv.broken.20260831-112339/lib/python3.14/site-packages/pip/_internal/commands/download.py
/data/data/com.termux/files/home/GTA/BR/.venv.broken.20260831-112339/lib/python3.14/site-packages/pip/_internal/commands/freeze.py
/data/data/com.termux/files/home/GTA/BR/.venv.broken.20260831-112339/lib/python3.14/site-packages/pip/_internal/commands/hash.py
/data/data/com.termux/files/home/GTA/BR/.venv.broken.20260831-112339/lib/python3.14/site-packages/pip/_internal/commands/help.py
/data/data/com.termux/files/home/GTA/BR/.venv.broken.20260831-112339/lib/python3.14/site-packages/pip/_internal/commands/index.py
/data/data/com.termux/files/home/GTA/BR/.venv.broken.20260831-112339/lib/python3.14/site-packages/pip/_internal/commands/inspect.py
/data/data/com.termux/files/home/GTA/BR/.venv.broken.20260831-112339/lib/python3.14/site-packages/pip/_internal/commands/install.py
/data/data/com.termux/files/home/GTA/BR/.venv.broken.20260831-112339/lib/python3.14/site-packages/pip/_internal/commands/list.py
/data/data/com.termux/files/home/GTA/BR/.venv.broken.20260831-112339/lib/python3.14/site-packages/pip/_internal/commands/lock.py
/data/data/com.termux/files/home/GTA/BR/.venv.broken.20260831-112339/lib/python3.14/site-packages/pip/_internal/commands/search.py
/data/data/com.termux/files/home/GTA/BR/.venv.broken.20260831-112339/lib/python3.14/site-packages/pip/_internal/commands/show.py
/data/data/com.termux/files/home/GTA/BR/.venv.broken.20260831-112339/lib/python3.14/site-packages/pip/_internal/commands/uninstall.py
/data/data/com.termux/files/home/GTA/BR/.venv.broken.20260831-112339/lib/python3.14/site-packages/pip/_internal/commands/wheel.py
/data/data/com.termux/files/home/GTA/BR/.venv.broken.20260831-112339/lib/python3.14/site-packages/pip/_internal/configuration.py
/data/data/com.termux/files/home/GTA/BR/.venv.broken.20260831-112339/lib/python3.14/site-packages/pip/_internal/distributions/__init__.py
/data/data/com.termux/files/home/GTA/BR/.venv.broken.20260831-112339/lib/python3.14/site-packages/pip/_internal/distributions/__pycache__/__init__.cpython-314.pyc
/data/data/com.termux/files/home/GTA/BR/.venv.broken.20260831-112339/lib/python3.14/site-packages/pip/_internal/distributions/__pycache__/base.cpython-314.pyc
/data/data/com.termux/files/home/GTA/BR/.venv.broken.20260831-112339/lib/python3.14/site-packages/pip/_internal/distributions/__pycache__/installed.cpython-314.pyc
/data/data/com.termux/files/home/GTA/BR/.venv.broken.20260831-112339/lib/python3.14/site-packages/pip/_internal/distributions/__pycache__/sdist.cpython-314.pyc
/data/data/com.termux/files/home/GTA/BR/.venv.broken.20260831-112339/lib/python3.14/site-packages/pip/_internal/distributions/__pycache__/wheel.cpython-314.pyc
/data/data/com.termux/files/home/GTA/BR/.venv.broken.20260831-112339/lib/python3.14/site-packages/pip/_internal/distributions/base.py
/data/data/com.termux/files/home/GTA/BR/.venv.broken.20260831-112339/lib/python3.14/site-packages/pip/_internal/distributions/installed.py
/data/data/com.termux/files/home/GTA/BR/.venv.broken.20260831-112339/lib/python3.14/site-packages/pip/_internal/distributions/sdist.py
/data/data/com.termux/files/home/GTA/BR/.venv.broken.20260831-112339/lib/python3.14/site-packages/pip/_internal/distributions/wheel.py
/data/data/com.termux/files/home/GTA/BR/.venv.broken.20260831-112339/lib/python3.14/site-packages/pip/_internal/exceptions.py
/data/data/com.termux/files/home/GTA/BR/.venv.broken.20260831-112339/lib/python3.14/site-packages/pip/_internal/index/__init__.py
/data/data/com.termux/files/home/GTA/BR/.venv.broken.20260831-112339/lib/python3.14/site-packages/pip/_internal/index/__pycache__/__init__.cpython-314.pyc
/data/data/com.termux/files/home/GTA/BR/.venv.broken.20260831-112339/lib/python3.14/site-packages/pip/_internal/index/__pycache__/collector.cpython-314.pyc
/data/data/com.termux/files/home/GTA/BR/.venv.broken.20260831-112339/lib/python3.14/site-packages/pip/_internal/index/__pycache__/package_finder.cpython-314.pyc
/data/data/com.termux/files/home/GTA/BR/.venv.broken.20260831-112339/lib/python3.14/site-packages/pip/_internal/index/__pycache__/sources.cpython-314.pyc
/data/data/com.termux/files/home/GTA/BR/.venv.broken.20260831-112339/lib/python3.14/site-packages/pip/_internal/index/collector.py
/data/data/com.termux/files/home/GTA/BR/.venv.broken.20260831-112339/lib/python3.14/site-packages/pip/_internal/index/package_finder.py
/data/data/com.termux/files/home/GTA/BR/.venv.broken.20260831-112339/lib/python3.14/site-packages/pip/_internal/index/sources.py
/data/data/com.termux/files/home/GTA/BR/.venv.broken.20260831-112339/lib/python3.14/site-packages/pip/_internal/locations/__init__.py
/data/data/com.termux/files/home/GTA/BR/.venv.broken.20260831-112339/lib/python3.14/site-packages/pip/_internal/locations/__pycache__/__init__.cpython-314.pyc
/data/data/com.termux/files/home/GTA/BR/.venv.broken.20260831-112339/lib/python3.14/site-packages/pip/_internal/locations/__pycache__/_distutils.cpython-314.pyc
/data/data/com.termux/files/home/GTA/BR/.venv.broken.20260831-112339/lib/python3.14/site-packages/pip/_internal/locations/__pycache__/_sysconfig.cpython-314.pyc
/data/data/com.termux/files/home/GTA/BR/.venv.broken.20260831-112339/lib/python3.14/site-packages/pip/_internal/locations/__pycache__/base.cpython-314.pyc
/data/data/com.termux/files/home/GTA/BR/.venv.broken.20260831-112339/lib/python3.14/site-packages/pip/_internal/locations/_distutils.py
/data/data/com.termux/files/home/GTA/BR/.venv.broken.20260831-112339/lib/python3.14/site-packages/pip/_internal/locations/_sysconfig.py
/data/data/com.termux/files/home/GTA/BR/.venv.broken.20260831-112339/lib/python3.14/site-packages/pip/_internal/locations/base.py
/data/data/com.termux/files/home/GTA/BR/.venv.broken.20260831-112339/lib/python3.14/site-packages/pip/_internal/main.py
/data/data/com.termux/files/home/GTA/BR/.venv.broken.20260831-112339/lib/python3.14/site-packages/pip/_internal/metadata/__init__.py
/data/data/com.termux/files/home/GTA/BR/.venv.broken.20260831-112339/lib/python3.14/site-packages/pip/_internal/metadata/__pycache__/__init__.cpython-314.pyc
/data/data/com.termux/files/home/GTA/BR/.venv.broken.20260831-112339/lib/python3.14/site-packages/pip/_internal/metadata/__pycache__/_json.cpython-314.pyc
/data/data/com.termux/files/home/GTA/BR/.venv.broken.20260831-112339/lib/python3.14/site-packages/pip/_internal/metadata/__pycache__/base.cpython-314.pyc
/data/data/com.termux/files/home/GTA/BR/.venv.broken.20260831-112339/lib/python3.14/site-packages/pip/_internal/metadata/__pycache__/pkg_resources.cpython-314.pyc
/data/data/com.termux/files/home/GTA/BR/.venv.broken.20260831-112339/lib/python3.14/site-packages/pip/_internal/metadata/_json.py
/data/data/com.termux/files/home/GTA/BR/.venv.broken.20260831-112339/lib/python3.14/site-packages/pip/_internal/metadata/base.py
/data/data/com.termux/files/home/GTA/BR/.venv.broken.20260831-112339/lib/python3.14/site-packages/pip/_internal/metadata/importlib/__init__.py
/data/data/com.termux/files/home/GTA/BR/.venv.broken.20260831-112339/lib/python3.14/site-packages/pip/_internal/metadata/importlib/__pycache__/__init__.cpython-314.pyc
/data/data/com.termux/files/home/GTA/BR/.venv.broken.20260831-112339/lib/python3.14/site-packages/pip/_internal/metadata/importlib/__pycache__/_compat.cpython-314.pyc
/data/data/com.termux/files/home/GTA/BR/.venv.broken.20260831-112339/lib/python3.14/site-packages/pip/_internal/metadata/importlib/__pycache__/_dists.cpython-314.pyc
/data/data/com.termux/files/home/GTA/BR/.venv.broken.20260831-112339/lib/python3.14/site-packages/pip/_internal/metadata/importlib/__pycache__/_envs.cpython-314.pyc
/data/data/com.termux/files/home/GTA/BR/.venv.broken.20260831-112339/lib/python3.14/site-packages/pip/_internal/metadata/importlib/_compat.py
/data/data/com.termux/files/home/GTA/BR/.venv.broken.20260831-112339/lib/python3.14/site-packages/pip/_internal/metadata/importlib/_dists.py
/data/data/com.termux/files/home/GTA/BR/.venv.broken.20260831-112339/lib/python3.14/site-packages/pip/_internal/metadata/importlib/_envs.py
/data/data/com.termux/files/home/GTA/BR/.venv.broken.20260831-112339/lib/python3.14/site-packages/pip/_internal/metadata/pkg_resources.py
/data/data/com.termux/files/home/GTA/BR/.venv.broken.20260831-112339/lib/python3.14/site-packages/pip/_internal/models/__init__.py
/data/data/com.termux/files/home/GTA/BR/.venv.broken.20260831-112339/lib/python3.14/site-packages/pip/_internal/models/__pycache__/__init__.cpython-314.pyc
/data/data/com.termux/files/home/GTA/BR/.venv.broken.20260831-112339/lib/python3.14/site-packages/pip/_internal/models/__pycache__/candidate.cpython-314.pyc
/data/data/com.termux/files/home/GTA/BR/.venv.broken.20260831-112339/lib/python3.14/site-packages/pip/_internal/models/__pycache__/direct_url.cpython-314.pyc
/data/data/com.termux/files/home/GTA/BR/.venv.broken.20260831-112339/lib/python3.14/site-packages/pip/_internal/models/__pycache__/format_control.cpython-314.pyc
/data/data/com.termux/files/home/GTA/BR/.venv.broken.20260831-112339/lib/python3.14/site-packages/pip/_internal/models/__pycache__/index.cpython-314.pyc
/data/data/com.termux/files/home/GTA/BR/.venv.broken.20260831-112339/lib/python3.14/site-packages/pip/_internal/models/__pycache__/installation_report.cpython-314.pyc
/data/data/com.termux/files/home/GTA/BR/.venv.broken.20260831-112339/lib/python3.14/site-packages/pip/_internal/models/__pycache__/link.cpython-314.pyc
/data/data/com.termux/files/home/GTA/BR/.venv.broken.20260831-112339/lib/python3.14/site-packages/pip/_internal/models/__pycache__/release_control.cpython-314.pyc
/data/data/com.termux/files/home/GTA/BR/.venv.broken.20260831-112339/lib/python3.14/site-packages/pip/_internal/models/__pycache__/scheme.cpython-314.pyc
/data/data/com.termux/files/home/GTA/BR/.venv.broken.20260831-112339/lib/python3.14/site-packages/pip/_internal/models/__pycache__/search_scope.cpython-314.pyc
/data/data/com.termux/files/home/GTA/BR/.venv.broken.20260831-112339/lib/python3.14/site-packages/pip/_internal/models/__pycache__/selection_prefs.cpython-314.pyc
/data/data/com.termux/files/home/GTA/BR/.venv.broken.20260831-112339/lib/python3.14/site-packages/pip/_internal/models/__pycache__/target_python.cpython-314.pyc
/data/data/com.termux/files/home/GTA/BR/.venv.broken.20260831-112339/lib/python3.14/site-packages/pip/_internal/models/__pycache__/wheel.cpython-314.pyc
/data/data/com.termux/files/home/GTA/BR/.venv.broken.20260831-112339/lib/python3.14/site-packages/pip/_internal/models/candidate.py
/data/data/com.termux/files/home/GTA/BR/.venv.broken.20260831-112339/lib/python3.14/site-packages/pip/_internal/models/direct_url.py
/data/data/com.termux/files/home/GTA/BR/.venv.broken.20260831-112339/lib/python3.14/site-packages/pip/_internal/models/format_control.py
/data/data/com.termux/files/home/GTA/BR/.venv.broken.20260831-112339/lib/python3.14/site-packages/pip/_internal/models/index.py
/data/data/com.termux/files/home/GTA/BR/.venv.broken.20260831-112339/lib/python3.14/site-packages/pip/_internal/models/installation_report.py
/data/data/com.termux/files/home/GTA/BR/.venv.broken.20260831-112339/lib/python3.14/site-packages/pip/_internal/models/link.py
/data/data/com.termux/files/home/GTA/BR/.venv.broken.20260831-112339/lib/python3.14/site-packages/pip/_internal/models/release_control.py
/data/data/com.termux/files/home/GTA/BR/.venv.broken.20260831-112339/lib/python3.14/site-packages/pip/_internal/models/scheme.py
/data/data/com.termux/files/home/GTA/BR/.venv.broken.20260831-112339/lib/python3.14/site-packages/pip/_internal/models/search_scope.py
/data/data/com.termux/files/home/GTA/BR/.venv.broken.20260831-112339/lib/python3.14/site-packages/pip/_internal/models/selection_prefs.py
/data/data/com.termux/files/home/GTA/BR/.venv.broken.20260831-112339/lib/python3.14/site-packages/pip/_internal/models/target_python.py
/data/data/com.termux/files/home/GTA/BR/.venv.broken.20260831-112339/lib/python3.14/site-packages/pip/_internal/models/wheel.py
/data/data/com.termux/files/home/GTA/BR/.venv.broken.20260831-112339/lib/python3.14/site-packages/pip/_internal/network/__init__.py
/data/data/com.termux/files/home/GTA/BR/.venv.broken.20260831-112339/lib/python3.14/site-packages/pip/_internal/network/__pycache__/__init__.cpython-314.pyc
/data/data/com.termux/files/home/GTA/BR/.venv.broken.20260831-112339/lib/python3.14/site-packages/pip/_internal/network/__pycache__/auth.cpython-314.pyc
/data/data/com.termux/files/home/GTA/BR/.venv.broken.20260831-112339/lib/python3.14/site-packages/pip/_internal/network/__pycache__/cache.cpython-314.pyc
/data/data/com.termux/files/home/GTA/BR/.venv.broken.20260831-112339/lib/python3.14/site-packages/pip/_internal/network/__pycache__/download.cpython-314.pyc
/data/data/com.termux/files/home/GTA/BR/.venv.broken.20260831-112339/lib/python3.14/site-packages/pip/_internal/network/__pycache__/lazy_wheel.cpython-314.pyc
/data/data/com.termux/files/home/GTA/BR/.venv.broken.20260831-112339/lib/python3.14/site-packages/pip/_internal/network/__pycache__/session.cpython-314.pyc
/data/data/com.termux/files/home/GTA/BR/.venv.broken.20260831-112339/lib/python3.14/site-packages/pip/_internal/network/__pycache__/utils.cpython-314.pyc
/data/data/com.termux/files/home/GTA/BR/.venv.broken.20260831-112339/lib/python3.14/site-packages/pip/_internal/network/__pycache__/xmlrpc.cpython-314.pyc
/data/data/com.termux/files/home/GTA/BR/.venv.broken.20260831-112339/lib/python3.14/site-packages/pip/_internal/network/auth.py
/data/data/com.termux/files/home/GTA/BR/.venv.broken.20260831-112339/lib/python3.14/site-packages/pip/_internal/network/cache.py
/data/data/com.termux/files/home/GTA/BR/.venv.broken.20260831-112339/lib/python3.14/site-packages/pip/_internal/network/download.py
/data/data/com.termux/files/home/GTA/BR/.venv.broken.20260831-112339/lib/python3.14/site-packages/pip/_internal/network/lazy_wheel.py
/data/data/com.termux/files/home/GTA/BR/.venv.broken.20260831-112339/lib/python3.14/site-packages/pip/_internal/network/session.py
/data/data/com.termux/files/home/GTA/BR/.venv.broken.20260831-112339/lib/python3.14/site-packages/pip/_internal/network/utils.py
/data/data/com.termux/files/home/GTA/BR/.venv.broken.20260831-112339/lib/python3.14/site-packages/pip/_internal/network/xmlrpc.py
/data/data/com.termux/files/home/GTA/BR/.venv.broken.20260831-112339/lib/python3.14/site-packages/pip/_internal/operations/__init__.py
/data/data/com.termux/files/home/GTA/BR/.venv.broken.20260831-112339/lib/python3.14/site-packages/pip/_internal/operations/__pycache__/__init__.cpython-314.pyc
/data/data/com.termux/files/home/GTA/BR/.venv.broken.20260831-112339/lib/python3.14/site-packages/pip/_internal/operations/__pycache__/check.cpython-314.pyc
/data/data/com.termux/files/home/GTA/BR/.venv.broken.20260831-112339/lib/python3.14/site-packages/pip/_internal/operations/__pycache__/freeze.cpython-314.pyc
/data/data/com.termux/files/home/GTA/BR/.venv.broken.20260831-112339/lib/python3.14/site-packages/pip/_internal/operations/__pycache__/prepare.cpython-314.pyc
/data/data/com.termux/files/home/GTA/BR/.venv.broken.20260831-112339/lib/python3.14/site-packages/pip/_internal/operations/build/__init__.py
/data/data/com.termux/files/home/GTA/BR/.venv.broken.20260831-112339/lib/python3.14/site-packages/pip/_internal/operations/build/__pycache__/__init__.cpython-314.pyc
/data/data/com.termux/files/home/GTA/BR/.venv.broken.20260831-112339/lib/python3.14/site-packages/pip/_internal/operations/build/__pycache__/build_tracker.cpython-314.pyc
/data/data/com.termux/files/home/GTA/BR/.venv.broken.20260831-112339/lib/python3.14/site-packages/pip/_internal/operations/build/__pycache__/metadata.cpython-314.pyc
/data/data/com.termux/files/home/GTA/BR/.venv.broken.20260831-112339/lib/python3.14/site-packages/pip/_internal/operations/build/__pycache__/metadata_editable.cpython-314.pyc
/data/data/com.termux/files/home/GTA/BR/.venv.broken.20260831-112339/lib/python3.14/site-packages/pip/_internal/operations/build/__pycache__/wheel.cpython-314.pyc
/data/data/com.termux/files/home/GTA/BR/.venv.broken.20260831-112339/lib/python3.14/site-packages/pip/_internal/operations/build/__pycache__/wheel_editable.cpython-314.pyc
/data/data/com.termux/files/home/GTA/BR/.venv.broken.20260831-112339/lib/python3.14/site-packages/pip/_internal/operations/build/build_tracker.py
/data/data/com.termux/files/home/GTA/BR/.venv.broken.20260831-112339/lib/python3.14/site-packages/pip/_internal/operations/build/metadata.py
/data/data/com.termux/files/home/GTA/BR/.venv.broken.20260831-112339/lib/python3.14/site-packages/pip/_internal/operations/build/metadata_editable.py
/data/data/com.termux/files/home/GTA/BR/.venv.broken.20260831-112339/lib/python3.14/site-packages/pip/_internal/operations/build/wheel.py
/data/data/com.termux/files/home/GTA/BR/.venv.broken.20260831-112339/lib/python3.14/site-packages/pip/_internal/operations/build/wheel_editable.py
/data/data/com.termux/files/home/GTA/BR/.venv.broken.20260831-112339/lib/python3.14/site-packages/pip/_internal/operations/check.py
/data/data/com.termux/files/home/GTA/BR/.venv.broken.20260831-112339/lib/python3.14/site-packages/pip/_internal/operations/freeze.py
/data/data/com.termux/files/home/GTA/BR/.venv.broken.20260831-112339/lib/python3.14/site-packages/pip/_internal/operations/install/__init__.py
/data/data/com.termux/files/home/GTA/BR/.venv.broken.20260831-112339/lib/python3.14/site-packages/pip/_internal/operations/install/__pycache__/__init__.cpython-314.pyc
/data/data/com.termux/files/home/GTA/BR/.venv.broken.20260831-112339/lib/python3.14/site-packages/pip/_internal/operations/install/__pycache__/wheel.cpython-314.pyc
/data/data/com.termux/files/home/GTA/BR/.venv.broken.20260831-112339/lib/python3.14/site-packages/pip/_internal/operations/install/wheel.py
/data/data/com.termux/files/home/GTA/BR/.venv.broken.20260831-112339/lib/python3.14/site-packages/pip/_internal/operations/prepare.py
/data/data/com.termux/files/home/GTA/BR/.venv.broken.20260831-112339/lib/python3.14/site-packages/pip/_internal/pyproject.py
/data/data/com.termux/files/home/GTA/BR/.venv.broken.20260831-112339/lib/python3.14/site-packages/pip/_internal/req/__init__.py
/data/data/com.termux/files/home/GTA/BR/.venv.broken.20260831-112339/lib/python3.14/site-packages/pip/_internal/req/__pycache__/__init__.cpython-314.pyc
/data/data/com.termux/files/home/GTA/BR/.venv.broken.20260831-112339/lib/python3.14/site-packages/pip/_internal/req/__pycache__/constructors.cpython-314.pyc
/data/data/com.termux/files/home/GTA/BR/.venv.broken.20260831-112339/lib/python3.14/site-packages/pip/_internal/req/__pycache__/pep723.cpython-314.pyc
/data/data/com.termux/files/home/GTA/BR/.venv.broken.20260831-112339/lib/python3.14/site-packages/pip/_internal/req/__pycache__/req_dependency_group.cpython-314.pyc
/data/data/com.termux/files/home/GTA/BR/.venv.broken.20260831-112339/lib/python3.14/site-packages/pip/_internal/req/__pycache__/req_file.cpython-314.pyc
/data/data/com.termux/files/home/GTA/BR/.venv.broken.20260831-112339/lib/python3.14/site-packages/pip/_internal/req/__pycache__/req_install.cpython-314.pyc
/data/data/com.termux/files/home/GTA/BR/.venv.broken.20260831-112339/lib/python3.14/site-packages/pip/_internal/req/__pycache__/req_set.cpython-314.pyc
/data/data/com.termux/files/home/GTA/BR/.venv.broken.20260831-112339/lib/python3.14/site-packages/pip/_internal/req/__pycache__/req_uninstall.cpython-314.pyc
/data/data/com.termux/files/home/GTA/BR/.venv.broken.20260831-112339/lib/python3.14/site-packages/pip/_internal/req/constructors.py
/data/data/com.termux/files/home/GTA/BR/.venv.broken.20260831-112339/lib/python3.14/site-packages/pip/_internal/req/pep723.py
/data/data/com.termux/files/home/GTA/BR/.venv.broken.20260831-112339/lib/python3.14/site-packages/pip/_internal/req/req_dependency_group.py
/data/data/com.termux/files/home/GTA/BR/.venv.broken.20260831-112339/lib/python3.14/site-packages/pip/_internal/req/req_file.py
/data/data/com.termux/files/home/GTA/BR/.venv.broken.20260831-112339/lib/python3.14/site-packages/pip/_internal/req/req_install.py
/data/data/com.termux/files/home/GTA/BR/.venv.broken.20260831-112339/lib/python3.14/site-packages/pip/_internal/req/req_set.py
/data/data/com.termux/files/home/GTA/BR/.venv.broken.20260831-112339/lib/python3.14/site-packages/pip/_internal/req/req_uninstall.py
/data/data/com.termux/files/home/GTA/BR/.venv.broken.20260831-112339/lib/python3.14/site-packages/pip/_internal/resolution/__init__.py
/data/data/com.termux/files/home/GTA/BR/.venv.broken.20260831-112339/lib/python3.14/site-packages/pip/_internal/resolution/__pycache__/__init__.cpython-314.pyc
/data/data/com.termux/files/home/GTA/BR/.venv.broken.20260831-112339/lib/python3.14/site-packages/pip/_internal/resolution/__pycache__/base.cpython-314.pyc
/data/data/com.termux/files/home/GTA/BR/.venv.broken.20260831-112339/lib/python3.14/site-packages/pip/_internal/resolution/base.py
/data/data/com.termux/files/home/GTA/BR/.venv.broken.20260831-112339/lib/python3.14/site-packages/pip/_internal/resolution/legacy/__init__.py
/data/data/com.termux/files/home/GTA/BR/.venv.broken.20260831-112339/lib/python3.14/site-packages/pip/_internal/resolution/legacy/__pycache__/__init__.cpython-314.pyc
/data/data/com.termux/files/home/GTA/BR/.venv.broken.20260831-112339/lib/python3.14/site-packages/pip/_internal/resolution/legacy/__pycache__/resolver.cpython-314.pyc
/data/data/com.termux/files/home/GTA/BR/.venv.broken.20260831-112339/lib/python3.14/site-packages/pip/_internal/resolution/legacy/resolver.py
/data/data/com.termux/files/home/GTA/BR/.venv.broken.20260831-112339/lib/python3.14/site-packages/pip/_internal/resolution/resolvelib/__init__.py
/data/data/com.termux/files/home/GTA/BR/.venv.broken.20260831-112339/lib/python3.14/site-packages/pip/_internal/resolution/resolvelib/__pycache__/__init__.cpython-314.pyc
/data/data/com.termux/files/home/GTA/BR/.venv.broken.20260831-112339/lib/python3.14/site-packages/pip/_internal/resolution/resolvelib/__pycache__/base.cpython-314.pyc
/data/data/com.termux/files/home/GTA/BR/.venv.broken.20260831-112339/lib/python3.14/site-packages/pip/_internal/resolution/resolvelib/__pycache__/candidates.cpython-314.pyc
/data/data/com.termux/files/home/GTA/BR/.venv.broken.20260831-112339/lib/python3.14/site-packages/pip/_internal/resolution/resolvelib/__pycache__/factory.cpython-314.pyc
/data/data/com.termux/files/home/GTA/BR/.venv.broken.20260831-112339/lib/python3.14/site-packages/pip/_internal/resolution/resolvelib/__pycache__/found_candidates.cpython-314.pyc
/data/data/com.termux/files/home/GTA/BR/.venv.broken.20260831-112339/lib/python3.14/site-packages/pip/_internal/resolution/resolvelib/__pycache__/provider.cpython-314.pyc
/data/data/com.termux/files/home/GTA/BR/.venv.broken.20260831-112339/lib/python3.14/site-packages/pip/_internal/resolution/resolvelib/__pycache__/reporter.cpython-314.pyc
/data/data/com.termux/files/home/GTA/BR/.venv.broken.20260831-112339/lib/python3.14/site-packages/pip/_internal/resolution/resolvelib/__pycache__/requirements.cpython-314.pyc
/data/data/com.termux/files/home/GTA/BR/.venv.broken.20260831-112339/lib/python3.14/site-packages/pip/_internal/resolution/resolvelib/__pycache__/resolver.cpython-314.pyc
/data/data/com.termux/files/home/GTA/BR/.venv.broken.20260831-112339/lib/python3.14/site-packages/pip/_internal/resolution/resolvelib/base.py
/data/data/com.termux/files/home/GTA/BR/.venv.broken.20260831-112339/lib/python3.14/site-packages/pip/_internal/resolution/resolvelib/candidates.py
/data/data/com.termux/files/home/GTA/BR/.venv.broken.20260831-112339/lib/python3.14/site-packages/pip/_internal/resolution/resolvelib/factory.py
/data/data/com.termux/files/home/GTA/BR/.venv.broken.20260831-112339/lib/python3.14/site-packages/pip/_internal/resolution/resolvelib/found_candidates.py
/data/data/com.termux/files/home/GTA/BR/.venv.broken.20260831-112339/lib/python3.14/site-packages/pip/_internal/resolution/resolvelib/provider.py
/data/data/com.termux/files/home/GTA/BR/.venv.broken.20260831-112339/lib/python3.14/site-packages/pip/_internal/resolution/resolvelib/reporter.py
/data/data/com.termux/files/home/GTA/BR/.venv.broken.20260831-112339/lib/python3.14/site-packages/pip/_internal/resolution/resolvelib/requirements.py
/data/data/com.termux/files/home/GTA/BR/.venv.broken.20260831-112339/lib/python3.14/site-packages/pip/_internal/resolution/resolvelib/resolver.py
/data/data/com.termux/files/home/GTA/BR/.venv.broken.20260831-112339/lib/python3.14/site-packages/pip/_internal/self_outdated_check.py
/data/data/com.termux/files/home/GTA/BR/.venv.broken.20260831-112339/lib/python3.14/site-packages/pip/_internal/utils/__init__.py
/data/data/com.termux/files/home/GTA/BR/.venv.broken.20260831-112339/lib/python3.14/site-packages/pip/_internal/utils/__pycache__/__init__.cpython-314.pyc
/data/data/com.termux/files/home/GTA/BR/.venv.broken.20260831-112339/lib/python3.14/site-packages/pip/_internal/utils/__pycache__/_jaraco_text.cpython-314.pyc
/data/data/com.termux/files/home/GTA/BR/.venv.broken.20260831-112339/lib/python3.14/site-packages/pip/_internal/utils/__pycache__/_log.cpython-314.pyc
/data/data/com.termux/files/home/GTA/BR/.venv.broken.20260831-112339/lib/python3.14/site-packages/pip/_internal/utils/__pycache__/appdirs.cpython-314.pyc
/data/data/com.termux/files/home/GTA/BR/.venv.broken.20260831-112339/lib/python3.14/site-packages/pip/_internal/utils/__pycache__/compat.cpython-314.pyc
/data/data/com.termux/files/home/GTA/BR/.venv.broken.20260831-112339/lib/python3.14/site-packages/pip/_internal/utils/__pycache__/compatibility_tags.cpython-314.pyc
/data/data/com.termux/files/home/GTA/BR/.venv.broken.20260831-112339/lib/python3.14/site-packages/pip/_internal/utils/__pycache__/datetime.cpython-314.pyc
/data/data/com.termux/files/home/GTA/BR/.venv.broken.20260831-112339/lib/python3.14/site-packages/pip/_internal/utils/__pycache__/deprecation.cpython-314.pyc
/data/data/com.termux/files/home/GTA/BR/.venv.broken.20260831-112339/lib/python3.14/site-packages/pip/_internal/utils/__pycache__/direct_url_helpers.cpython-314.pyc
/data/data/com.termux/files/home/GTA/BR/.venv.broken.20260831-112339/lib/python3.14/site-packages/pip/_internal/utils/__pycache__/egg_link.cpython-314.pyc
/data/data/com.termux/files/home/GTA/BR/.venv.broken.20260831-112339/lib/python3.14/site-packages/pip/_internal/utils/__pycache__/entrypoints.cpython-314.pyc
/data/data/com.termux/files/home/GTA/BR/.venv.broken.20260831-112339/lib/python3.14/site-packages/pip/_internal/utils/__pycache__/filesystem.cpython-314.pyc
/data/data/com.termux/files/home/GTA/BR/.venv.broken.20260831-112339/lib/python3.14/site-packages/pip/_internal/utils/__pycache__/filetypes.cpython-314.pyc
/data/data/com.termux/files/home/GTA/BR/.venv.broken.20260831-112339/lib/python3.14/site-packages/pip/_internal/utils/__pycache__/glibc.cpython-314.pyc
/data/data/com.termux/files/home/GTA/BR/.venv.broken.20260831-112339/lib/python3.14/site-packages/pip/_internal/utils/__pycache__/hashes.cpython-314.pyc
/data/data/com.termux/files/home/GTA/BR/.venv.broken.20260831-112339/lib/python3.14/site-packages/pip/_internal/utils/__pycache__/logging.cpython-314.pyc
/data/data/com.termux/files/home/GTA/BR/.venv.broken.20260831-112339/lib/python3.14/site-packages/pip/_internal/utils/__pycache__/misc.cpython-314.pyc
/data/data/com.termux/files/home/GTA/BR/.venv.broken.20260831-112339/lib/python3.14/site-packages/pip/_internal/utils/__pycache__/packaging.cpython-314.pyc
/data/data/com.termux/files/home/GTA/BR/.venv.broken.20260831-112339/lib/python3.14/site-packages/pip/_internal/utils/__pycache__/pylock.cpython-314.pyc
/data/data/com.termux/files/home/GTA/BR/.venv.broken.20260831-112339/lib/python3.14/site-packages/pip/_internal/utils/__pycache__/retry.cpython-314.pyc
/data/data/com.termux/files/home/GTA/BR/.venv.broken.20260831-112339/lib/python3.14/site-packages/pip/_internal/utils/__pycache__/subprocess.cpython-314.pyc
/data/data/com.termux/files/home/GTA/BR/.venv.broken.20260831-112339/lib/python3.14/site-packages/pip/_internal/utils/__pycache__/temp_dir.cpython-314.pyc
/data/data/com.termux/files/home/GTA/BR/.venv.broken.20260831-112339/lib/python3.14/site-packages/pip/_internal/utils/__pycache__/unpacking.cpython-314.pyc
/data/data/com.termux/files/home/GTA/BR/.venv.broken.20260831-112339/lib/python3.14/site-packages/pip/_internal/utils/__pycache__/urls.cpython-314.pyc
/data/data/com.termux/files/home/GTA/BR/.venv.broken.20260831-112339/lib/python3.14/site-packages/pip/_internal/utils/__pycache__/virtualenv.cpython-314.pyc
/data/data/com.termux/files/home/GTA/BR/.venv.broken.20260831-112339/lib/python3.14/site-packages/pip/_internal/utils/__pycache__/wheel.cpython-314.pyc
/data/data/com.termux/files/home/GTA/BR/.venv.broken.20260831-112339/lib/python3.14/site-packages/pip/_internal/utils/_jaraco_text.py
/data/data/com.termux/files/home/GTA/BR/.venv.broken.20260831-112339/lib/python3.14/site-packages/pip/_internal/utils/_log.py
/data/data/com.termux/files/home/GTA/BR/.venv.broken.20260831-112339/lib/python3.14/site-packages/pip/_internal/utils/appdirs.py
/data/data/com.termux/files/home/GTA/BR/.venv.broken.20260831-112339/lib/python3.14/site-packages/pip/_internal/utils/compat.py
/data/data/com.termux/files/home/GTA/BR/.venv.broken.20260831-112339/lib/python3.14/site-packages/pip/_internal/utils/compatibility_tags.py
/data/data/com.termux/files/home/GTA/BR/.venv.broken.20260831-112339/lib/python3.14/site-packages/pip/_internal/utils/datetime.py
/data/data/com.termux/files/home/GTA/BR/.venv.broken.20260831-112339/lib/python3.14/site-packages/pip/_internal/utils/deprecation.py
/data/data/com.termux/files/home/GTA/BR/.venv.broken.20260831-112339/lib/python3.14/site-packages/pip/_internal/utils/direct_url_helpers.py
/data/data/com.termux/files/home/GTA/BR/.venv.broken.20260831-112339/lib/python3.14/site-packages/pip/_internal/utils/egg_link.py
/data/data/com.termux/files/home/GTA/BR/.venv.broken.20260831-112339/lib/python3.14/site-packages/pip/_internal/utils/entrypoints.py
/data/data/com.termux/files/home/GTA/BR/.venv.broken.20260831-112339/lib/python3.14/site-packages/pip/_internal/utils/filesystem.py
/data/data/com.termux/files/home/GTA/BR/.venv.broken.20260831-112339/lib/python3.14/site-packages/pip/_internal/utils/filetypes.py
/data/data/com.termux/files/home/GTA/BR/.venv.broken.20260831-112339/lib/python3.14/site-packages/pip/_internal/utils/glibc.py
/data/data/com.termux/files/home/GTA/BR/.venv.broken.20260831-112339/lib/python3.14/site-packages/pip/_internal/utils/hashes.py
/data/data/com.termux/files/home/GTA/BR/.venv.broken.20260831-112339/lib/python3.14/site-packages/pip/_internal/utils/logging.py
/data/data/com.termux/files/home/GTA/BR/.venv.broken.20260831-112339/lib/python3.14/site-packages/pip/_internal/utils/misc.py
/data/data/com.termux/files/home/GTA/BR/.venv.broken.20260831-112339/lib/python3.14/site-packages/pip/_internal/utils/packaging.py
/data/data/com.termux/files/home/GTA/BR/.venv.broken.20260831-112339/lib/python3.14/site-packages/pip/_internal/utils/pylock.py
/data/data/com.termux/files/home/GTA/BR/.venv.broken.20260831-112339/lib/python3.14/site-packages/pip/_internal/utils/retry.py
/data/data/com.termux/files/home/GTA/BR/.venv.broken.20260831-112339/lib/python3.14/site-packages/pip/_internal/utils/subprocess.py
/data/data/com.termux/files/home/GTA/BR/.venv.broken.20260831-112339/lib/python3.14/site-packages/pip/_internal/utils/temp_dir.py
/data/data/com.termux/files/home/GTA/BR/.venv.broken.20260831-112339/lib/python3.14/site-packages/pip/_internal/utils/unpacking.py
/data/data/com.termux/files/home/GTA/BR/.venv.broken.20260831-112339/lib/python3.14/site-packages/pip/_internal/utils/urls.py
/data/data/com.termux/files/home/GTA/BR/.venv.broken.20260831-112339/lib/python3.14/site-packages/pip/_internal/utils/virtualenv.py
/data/data/com.termux/files/home/GTA/BR/.venv.broken.20260831-112339/lib/python3.14/site-packages/pip/_internal/utils/wheel.py
/data/data/com.termux/files/home/GTA/BR/.venv.broken.20260831-112339/lib/python3.14/site-packages/pip/_internal/vcs/__init__.py
/data/data/com.termux/files/home/GTA/BR/.venv.broken.20260831-112339/lib/python3.14/site-packages/pip/_internal/vcs/__pycache__/__init__.cpython-314.pyc
/data/data/com.termux/files/home/GTA/BR/.venv.broken.20260831-112339/lib/python3.14/site-packages/pip/_internal/vcs/__pycache__/bazaar.cpython-314.pyc
/data/data/com.termux/files/home/GTA/BR/.venv.broken.20260831-112339/lib/python3.14/site-packages/pip/_internal/vcs/__pycache__/git.cpython-314.pyc
/data/data/com.termux/files/home/GTA/BR/.venv.broken.20260831-112339/lib/python3.14/site-packages/pip/_internal/vcs/__pycache__/mercurial.cpython-314.pyc
/data/data/com.termux/files/home/GTA/BR/.venv.broken.20260831-112339/lib/python3.14/site-packages/pip/_internal/vcs/__pycache__/subversion.cpython-314.pyc
/data/data/com.termux/files/home/GTA/BR/.venv.broken.20260831-112339/lib/python3.14/site-packages/pip/_internal/vcs/__pycache__/versioncontrol.cpython-314.pyc
/data/data/com.termux/files/home/GTA/BR/.venv.broken.20260831-112339/lib/python3.14/site-packages/pip/_internal/vcs/bazaar.py
/data/data/com.termux/files/home/GTA/BR/.venv.broken.20260831-112339/lib/python3.14/site-packages/pip/_internal/vcs/git.py
/data/data/com.termux/files/home/GTA/BR/.venv.broken.20260831-112339/lib/python3.14/site-packages/pip/_internal/vcs/mercurial.py
/data/data/com.termux/files/home/GTA/BR/.venv.broken.20260831-112339/lib/python3.14/site-packages/pip/_internal/vcs/subversion.py
/data/data/com.termux/files/home/GTA/BR/.venv.broken.20260831-112339/lib/python3.14/site-packages/pip/_internal/vcs/versioncontrol.py
/data/data/com.termux/files/home/GTA/BR/.venv.broken.20260831-112339/lib/python3.14/site-packages/pip/_internal/wheel_builder.py
/data/data/com.termux/files/home/GTA/BR/.venv.broken.20260831-112339/lib/python3.14/site-packages/pip/_vendor/README.rst
/data/data/com.termux/files/home/GTA/BR/.venv.broken.20260831-112339/lib/python3.14/site-packages/pip/_vendor/__init__.py
/data/data/com.termux/files/home/GTA/BR/.venv.broken.20260831-112339/lib/python3.14/site-packages/pip/_vendor/__pycache__/__init__.cpython-314.pyc
/data/data/com.termux/files/home/GTA/BR/.venv.broken.20260831-112339/lib/python3.14/site-packages/pip/_vendor/bom.cdx.json
/data/data/com.termux/files/home/GTA/BR/.venv.broken.20260831-112339/lib/python3.14/site-packages/pip/_vendor/cachecontrol/LICENSE.txt
/data/data/com.termux/files/home/GTA/BR/.venv.broken.20260831-112339/lib/python3.14/site-packages/pip/_vendor/cachecontrol/__init__.py
/data/data/com.termux/files/home/GTA/BR/.venv.broken.20260831-112339/lib/python3.14/site-packages/pip/_vendor/cachecontrol/__pycache__/__init__.cpython-314.pyc
/data/data/com.termux/files/home/GTA/BR/.venv.broken.20260831-112339/lib/python3.14/site-packages/pip/_vendor/cachecontrol/__pycache__/_cmd.cpython-314.pyc
/data/data/com.termux/files/home/GTA/BR/.venv.broken.20260831-112339/lib/python3.14/site-packages/pip/_vendor/cachecontrol/__pycache__/adapter.cpython-314.pyc
/data/data/com.termux/files/home/GTA/BR/.venv.broken.20260831-112339/lib/python3.14/site-packages/pip/_vendor/cachecontrol/__pycache__/cache.cpython-314.pyc
/data/data/com.termux/files/home/GTA/BR/.venv.broken.20260831-112339/lib/python3.14/site-packages/pip/_vendor/cachecontrol/__pycache__/controller.cpython-314.pyc
/data/data/com.termux/files/home/GTA/BR/.venv.broken.20260831-112339/lib/python3.14/site-packages/pip/_vendor/cachecontrol/__pycache__/filewrapper.cpython-314.pyc
/data/data/com.termux/files/home/GTA/BR/.venv.broken.20260831-112339/lib/python3.14/site-packages/pip/_vendor/cachecontrol/__pycache__/heuristics.cpython-314.pyc
/data/data/com.termux/files/home/GTA/BR/.venv.broken.20260831-112339/lib/python3.14/site-packages/pip/_vendor/cachecontrol/__pycache__/serialize.cpython-314.pyc
/data/data/com.termux/files/home/GTA/BR/.venv.broken.20260831-112339/lib/python3.14/site-packages/pip/_vendor/cachecontrol/__pycache__/wrapper.cpython-314.pyc
/data/data/com.termux/files/home/GTA/BR/.venv.broken.20260831-112339/lib/python3.14/site-packages/pip/_vendor/cachecontrol/_cmd.py
/data/data/com.termux/files/home/GTA/BR/.venv.broken.20260831-112339/lib/python3.14/site-packages/pip/_vendor/cachecontrol/adapter.py
/data/data/com.termux/files/home/GTA/BR/.venv.broken.20260831-112339/lib/python3.14/site-packages/pip/_vendor/cachecontrol/cache.py
/data/data/com.termux/files/home/GTA/BR/.venv.broken.20260831-112339/lib/python3.14/site-packages/pip/_vendor/cachecontrol/caches/__init__.py
/data/data/com.termux/files/home/GTA/BR/.venv.broken.20260831-112339/lib/python3.14/site-packages/pip/_vendor/cachecontrol/caches/__pycache__/__init__.cpython-314.pyc
/data/data/com.termux/files/home/GTA/BR/.venv.broken.20260831-112339/lib/python3.14/site-packages/pip/_vendor/cachecontrol/caches/__pycache__/file_cache.cpython-314.pyc
/data/data/com.termux/files/home/GTA/BR/.venv.broken.20260831-112339/lib/python3.14/site-packages/pip/_vendor/cachecontrol/caches/__pycache__/redis_cache.cpython-314.pyc
/data/data/com.termux/files/home/GTA/BR/.venv.broken.20260831-112339/lib/python3.14/site-packages/pip/_vendor/cachecontrol/caches/file_cache.py
/data/data/com.termux/files/home/GTA/BR/.venv.broken.20260831-112339/lib/python3.14/site-packages/pip/_vendor/cachecontrol/caches/redis_cache.py
/data/data/com.termux/files/home/GTA/BR/.venv.broken.20260831-112339/lib/python3.14/site-packages/pip/_vendor/cachecontrol/controller.py
/data/data/com.termux/files/home/GTA/BR/.venv.broken.20260831-112339/lib/python3.14/site-packages/pip/_vendor/cachecontrol/filewrapper.py
/data/data/com.termux/files/home/GTA/BR/.venv.broken.20260831-112339/lib/python3.14/site-packages/pip/_vendor/cachecontrol/heuristics.py
/data/data/com.termux/files/home/GTA/BR/.venv.broken.20260831-112339/lib/python3.14/site-packages/pip/_vendor/cachecontrol/py.typed
/data/data/com.termux/files/home/GTA/BR/.venv.broken.20260831-112339/lib/python3.14/site-packages/pip/_vendor/cachecontrol/serialize.py
/data/data/com.termux/files/home/GTA/BR/.venv.broken.20260831-112339/lib/python3.14/site-packages/pip/_vendor/cachecontrol/wrapper.py
/data/data/com.termux/files/home/GTA/BR/.venv.broken.20260831-112339/lib/python3.14/site-packages/pip/_vendor/certifi/LICENSE
/data/data/com.termux/files/home/GTA/BR/.venv.broken.20260831-112339/lib/python3.14/site-packages/pip/_vendor/certifi/__init__.py
/data/data/com.termux/files/home/GTA/BR/.venv.broken.20260831-112339/lib/python3.14/site-packages/pip/_vendor/certifi/__main__.py
/data/data/com.termux/files/home/GTA/BR/.venv.broken.20260831-112339/lib/python3.14/site-packages/pip/_vendor/certifi/__pycache__/__init__.cpython-314.pyc
/data/data/com.termux/files/home/GTA/BR/.venv.broken.20260831-112339/lib/python3.14/site-packages/pip/_vendor/certifi/__pycache__/__main__.cpython-314.pyc
/data/data/com.termux/files/home/GTA/BR/.venv.broken.20260831-112339/lib/python3.14/site-packages/pip/_vendor/certifi/__pycache__/core.cpython-314.pyc
/data/data/com.termux/files/home/GTA/BR/.venv.broken.20260831-112339/lib/python3.14/site-packages/pip/_vendor/certifi/cacert.pem
/data/data/com.termux/files/home/GTA/BR/.venv.broken.20260831-112339/lib/python3.14/site-packages/pip/_vendor/certifi/core.py
/data/data/com.termux/files/home/GTA/BR/.venv.broken.20260831-112339/lib/python3.14/site-packages/pip/_vendor/certifi/py.typed
/data/data/com.termux/files/home/GTA/BR/.venv.broken.20260831-112339/lib/python3.14/site-packages/pip/_vendor/distlib/LICENSE.txt
/data/data/com.termux/files/home/GTA/BR/.venv.broken.20260831-112339/lib/python3.14/site-packages/pip/_vendor/distlib/__init__.py
/data/data/com.termux/files/home/GTA/BR/.venv.broken.20260831-112339/lib/python3.14/site-packages/pip/_vendor/distlib/__pycache__/__init__.cpython-314.pyc
/data/data/com.termux/files/home/GTA/BR/.venv.broken.20260831-112339/lib/python3.14/site-packages/pip/_vendor/distlib/__pycache__/compat.cpython-314.pyc
/data/data/com.termux/files/home/GTA/BR/.venv.broken.20260831-112339/lib/python3.14/site-packages/pip/_vendor/distlib/__pycache__/resources.cpython-314.pyc
/data/data/com.termux/files/home/GTA/BR/.venv.broken.20260831-112339/lib/python3.14/site-packages/pip/_vendor/distlib/__pycache__/scripts.cpython-314.pyc
/data/data/com.termux/files/home/GTA/BR/.venv.broken.20260831-112339/lib/python3.14/site-packages/pip/_vendor/distlib/__pycache__/util.cpython-314.pyc
/data/data/com.termux/files/home/GTA/BR/.venv.broken.20260831-112339/lib/python3.14/site-packages/pip/_vendor/distlib/compat.py
/data/data/com.termux/files/home/GTA/BR/.venv.broken.20260831-112339/lib/python3.14/site-packages/pip/_vendor/distlib/resources.py
/data/data/com.termux/files/home/GTA/BR/.venv.broken.20260831-112339/lib/python3.14/site-packages/pip/_vendor/distlib/scripts.py
/data/data/com.termux/files/home/GTA/BR/.venv.broken.20260831-112339/lib/python3.14/site-packages/pip/_vendor/distlib/t32.exe
/data/data/com.termux/files/home/GTA/BR/.venv.broken.20260831-112339/lib/python3.14/site-packages/pip/_vendor/distlib/t64-arm.exe
/data/data/com.termux/files/home/GTA/BR/.venv.broken.20260831-112339/lib/python3.14/site-packages/pip/_vendor/distlib/t64.exe
/data/data/com.termux/files/home/GTA/BR/.venv.broken.20260831-112339/lib/python3.14/site-packages/pip/_vendor/distlib/util.py
/data/data/com.termux/files/home/GTA/BR/.venv.broken.20260831-112339/lib/python3.14/site-packages/pip/_vendor/distlib/w32.exe
/data/data/com.termux/files/home/GTA/BR/.venv.broken.20260831-112339/lib/python3.14/site-packages/pip/_vendor/distlib/w64-arm.exe
/data/data/com.termux/files/home/GTA/BR/.venv.broken.20260831-112339/lib/python3.14/site-packages/pip/_vendor/distlib/w64.exe
/data/data/com.termux/files/home/GTA/BR/.venv.broken.20260831-112339/lib/python3.14/site-packages/pip/_vendor/distro/LICENSE
/data/data/com.termux/files/home/GTA/BR/.venv.broken.20260831-112339/lib/python3.14/site-packages/pip/_vendor/distro/__init__.py
/data/data/com.termux/files/home/GTA/BR/.venv.broken.20260831-112339/lib/python3.14/site-packages/pip/_vendor/distro/__main__.py
/data/data/com.termux/files/home/GTA/BR/.venv.broken.20260831-112339/lib/python3.14/site-packages/pip/_vendor/distro/__pycache__/__init__.cpython-314.pyc
/data/data/com.termux/files/home/GTA/BR/.venv.broken.20260831-112339/lib/python3.14/site-packages/pip/_vendor/distro/__pycache__/__main__.cpython-314.pyc
/data/data/com.termux/files/home/GTA/BR/.venv.broken.20260831-112339/lib/python3.14/site-packages/pip/_vendor/distro/__pycache__/distro.cpython-314.pyc
/data/data/com.termux/files/home/GTA/BR/.venv.broken.20260831-112339/lib/python3.14/site-packages/pip/_vendor/distro/distro.py
/data/data/com.termux/files/home/GTA/BR/.venv.broken.20260831-112339/lib/python3.14/site-packages/pip/_vendor/distro/py.typed
/data/data/com.termux/files/home/GTA/BR/.venv.broken.20260831-112339/lib/python3.14/site-packages/pip/_vendor/idna/LICENSE.md
/data/data/com.termux/files/home/GTA/BR/.venv.broken.20260831-112339/lib/python3.14/site-packages/pip/_vendor/idna/__init__.py
/data/data/com.termux/files/home/GTA/BR/.venv.broken.20260831-112339/lib/python3.14/site-packages/pip/_vendor/idna/__main__.py
/data/data/com.termux/files/home/GTA/BR/.venv.broken.20260831-112339/lib/python3.14/site-packages/pip/_vendor/idna/__pycache__/__init__.cpython-314.pyc
/data/data/com.termux/files/home/GTA/BR/.venv.broken.20260831-112339/lib/python3.14/site-packages/pip/_vendor/idna/__pycache__/__main__.cpython-314.pyc
/data/data/com.termux/files/home/GTA/BR/.venv.broken.20260831-112339/lib/python3.14/site-packages/pip/_vendor/idna/__pycache__/cli.cpython-314.pyc
/data/data/com.termux/files/home/GTA/BR/.venv.broken.20260831-112339/lib/python3.14/site-packages/pip/_vendor/idna/__pycache__/codec.cpython-314.pyc
/data/data/com.termux/files/home/GTA/BR/.venv.broken.20260831-112339/lib/python3.14/site-packages/pip/_vendor/idna/__pycache__/compat.cpython-314.pyc
/data/data/com.termux/files/home/GTA/BR/.venv.broken.20260831-112339/lib/python3.14/site-packages/pip/_vendor/idna/__pycache__/core.cpython-314.pyc
/data/data/com.termux/files/home/GTA/BR/.venv.broken.20260831-112339/lib/python3.14/site-packages/pip/_vendor/idna/__pycache__/idnadata.cpython-314.pyc
/data/data/com.termux/files/home/GTA/BR/.venv.broken.20260831-112339/lib/python3.14/site-packages/pip/_vendor/idna/__pycache__/intranges.cpython-314.pyc
/data/data/com.termux/files/home/GTA/BR/.venv.broken.20260831-112339/lib/python3.14/site-packages/pip/_vendor/idna/__pycache__/package_data.cpython-314.pyc
/data/data/com.termux/files/home/GTA/BR/.venv.broken.20260831-112339/lib/python3.14/site-packages/pip/_vendor/idna/__pycache__/uts46data.cpython-314.pyc
/data/data/com.termux/files/home/GTA/BR/.venv.broken.20260831-112339/lib/python3.14/site-packages/pip/_vendor/idna/cli.py
/data/data/com.termux/files/home/GTA/BR/.venv.broken.20260831-112339/lib/python3.14/site-packages/pip/_vendor/idna/codec.py
/data/data/com.termux/files/home/GTA/BR/.venv.broken.20260831-112339/lib/python3.14/site-packages/pip/_vendor/idna/compat.py
/data/data/com.termux/files/home/GTA/BR/.venv.broken.20260831-112339/lib/python3.14/site-packages/pip/_vendor/idna/core.py
/data/data/com.termux/files/home/GTA/BR/.venv.broken.20260831-112339/lib/python3.14/site-packages/pip/_vendor/idna/idnadata.py
/data/data/com.termux/files/home/GTA/BR/.venv.broken.20260831-112339/lib/python3.14/site-packages/pip/_vendor/idna/intranges.py
/data/data/com.termux/files/home/GTA/BR/.venv.broken.20260831-112339/lib/python3.14/site-packages/pip/_vendor/idna/package_data.py
/data/data/com.termux/files/home/GTA/BR/.venv.broken.20260831-112339/lib/python3.14/site-packages/pip/_vendor/idna/py.typed
/data/data/com.termux/files/home/GTA/BR/.venv.broken.20260831-112339/lib/python3.14/site-packages/pip/_vendor/idna/uts46data.py
/data/data/com.termux/files/home/GTA/BR/.venv.broken.20260831-112339/lib/python3.14/site-packages/pip/_vendor/msgpack/COPYING
/data/data/com.termux/files/home/GTA/BR/.venv.broken.20260831-112339/lib/python3.14/site-packages/pip/_vendor/msgpack/__init__.py
/data/data/com.termux/files/home/GTA/BR/.venv.broken.20260831-112339/lib/python3.14/site-packages/pip/_vendor/msgpack/__pycache__/__init__.cpython-314.pyc
/data/data/com.termux/files/home/GTA/BR/.venv.broken.20260831-112339/lib/python3.14/site-packages/pip/_vendor/msgpack/__pycache__/exceptions.cpython-314.pyc
/data/data/com.termux/files/home/GTA/BR/.venv.broken.20260831-112339/lib/python3.14/site-packages/pip/_vendor/msgpack/__pycache__/ext.cpython-314.pyc
/data/data/com.termux/files/home/GTA/BR/.venv.broken.20260831-112339/lib/python3.14/site-packages/pip/_vendor/msgpack/__pycache__/fallback.cpython-314.pyc
/data/data/com.termux/files/home/GTA/BR/.venv.broken.20260831-112339/lib/python3.14/site-packages/pip/_vendor/msgpack/exceptions.py
/data/data/com.termux/files/home/GTA/BR/.venv.broken.20260831-112339/lib/python3.14/site-packages/pip/_vendor/msgpack/ext.py
/data/data/com.termux/files/home/GTA/BR/.venv.broken.20260831-112339/lib/python3.14/site-packages/pip/_vendor/msgpack/fallback.py
/data/data/com.termux/files/home/GTA/BR/.venv.broken.20260831-112339/lib/python3.14/site-packages/pip/_vendor/packaging/LICENSE
/data/data/com.termux/files/home/GTA/BR/.venv.broken.20260831-112339/lib/python3.14/site-packages/pip/_vendor/packaging/LICENSE.APACHE
/data/data/com.termux/files/home/GTA/BR/.venv.broken.20260831-112339/lib/python3.14/site-packages/pip/_vendor/packaging/LICENSE.BSD
/data/data/com.termux/files/home/GTA/BR/.venv.broken.20260831-112339/lib/python3.14/site-packages/pip/_vendor/packaging/__init__.py
/data/data/com.termux/files/home/GTA/BR/.venv.broken.20260831-112339/lib/python3.14/site-packages/pip/_vendor/packaging/__pycache__/__init__.cpython-314.pyc
/data/data/com.termux/files/home/GTA/BR/.venv.broken.20260831-112339/lib/python3.14/site-packages/pip/_vendor/packaging/__pycache__/_elffile.cpython-314.pyc
/data/data/com.termux/files/home/GTA/BR/.venv.broken.20260831-112339/lib/python3.14/site-packages/pip/_vendor/packaging/__pycache__/_manylinux.cpython-314.pyc
/data/data/com.termux/files/home/GTA/BR/.venv.broken.20260831-112339/lib/python3.14/site-packages/pip/_vendor/packaging/__pycache__/_musllinux.cpython-314.pyc
/data/data/com.termux/files/home/GTA/BR/.venv.broken.20260831-112339/lib/python3.14/site-packages/pip/_vendor/packaging/__pycache__/_parser.cpython-314.pyc
/data/data/com.termux/files/home/GTA/BR/.venv.broken.20260831-112339/lib/python3.14/site-packages/pip/_vendor/packaging/__pycache__/_structures.cpython-314.pyc
/data/data/com.termux/files/home/GTA/BR/.venv.broken.20260831-112339/lib/python3.14/site-packages/pip/_vendor/packaging/__pycache__/_tokenizer.cpython-314.pyc
/data/data/com.termux/files/home/GTA/BR/.venv.broken.20260831-112339/lib/python3.14/site-packages/pip/_vendor/packaging/__pycache__/dependency_groups.cpython-314.pyc
/data/data/com.termux/files/home/GTA/BR/.venv.broken.20260831-112339/lib/python3.14/site-packages/pip/_vendor/packaging/__pycache__/direct_url.cpython-314.pyc
/data/data/com.termux/files/home/GTA/BR/.venv.broken.20260831-112339/lib/python3.14/site-packages/pip/_vendor/packaging/__pycache__/errors.cpython-314.pyc
/data/data/com.termux/files/home/GTA/BR/.venv.broken.20260831-112339/lib/python3.14/site-packages/pip/_vendor/packaging/__pycache__/markers.cpython-314.pyc
/data/data/com.termux/files/home/GTA/BR/.venv.broken.20260831-112339/lib/python3.14/site-packages/pip/_vendor/packaging/__pycache__/metadata.cpython-314.pyc
/data/data/com.termux/files/home/GTA/BR/.venv.broken.20260831-112339/lib/python3.14/site-packages/pip/_vendor/packaging/__pycache__/pylock.cpython-314.pyc
/data/data/com.termux/files/home/GTA/BR/.venv.broken.20260831-112339/lib/python3.14/site-packages/pip/_vendor/packaging/__pycache__/requirements.cpython-314.pyc
/data/data/com.termux/files/home/GTA/BR/.venv.broken.20260831-112339/lib/python3.14/site-packages/pip/_vendor/packaging/__pycache__/specifiers.cpython-314.pyc
/data/data/com.termux/files/home/GTA/BR/.venv.broken.20260831-112339/lib/python3.14/site-packages/pip/_vendor/packaging/__pycache__/tags.cpython-314.pyc
/data/data/com.termux/files/home/GTA/BR/.venv.broken.20260831-112339/lib/python3.14/site-packages/pip/_vendor/packaging/__pycache__/utils.cpython-314.pyc
/data/data/com.termux/files/home/GTA/BR/.venv.broken.20260831-112339/lib/python3.14/site-packages/pip/_vendor/packaging/__pycache__/version.cpython-314.pyc
/data/data/com.termux/files/home/GTA/BR/.venv.broken.20260831-112339/lib/python3.14/site-packages/pip/_vendor/packaging/_elffile.py
/data/data/com.termux/files/home/GTA/BR/.venv.broken.20260831-112339/lib/python3.14/site-packages/pip/_vendor/packaging/_manylinux.py
/data/data/com.termux/files/home/GTA/BR/.venv.broken.20260831-112339/lib/python3.14/site-packages/pip/_vendor/packaging/_musllinux.py
/data/data/com.termux/files/home/GTA/BR/.venv.broken.20260831-112339/lib/python3.14/site-packages/pip/_vendor/packaging/_parser.py
/data/data/com.termux/files/home/GTA/BR/.venv.broken.20260831-112339/lib/python3.14/site-packages/pip/_vendor/packaging/_structures.py
/data/data/com.termux/files/home/GTA/BR/.venv.broken.20260831-112339/lib/python3.14/site-packages/pip/_vendor/packaging/_tokenizer.py
/data/data/com.termux/files/home/GTA/BR/.venv.broken.20260831-112339/lib/python3.14/site-packages/pip/_vendor/packaging/dependency_groups.py
/data/data/com.termux/files/home/GTA/BR/.venv.broken.20260831-112339/lib/python3.14/site-packages/pip/_vendor/packaging/direct_url.py
/data/data/com.termux/files/home/GTA/BR/.venv.broken.20260831-112339/lib/python3.14/site-packages/pip/_vendor/packaging/errors.py
/data/data/com.termux/files/home/GTA/BR/.venv.broken.20260831-112339/lib/python3.14/site-packages/pip/_vendor/packaging/licenses/__init__.py
/data/data/com.termux/files/home/GTA/BR/.venv.broken.20260831-112339/lib/python3.14/site-packages/pip/_vendor/packaging/licenses/__pycache__/__init__.cpython-314.pyc
/data/data/com.termux/files/home/GTA/BR/.venv.broken.20260831-112339/lib/python3.14/site-packages/pip/_vendor/packaging/licenses/__pycache__/_spdx.cpython-314.pyc
/data/data/com.termux/files/home/GTA/BR/.venv.broken.20260831-112339/lib/python3.14/site-packages/pip/_vendor/packaging/licenses/_spdx.py
/data/data/com.termux/files/home/GTA/BR/.venv.broken.20260831-112339/lib/python3.14/site-packages/pip/_vendor/packaging/markers.py
/data/data/com.termux/files/home/GTA/BR/.venv.broken.20260831-112339/lib/python3.14/site-packages/pip/_vendor/packaging/metadata.py
/data/data/com.termux/files/home/GTA/BR/.venv.broken.20260831-112339/lib/python3.14/site-packages/pip/_vendor/packaging/py.typed
/data/data/com.termux/files/home/GTA/BR/.venv.broken.20260831-112339/lib/python3.14/site-packages/pip/_vendor/packaging/pylock.py
/data/data/com.termux/files/home/GTA/BR/.venv.broken.20260831-112339/lib/python3.14/site-packages/pip/_vendor/packaging/requirements.py
/data/data/com.termux/files/home/GTA/BR/.venv.broken.20260831-112339/lib/python3.14/site-packages/pip/_vendor/packaging/specifiers.py
/data/data/com.termux/files/home/GTA/BR/.venv.broken.20260831-112339/lib/python3.14/site-packages/pip/_vendor/packaging/tags.py
/data/data/com.termux/files/home/GTA/BR/.venv.broken.20260831-112339/lib/python3.14/site-packages/pip/_vendor/packaging/utils.py
/data/data/com.termux/files/home/GTA/BR/.venv.broken.20260831-112339/lib/python3.14/site-packages/pip/_vendor/packaging/version.py
/data/data/com.termux/files/home/GTA/BR/.venv.broken.20260831-112339/lib/python3.14/site-packages/pip/_vendor/pkg_resources/LICENSE
/data/data/com.termux/files/home/GTA/BR/.venv.broken.20260831-112339/lib/python3.14/site-packages/pip/_vendor/pkg_resources/__init__.py
/data/data/com.termux/files/home/GTA/BR/.venv.broken.20260831-112339/lib/python3.14/site-packages/pip/_vendor/pkg_resources/__pycache__/__init__.cpython-314.pyc
/data/data/com.termux/files/home/GTA/BR/.venv.broken.20260831-112339/lib/python3.14/site-packages/pip/_vendor/platformdirs/LICENSE
/data/data/com.termux/files/home/GTA/BR/.venv.broken.20260831-112339/lib/python3.14/site-packages/pip/_vendor/platformdirs/__init__.py
/data/data/com.termux/files/home/GTA/BR/.venv.broken.20260831-112339/lib/python3.14/site-packages/pip/_vendor/platformdirs/__main__.py
/data/data/com.termux/files/home/GTA/BR/.venv.broken.20260831-112339/lib/python3.14/site-packages/pip/_vendor/platformdirs/__pycache__/__init__.cpython-314.pyc
/data/data/com.termux/files/home/GTA/BR/.venv.broken.20260831-112339/lib/python3.14/site-packages/pip/_vendor/platformdirs/__pycache__/__main__.cpython-314.pyc
/data/data/com.termux/files/home/GTA/BR/.venv.broken.20260831-112339/lib/python3.14/site-packages/pip/_vendor/platformdirs/__pycache__/_xdg.cpython-314.pyc
/data/data/com.termux/files/home/GTA/BR/.venv.broken.20260831-112339/lib/python3.14/site-packages/pip/_vendor/platformdirs/__pycache__/android.cpython-314.pyc
/data/data/com.termux/files/home/GTA/BR/.venv.broken.20260831-112339/lib/python3.14/site-packages/pip/_vendor/platformdirs/__pycache__/api.cpython-314.pyc
/data/data/com.termux/files/home/GTA/BR/.venv.broken.20260831-112339/lib/python3.14/site-packages/pip/_vendor/platformdirs/__pycache__/macos.cpython-314.pyc
/data/data/com.termux/files/home/GTA/BR/.venv.broken.20260831-112339/lib/python3.14/site-packages/pip/_vendor/platformdirs/__pycache__/unix.cpython-314.pyc
/data/data/com.termux/files/home/GTA/BR/.venv.broken.20260831-112339/lib/python3.14/site-packages/pip/_vendor/platformdirs/__pycache__/version.cpython-314.pyc
/data/data/com.termux/files/home/GTA/BR/.venv.broken.20260831-112339/lib/python3.14/site-packages/pip/_vendor/platformdirs/__pycache__/windows.cpython-314.pyc
/data/data/com.termux/files/home/GTA/BR/.venv.broken.20260831-112339/lib/python3.14/site-packages/pip/_vendor/platformdirs/_xdg.py
/data/data/com.termux/files/home/GTA/BR/.venv.broken.20260831-112339/lib/python3.14/site-packages/pip/_vendor/platformdirs/android.py
/data/data/com.termux/files/home/GTA/BR/.venv.broken.20260831-112339/lib/python3.14/site-packages/pip/_vendor/platformdirs/api.py
/data/data/com.termux/files/home/GTA/BR/.venv.broken.20260831-112339/lib/python3.14/site-packages/pip/_vendor/platformdirs/macos.py
/data/data/com.termux/files/home/GTA/BR/.venv.broken.20260831-112339/lib/python3.14/site-packages/pip/_vendor/platformdirs/py.typed
/data/data/com.termux/files/home/GTA/BR/.venv.broken.20260831-112339/lib/python3.14/site-packages/pip/_vendor/platformdirs/unix.py
/data/data/com.termux/files/home/GTA/BR/.venv.broken.20260831-112339/lib/python3.14/site-packages/pip/_vendor/platformdirs/version.py
/data/data/com.termux/files/home/GTA/BR/.venv.broken.20260831-112339/lib/python3.14/site-packages/pip/_vendor/platformdirs/windows.py
/data/data/com.termux/files/home/GTA/BR/.venv.broken.20260831-112339/lib/python3.14/site-packages/pip/_vendor/pygments/LICENSE
/data/data/com.termux/files/home/GTA/BR/.venv.broken.20260831-112339/lib/python3.14/site-packages/pip/_vendor/pygments/__init__.py
/data/data/com.termux/files/home/GTA/BR/.venv.broken.20260831-112339/lib/python3.14/site-packages/pip/_vendor/pygments/__main__.py
/data/data/com.termux/files/home/GTA/BR/.venv.broken.20260831-112339/lib/python3.14/site-packages/pip/_vendor/pygments/__pycache__/__init__.cpython-314.pyc
/data/data/com.termux/files/home/GTA/BR/.venv.broken.20260831-112339/lib/python3.14/site-packages/pip/_vendor/pygments/__pycache__/__main__.cpython-314.pyc
/data/data/com.termux/files/home/GTA/BR/.venv.broken.20260831-112339/lib/python3.14/site-packages/pip/_vendor/pygments/__pycache__/console.cpython-314.pyc
/data/data/com.termux/files/home/GTA/BR/.venv.broken.20260831-112339/lib/python3.14/site-packages/pip/_vendor/pygments/__pycache__/filter.cpython-314.pyc
/data/data/com.termux/files/home/GTA/BR/.venv.broken.20260831-112339/lib/python3.14/site-packages/pip/_vendor/pygments/__pycache__/formatter.cpython-314.pyc
/data/data/com.termux/files/home/GTA/BR/.venv.broken.20260831-112339/lib/python3.14/site-packages/pip/_vendor/pygments/__pycache__/lexer.cpython-314.pyc
/data/data/com.termux/files/home/GTA/BR/.venv.broken.20260831-112339/lib/python3.14/site-packages/pip/_vendor/pygments/__pycache__/modeline.cpython-314.pyc
/data/data/com.termux/files/home/GTA/BR/.venv.broken.20260831-112339/lib/python3.14/site-packages/pip/_vendor/pygments/__pycache__/plugin.cpython-314.pyc
/data/data/com.termux/files/home/GTA/BR/.venv.broken.20260831-112339/lib/python3.14/site-packages/pip/_vendor/pygments/__pycache__/regexopt.cpython-314.pyc
/data/data/com.termux/files/home/GTA/BR/.venv.broken.20260831-112339/lib/python3.14/site-packages/pip/_vendor/pygments/__pycache__/scanner.cpython-314.pyc
/data/data/com.termux/files/home/GTA/BR/.venv.broken.20260831-112339/lib/python3.14/site-packages/pip/_vendor/pygments/__pycache__/sphinxext.cpython-314.pyc
/data/data/com.termux/files/home/GTA/BR/.venv.broken.20260831-112339/lib/python3.14/site-packages/pip/_vendor/pygments/__pycache__/style.cpython-314.pyc
/data/data/com.termux/files/home/GTA/BR/.venv.broken.20260831-112339/lib/python3.14/site-packages/pip/_vendor/pygments/__pycache__/token.cpython-314.pyc
/data/data/com.termux/files/home/GTA/BR/.venv.broken.20260831-112339/lib/python3.14/site-packages/pip/_vendor/pygments/__pycache__/unistring.cpython-314.pyc
/data/data/com.termux/files/home/GTA/BR/.venv.broken.20260831-112339/lib/python3.14/site-packages/pip/_vendor/pygments/__pycache__/util.cpython-314.pyc
/data/data/com.termux/files/home/GTA/BR/.venv.broken.20260831-112339/lib/python3.14/site-packages/pip/_vendor/pygments/console.py
/data/data/com.termux/files/home/GTA/BR/.venv.broken.20260831-112339/lib/python3.14/site-packages/pip/_vendor/pygments/filter.py
/data/data/com.termux/files/home/GTA/BR/.venv.broken.20260831-112339/lib/python3.14/site-packages/pip/_vendor/pygments/filters/__init__.py
/data/data/com.termux/files/home/GTA/BR/.venv.broken.20260831-112339/lib/python3.14/site-packages/pip/_vendor/pygments/filters/__pycache__/__init__.cpython-314.pyc
/data/data/com.termux/files/home/GTA/BR/.venv.broken.20260831-112339/lib/python3.14/site-packages/pip/_vendor/pygments/formatter.py
/data/data/com.termux/files/home/GTA/BR/.venv.broken.20260831-112339/lib/python3.14/site-packages/pip/_vendor/pygments/formatters/__init__.py
/data/data/com.termux/files/home/GTA/BR/.venv.broken.20260831-112339/lib/python3.14/site-packages/pip/_vendor/pygments/formatters/__pycache__/__init__.cpython-314.pyc
/data/data/com.termux/files/home/GTA/BR/.venv.broken.20260831-112339/lib/python3.14/site-packages/pip/_vendor/pygments/formatters/__pycache__/_mapping.cpython-314.pyc
/data/data/com.termux/files/home/GTA/BR/.venv.broken.20260831-112339/lib/python3.14/site-packages/pip/_vendor/pygments/formatters/_mapping.py
/data/data/com.termux/files/home/GTA/BR/.venv.broken.20260831-112339/lib/python3.14/site-packages/pip/_vendor/pygments/lexer.py
/data/data/com.termux/files/home/GTA/BR/.venv.broken.20260831-112339/lib/python3.14/site-packages/pip/_vendor/pygments/lexers/__init__.py
/data/data/com.termux/files/home/GTA/BR/.venv.broken.20260831-112339/lib/python3.14/site-packages/pip/_vendor/pygments/lexers/__pycache__/__init__.cpython-314.pyc
/data/data/com.termux/files/home/GTA/BR/.venv.broken.20260831-112339/lib/python3.14/site-packages/pip/_vendor/pygments/lexers/__pycache__/_mapping.cpython-314.pyc
/data/data/com.termux/files/home/GTA/BR/.venv.broken.20260831-112339/lib/python3.14/site-packages/pip/_vendor/pygments/lexers/__pycache__/python.cpython-314.pyc
/data/data/com.termux/files/home/GTA/BR/.venv.broken.20260831-112339/lib/python3.14/site-packages/pip/_vendor/pygments/lexers/_mapping.py
/data/data/com.termux/files/home/GTA/BR/.venv.broken.20260831-112339/lib/python3.14/site-packages/pip/_vendor/pygments/lexers/python.py
/data/data/com.termux/files/home/GTA/BR/.venv.broken.20260831-112339/lib/python3.14/site-packages/pip/_vendor/pygments/modeline.py
/data/data/com.termux/files/home/GTA/BR/.venv.broken.20260831-112339/lib/python3.14/site-packages/pip/_vendor/pygments/plugin.py
/data/data/com.termux/files/home/GTA/BR/.venv.broken.20260831-112339/lib/python3.14/site-packages/pip/_vendor/pygments/regexopt.py
/data/data/com.termux/files/home/GTA/BR/.venv.broken.20260831-112339/lib/python3.14/site-packages/pip/_vendor/pygments/scanner.py
/data/data/com.termux/files/home/GTA/BR/.venv.broken.20260831-112339/lib/python3.14/site-packages/pip/_vendor/pygments/sphinxext.py
/data/data/com.termux/files/home/GTA/BR/.venv.broken.20260831-112339/lib/python3.14/site-packages/pip/_vendor/pygments/style.py
/data/data/com.termux/files/home/GTA/BR/.venv.broken.20260831-112339/lib/python3.14/site-packages/pip/_vendor/pygments/styles/__init__.py
/data/data/com.termux/files/home/GTA/BR/.venv.broken.20260831-112339/lib/python3.14/site-packages/pip/_vendor/pygments/styles/__pycache__/__init__.cpython-314.pyc
/data/data/com.termux/files/home/GTA/BR/.venv.broken.20260831-112339/lib/python3.14/site-packages/pip/_vendor/pygments/styles/__pycache__/_mapping.cpython-314.pyc
/data/data/com.termux/files/home/GTA/BR/.venv.broken.20260831-112339/lib/python3.14/site-packages/pip/_vendor/pygments/styles/_mapping.py
/data/data/com.termux/files/home/GTA/BR/.venv.broken.20260831-112339/lib/python3.14/site-packages/pip/_vendor/pygments/token.py
/data/data/com.termux/files/home/GTA/BR/.venv.broken.20260831-112339/lib/python3.14/site-packages/pip/_vendor/pygments/unistring.py
/data/data/com.termux/files/home/GTA/BR/.venv.broken.20260831-112339/lib/python3.14/site-packages/pip/_vendor/pygments/util.py
/data/data/com.termux/files/home/GTA/BR/.venv.broken.20260831-112339/lib/python3.14/site-packages/pip/_vendor/pyproject_hooks/LICENSE
/data/data/com.termux/files/home/GTA/BR/.venv.broken.20260831-112339/lib/python3.14/site-packages/pip/_vendor/pyproject_hooks/__init__.py
/data/data/com.termux/files/home/GTA/BR/.venv.broken.20260831-112339/lib/python3.14/site-packages/pip/_vendor/pyproject_hooks/__pycache__/__init__.cpython-314.pyc
/data/data/com.termux/files/home/GTA/BR/.venv.broken.20260831-112339/lib/python3.14/site-packages/pip/_vendor/pyproject_hooks/__pycache__/_impl.cpython-314.pyc
/data/data/com.termux/files/home/GTA/BR/.venv.broken.20260831-112339/lib/python3.14/site-packages/pip/_vendor/pyproject_hooks/_impl.py
/data/data/com.termux/files/home/GTA/BR/.venv.broken.20260831-112339/lib/python3.14/site-packages/pip/_vendor/pyproject_hooks/_in_process/__init__.py
/data/data/com.termux/files/home/GTA/BR/.venv.broken.20260831-112339/lib/python3.14/site-packages/pip/_vendor/pyproject_hooks/_in_process/__pycache__/__init__.cpython-314.pyc
/data/data/com.termux/files/home/GTA/BR/.venv.broken.20260831-112339/lib/python3.14/site-packages/pip/_vendor/pyproject_hooks/_in_process/__pycache__/_in_process.cpython-314.pyc
/data/data/com.termux/files/home/GTA/BR/.venv.broken.20260831-112339/lib/python3.14/site-packages/pip/_vendor/pyproject_hooks/_in_process/_in_process.py
/data/data/com.termux/files/home/GTA/BR/.venv.broken.20260831-112339/lib/python3.14/site-packages/pip/_vendor/pyproject_hooks/py.typed
/data/data/com.termux/files/home/GTA/BR/.venv.broken.20260831-112339/lib/python3.14/site-packages/pip/_vendor/requests/LICENSE
/data/data/com.termux/files/home/GTA/BR/.venv.broken.20260831-112339/lib/python3.14/site-packages/pip/_vendor/requests/__init__.py
/data/data/com.termux/files/home/GTA/BR/.venv.broken.20260831-112339/lib/python3.14/site-packages/pip/_vendor/requests/__pycache__/__init__.cpython-314.pyc
/data/data/com.termux/files/home/GTA/BR/.venv.broken.20260831-112339/lib/python3.14/site-packages/pip/_vendor/requests/__pycache__/__version__.cpython-314.pyc
/data/data/com.termux/files/home/GTA/BR/.venv.broken.20260831-112339/lib/python3.14/site-packages/pip/_vendor/requests/__pycache__/_internal_utils.cpython-314.pyc
/data/data/com.termux/files/home/GTA/BR/.venv.broken.20260831-112339/lib/python3.14/site-packages/pip/_vendor/requests/__pycache__/_types.cpython-314.pyc
/data/data/com.termux/files/home/GTA/BR/.venv.broken.20260831-112339/lib/python3.14/site-packages/pip/_vendor/requests/__pycache__/adapters.cpython-314.pyc
/data/data/com.termux/files/home/GTA/BR/.venv.broken.20260831-112339/lib/python3.14/site-packages/pip/_vendor/requests/__pycache__/api.cpython-314.pyc
/data/data/com.termux/files/home/GTA/BR/.venv.broken.20260831-112339/lib/python3.14/site-packages/pip/_vendor/requests/__pycache__/auth.cpython-314.pyc
/data/data/com.termux/files/home/GTA/BR/.venv.broken.20260831-112339/lib/python3.14/site-packages/pip/_vendor/requests/__pycache__/certs.cpython-314.pyc
/data/data/com.termux/files/home/GTA/BR/.venv.broken.20260831-112339/lib/python3.14/site-packages/pip/_vendor/requests/__pycache__/compat.cpython-314.pyc
/data/data/com.termux/files/home/GTA/BR/.venv.broken.20260831-112339/lib/python3.14/site-packages/pip/_vendor/requests/__pycache__/cookies.cpython-314.pyc
/data/data/com.termux/files/home/GTA/BR/.venv.broken.20260831-112339/lib/python3.14/site-packages/pip/_vendor/requests/__pycache__/exceptions.cpython-314.pyc
/data/data/com.termux/files/home/GTA/BR/.venv.broken.20260831-112339/lib/python3.14/site-packages/pip/_vendor/requests/__pycache__/help.cpython-314.pyc
/data/data/com.termux/files/home/GTA/BR/.venv.broken.20260831-112339/lib/python3.14/site-packages/pip/_vendor/requests/__pycache__/hooks.cpython-314.pyc
/data/data/com.termux/files/home/GTA/BR/.venv.broken.20260831-112339/lib/python3.14/site-packages/pip/_vendor/requests/__pycache__/models.cpython-314.pyc
/data/data/com.termux/files/home/GTA/BR/.venv.broken.20260831-112339/lib/python3.14/site-packages/pip/_vendor/requests/__pycache__/packages.cpython-314.pyc
/data/data/com.termux/files/home/GTA/BR/.venv.broken.20260831-112339/lib/python3.14/site-packages/pip/_vendor/requests/__pycache__/sessions.cpython-314.pyc
/data/data/com.termux/files/home/GTA/BR/.venv.broken.20260831-112339/lib/python3.14/site-packages/pip/_vendor/requests/__pycache__/status_codes.cpython-314.pyc
/data/data/com.termux/files/home/GTA/BR/.venv.broken.20260831-112339/lib/python3.14/site-packages/pip/_vendor/requests/__pycache__/structures.cpython-314.pyc
/data/data/com.termux/files/home/GTA/BR/.venv.broken.20260831-112339/lib/python3.14/site-packages/pip/_vendor/requests/__pycache__/utils.cpython-314.pyc
/data/data/com.termux/files/home/GTA/BR/.venv.broken.20260831-112339/lib/python3.14/site-packages/pip/_vendor/requests/__version__.py
/data/data/com.termux/files/home/GTA/BR/.venv.broken.20260831-112339/lib/python3.14/site-packages/pip/_vendor/requests/_internal_utils.py
/data/data/com.termux/files/home/GTA/BR/.venv.broken.20260831-112339/lib/python3.14/site-packages/pip/_vendor/requests/_types.py
/data/data/com.termux/files/home/GTA/BR/.venv.broken.20260831-112339/lib/python3.14/site-packages/pip/_vendor/requests/adapters.py
/data/data/com.termux/files/home/GTA/BR/.venv.broken.20260831-112339/lib/python3.14/site-packages/pip/_vendor/requests/api.py
/data/data/com.termux/files/home/GTA/BR/.venv.broken.20260831-112339/lib/python3.14/site-packages/pip/_vendor/requests/auth.py
/data/data/com.termux/files/home/GTA/BR/.venv.broken.20260831-112339/lib/python3.14/site-packages/pip/_vendor/requests/certs.py
/data/data/com.termux/files/home/GTA/BR/.venv.broken.20260831-112339/lib/python3.14/site-packages/pip/_vendor/requests/compat.py
/data/data/com.termux/files/home/GTA/BR/.venv.broken.20260831-112339/lib/python3.14/site-packages/pip/_vendor/requests/cookies.py
/data/data/com.termux/files/home/GTA/BR/.venv.broken.20260831-112339/lib/python3.14/site-packages/pip/_vendor/requests/exceptions.py
/data/data/com.termux/files/home/GTA/BR/.venv.broken.20260831-112339/lib/python3.14/site-packages/pip/_vendor/requests/help.py
/data/data/com.termux/files/home/GTA/BR/.venv.broken.20260831-112339/lib/python3.14/site-packages/pip/_vendor/requests/hooks.py
/data/data/com.termux/files/home/GTA/BR/.venv.broken.20260831-112339/lib/python3.14/site-packages/pip/_vendor/requests/models.py
/data/data/com.termux/files/home/GTA/BR/.venv.broken.20260831-112339/lib/python3.14/site-packages/pip/_vendor/requests/packages.py
/data/data/com.termux/files/home/GTA/BR/.venv.broken.20260831-112339/lib/python3.14/site-packages/pip/_vendor/requests/py.typed
/data/data/com.termux/files/home/GTA/BR/.venv.broken.20260831-112339/lib/python3.14/site-packages/pip/_vendor/requests/sessions.py
/data/data/com.termux/files/home/GTA/BR/.venv.broken.20260831-112339/lib/python3.14/site-packages/pip/_vendor/requests/status_codes.py
/data/data/com.termux/files/home/GTA/BR/.venv.broken.20260831-112339/lib/python3.14/site-packages/pip/_vendor/requests/structures.py
/data/data/com.termux/files/home/GTA/BR/.venv.broken.20260831-112339/lib/python3.14/site-packages/pip/_vendor/requests/utils.py
/data/data/com.termux/files/home/GTA/BR/.venv.broken.20260831-112339/lib/python3.14/site-packages/pip/_vendor/resolvelib/LICENSE
/data/data/com.termux/files/home/GTA/BR/.venv.broken.20260831-112339/lib/python3.14/site-packages/pip/_vendor/resolvelib/__init__.py
/data/data/com.termux/files/home/GTA/BR/.venv.broken.20260831-112339/lib/python3.14/site-packages/pip/_vendor/resolvelib/__pycache__/__init__.cpython-314.pyc
/data/data/com.termux/files/home/GTA/BR/.venv.broken.20260831-112339/lib/python3.14/site-packages/pip/_vendor/resolvelib/__pycache__/providers.cpython-314.pyc
/data/data/com.termux/files/home/GTA/BR/.venv.broken.20260831-112339/lib/python3.14/site-packages/pip/_vendor/resolvelib/__pycache__/reporters.cpython-314.pyc
/data/data/com.termux/files/home/GTA/BR/.venv.broken.20260831-112339/lib/python3.14/site-packages/pip/_vendor/resolvelib/__pycache__/structs.cpython-314.pyc
/data/data/com.termux/files/home/GTA/BR/.venv.broken.20260831-112339/lib/python3.14/site-packages/pip/_vendor/resolvelib/providers.py
/data/data/com.termux/files/home/GTA/BR/.venv.broken.20260831-112339/lib/python3.14/site-packages/pip/_vendor/resolvelib/py.typed
/data/data/com.termux/files/home/GTA/BR/.venv.broken.20260831-112339/lib/python3.14/site-packages/pip/_vendor/resolvelib/reporters.py
/data/data/com.termux/files/home/GTA/BR/.venv.broken.20260831-112339/lib/python3.14/site-packages/pip/_vendor/resolvelib/resolvers/__init__.py
/data/data/com.termux/files/home/GTA/BR/.venv.broken.20260831-112339/lib/python3.14/site-packages/pip/_vendor/resolvelib/resolvers/__pycache__/__init__.cpython-314.pyc
/data/data/com.termux/files/home/GTA/BR/.venv.broken.20260831-112339/lib/python3.14/site-packages/pip/_vendor/resolvelib/resolvers/__pycache__/abstract.cpython-314.pyc
/data/data/com.termux/files/home/GTA/BR/.venv.broken.20260831-112339/lib/python3.14/site-packages/pip/_vendor/resolvelib/resolvers/__pycache__/criterion.cpython-314.pyc
/data/data/com.termux/files/home/GTA/BR/.venv.broken.20260831-112339/lib/python3.14/site-packages/pip/_vendor/resolvelib/resolvers/__pycache__/exceptions.cpython-314.pyc
/data/data/com.termux/files/home/GTA/BR/.venv.broken.20260831-112339/lib/python3.14/site-packages/pip/_vendor/resolvelib/resolvers/__pycache__/resolution.cpython-314.pyc
/data/data/com.termux/files/home/GTA/BR/.venv.broken.20260831-112339/lib/python3.14/site-packages/pip/_vendor/resolvelib/resolvers/abstract.py
/data/data/com.termux/files/home/GTA/BR/.venv.broken.20260831-112339/lib/python3.14/site-packages/pip/_vendor/resolvelib/resolvers/criterion.py
/data/data/com.termux/files/home/GTA/BR/.venv.broken.20260831-112339/lib/python3.14/site-packages/pip/_vendor/resolvelib/resolvers/exceptions.py
/data/data/com.termux/files/home/GTA/BR/.venv.broken.20260831-112339/lib/python3.14/site-packages/pip/_vendor/resolvelib/resolvers/resolution.py
/data/data/com.termux/files/home/GTA/BR/.venv.broken.20260831-112339/lib/python3.14/site-packages/pip/_vendor/resolvelib/structs.py
/data/data/com.termux/files/home/GTA/BR/.venv.broken.20260831-112339/lib/python3.14/site-packages/pip/_vendor/rich/LICENSE
/data/data/com.termux/files/home/GTA/BR/.venv.broken.20260831-112339/lib/python3.14/site-packages/pip/_vendor/rich/__init__.py
/data/data/com.termux/files/home/GTA/BR/.venv.broken.20260831-112339/lib/python3.14/site-packages/pip/_vendor/rich/__main__.py
/data/data/com.termux/files/home/GTA/BR/.venv.broken.20260831-112339/lib/python3.14/site-packages/pip/_vendor/rich/__pycache__/__init__.cpython-314.pyc
/data/data/com.termux/files/home/GTA/BR/.venv.broken.20260831-112339/lib/python3.14/site-packages/pip/_vendor/rich/__pycache__/__main__.cpython-314.pyc
/data/data/com.termux/files/home/GTA/BR/.venv.broken.20260831-112339/lib/python3.14/site-packages/pip/_vendor/rich/__pycache__/_cell_widths.cpython-314.pyc
/data/data/com.termux/files/home/GTA/BR/.venv.broken.20260831-112339/lib/python3.14/site-packages/pip/_vendor/rich/__pycache__/_emoji_codes.cpython-314.pyc
/data/data/com.termux/files/home/GTA/BR/.venv.broken.20260831-112339/lib/python3.14/site-packages/pip/_vendor/rich/__pycache__/_emoji_replace.cpython-314.pyc
/data/data/com.termux/files/home/GTA/BR/.venv.broken.20260831-112339/lib/python3.14/site-packages/pip/_vendor/rich/__pycache__/_export_format.cpython-314.pyc
/data/data/com.termux/files/home/GTA/BR/.venv.broken.20260831-112339/lib/python3.14/site-packages/pip/_vendor/rich/__pycache__/_extension.cpython-314.pyc
/data/data/com.termux/files/home/GTA/BR/.venv.broken.20260831-112339/lib/python3.14/site-packages/pip/_vendor/rich/__pycache__/_fileno.cpython-314.pyc
/data/data/com.termux/files/home/GTA/BR/.venv.broken.20260831-112339/lib/python3.14/site-packages/pip/_vendor/rich/__pycache__/_inspect.cpython-314.pyc
/data/data/com.termux/files/home/GTA/BR/.venv.broken.20260831-112339/lib/python3.14/site-packages/pip/_vendor/rich/__pycache__/_log_render.cpython-314.pyc
/data/data/com.termux/files/home/GTA/BR/.venv.broken.20260831-112339/lib/python3.14/site-packages/pip/_vendor/rich/__pycache__/_loop.cpython-314.pyc
/data/data/com.termux/files/home/GTA/BR/.venv.broken.20260831-112339/lib/python3.14/site-packages/pip/_vendor/rich/__pycache__/_null_file.cpython-314.pyc
/data/data/com.termux/files/home/GTA/BR/.venv.broken.20260831-112339/lib/python3.14/site-packages/pip/_vendor/rich/__pycache__/_palettes.cpython-314.pyc
/data/data/com.termux/files/home/GTA/BR/.venv.broken.20260831-112339/lib/python3.14/site-packages/pip/_vendor/rich/__pycache__/_pick.cpython-314.pyc
/data/data/com.termux/files/home/GTA/BR/.venv.broken.20260831-112339/lib/python3.14/site-packages/pip/_vendor/rich/__pycache__/_ratio.cpython-314.pyc
/data/data/com.termux/files/home/GTA/BR/.venv.broken.20260831-112339/lib/python3.14/site-packages/pip/_vendor/rich/__pycache__/_spinners.cpython-314.pyc
/data/data/com.termux/files/home/GTA/BR/.venv.broken.20260831-112339/lib/python3.14/site-packages/pip/_vendor/rich/__pycache__/_stack.cpython-314.pyc
/data/data/com.termux/files/home/GTA/BR/.venv.broken.20260831-112339/lib/python3.14/site-packages/pip/_vendor/rich/__pycache__/_timer.cpython-314.pyc
/data/data/com.termux/files/home/GTA/BR/.venv.broken.20260831-112339/lib/python3.14/site-packages/pip/_vendor/rich/__pycache__/_win32_console.cpython-314.pyc
/data/data/com.termux/files/home/GTA/BR/.venv.broken.20260831-112339/lib/python3.14/site-packages/pip/_vendor/rich/__pycache__/_windows.cpython-314.pyc
/data/data/com.termux/files/home/GTA/BR/.venv.broken.20260831-112339/lib/python3.14/site-packages/pip/_vendor/rich/__pycache__/_windows_renderer.cpython-314.pyc
/data/data/com.termux/files/home/GTA/BR/.venv.broken.20260831-112339/lib/python3.14/site-packages/pip/_vendor/rich/__pycache__/_wrap.cpython-314.pyc
/data/data/com.termux/files/home/GTA/BR/.venv.broken.20260831-112339/lib/python3.14/site-packages/pip/_vendor/rich/__pycache__/abc.cpython-314.pyc
/data/data/com.termux/files/home/GTA/BR/.venv.broken.20260831-112339/lib/python3.14/site-packages/pip/_vendor/rich/__pycache__/align.cpython-314.pyc
/data/data/com.termux/files/home/GTA/BR/.venv.broken.20260831-112339/lib/python3.14/site-packages/pip/_vendor/rich/__pycache__/ansi.cpython-314.pyc
/data/data/com.termux/files/home/GTA/BR/.venv.broken.20260831-112339/lib/python3.14/site-packages/pip/_vendor/rich/__pycache__/bar.cpython-314.pyc
/data/data/com.termux/files/home/GTA/BR/.venv.broken.20260831-112339/lib/python3.14/site-packages/pip/_vendor/rich/__pycache__/box.cpython-314.pyc
/data/data/com.termux/files/home/GTA/BR/.venv.broken.20260831-112339/lib/python3.14/site-packages/pip/_vendor/rich/__pycache__/cells.cpython-314.pyc
/data/data/com.termux/files/home/GTA/BR/.venv.broken.20260831-112339/lib/python3.14/site-packages/pip/_vendor/rich/__pycache__/color.cpython-314.pyc
/data/data/com.termux/files/home/GTA/BR/.venv.broken.20260831-112339/lib/python3.14/site-packages/pip/_vendor/rich/__pycache__/color_triplet.cpython-314.pyc
/data/data/com.termux/files/home/GTA/BR/.venv.broken.20260831-112339/lib/python3.14/site-packages/pip/_vendor/rich/__pycache__/columns.cpython-314.pyc
/data/data/com.termux/files/home/GTA/BR/.venv.broken.20260831-112339/lib/python3.14/site-packages/pip/_vendor/rich/__pycache__/console.cpython-314.pyc
/data/data/com.termux/files/home/GTA/BR/.venv.broken.20260831-112339/lib/python3.14/site-packages/pip/_vendor/rich/__pycache__/constrain.cpython-314.pyc
/data/data/com.termux/files/home/GTA/BR/.venv.broken.20260831-112339/lib/python3.14/site-packages/pip/_vendor/rich/__pycache__/containers.cpython-314.pyc
/data/data/com.termux/files/home/GTA/BR/.venv.broken.20260831-112339/lib/python3.14/site-packages/pip/_vendor/rich/__pycache__/control.cpython-314.pyc
/data/data/com.termux/files/home/GTA/BR/.venv.broken.20260831-112339/lib/python3.14/site-packages/pip/_vendor/rich/__pycache__/default_styles.cpython-314.pyc
/data/data/com.termux/files/home/GTA/BR/.venv.broken.20260831-112339/lib/python3.14/site-packages/pip/_vendor/rich/__pycache__/diagnose.cpython-314.pyc
/data/data/com.termux/files/home/GTA/BR/.venv.broken.20260831-112339/lib/python3.14/site-packages/pip/_vendor/rich/__pycache__/emoji.cpython-314.pyc
/data/data/com.termux/files/home/GTA/BR/.venv.broken.20260831-112339/lib/python3.14/site-packages/pip/_vendor/rich/__pycache__/errors.cpython-314.pyc
/data/data/com.termux/files/home/GTA/BR/.venv.broken.20260831-112339/lib/python3.14/site-packages/pip/_vendor/rich/__pycache__/file_proxy.cpython-314.pyc
/data/data/com.termux/files/home/GTA/BR/.venv.broken.20260831-112339/lib/python3.14/site-packages/pip/_vendor/rich/__pycache__/filesize.cpython-314.pyc
/data/data/com.termux/files/home/GTA/BR/.venv.broken.20260831-112339/lib/python3.14/site-packages/pip/_vendor/rich/__pycache__/highlighter.cpython-314.pyc
/data/data/com.termux/files/home/GTA/BR/.venv.broken.20260831-112339/lib/python3.14/site-packages/pip/_vendor/rich/__pycache__/json.cpython-314.pyc
/data/data/com.termux/files/home/GTA/BR/.venv.broken.20260831-112339/lib/python3.14/site-packages/pip/_vendor/rich/__pycache__/jupyter.cpython-314.pyc
/data/data/com.termux/files/home/GTA/BR/.venv.broken.20260831-112339/lib/python3.14/site-packages/pip/_vendor/rich/__pycache__/layout.cpython-314.pyc
/data/data/com.termux/files/home/GTA/BR/.venv.broken.20260831-112339/lib/python3.14/site-packages/pip/_vendor/rich/__pycache__/live.cpython-314.pyc
/data/data/com.termux/files/home/GTA/BR/.venv.broken.20260831-112339/lib/python3.14/site-packages/pip/_vendor/rich/__pycache__/live_render.cpython-314.pyc
/data/data/com.termux/files/home/GTA/BR/.venv.broken.20260831-112339/lib/python3.14/site-packages/pip/_vendor/rich/__pycache__/logging.cpython-314.pyc
/data/data/com.termux/files/home/GTA/BR/.venv.broken.20260831-112339/lib/python3.14/site-packages/pip/_vendor/rich/__pycache__/markup.cpython-314.pyc
/data/data/com.termux/files/home/GTA/BR/.venv.broken.20260831-112339/lib/python3.14/site-packages/pip/_vendor/rich/__pycache__/measure.cpython-314.pyc
/data/data/com.termux/files/home/GTA/BR/.venv.broken.20260831-112339/lib/python3.14/site-packages/pip/_vendor/rich/__pycache__/padding.cpython-314.pyc
/data/data/com.termux/files/home/GTA/BR/.venv.broken.20260831-112339/lib/python3.14/site-packages/pip/_vendor/rich/__pycache__/pager.cpython-314.pyc
/data/data/com.termux/files/home/GTA/BR/.venv.broken.20260831-112339/lib/python3.14/site-packages/pip/_vendor/rich/__pycache__/palette.cpython-314.pyc
/data/data/com.termux/files/home/GTA/BR/.venv.broken.20260831-112339/lib/python3.14/site-packages/pip/_vendor/rich/__pycache__/panel.cpython-314.pyc
/data/data/com.termux/files/home/GTA/BR/.venv.broken.20260831-112339/lib/python3.14/site-packages/pip/_vendor/rich/__pycache__/pretty.cpython-314.pyc
/data/data/com.termux/files/home/GTA/BR/.venv.broken.20260831-112339/lib/python3.14/site-packages/pip/_vendor/rich/__pycache__/progress.cpython-314.pyc
/data/data/com.termux/files/home/GTA/BR/.venv.broken.20260831-112339/lib/python3.14/site-packages/pip/_vendor/rich/__pycache__/progress_bar.cpython-314.pyc
/data/data/com.termux/files/home/GTA/BR/.venv.broken.20260831-112339/lib/python3.14/site-packages/pip/_vendor/rich/__pycache__/prompt.cpython-314.pyc
/data/data/com.termux/files/home/GTA/BR/.venv.broken.20260831-112339/lib/python3.14/site-packages/pip/_vendor/rich/__pycache__/protocol.cpython-314.pyc
/data/data/com.termux/files/home/GTA/BR/.venv.broken.20260831-112339/lib/python3.14/site-packages/pip/_vendor/rich/__pycache__/region.cpython-314.pyc
/data/data/com.termux/files/home/GTA/BR/.venv.broken.20260831-112339/lib/python3.14/site-packages/pip/_vendor/rich/__pycache__/repr.cpython-314.pyc
/data/data/com.termux/files/home/GTA/BR/.venv.broken.20260831-112339/lib/python3.14/site-packages/pip/_vendor/rich/__pycache__/rule.cpython-314.pyc
/data/data/com.termux/files/home/GTA/BR/.venv.broken.20260831-112339/lib/python3.14/site-packages/pip/_vendor/rich/__pycache__/scope.cpython-314.pyc
/data/data/com.termux/files/home/GTA/BR/.venv.broken.20260831-112339/lib/python3.14/site-packages/pip/_vendor/rich/__pycache__/screen.cpython-314.pyc
/data/data/com.termux/files/home/GTA/BR/.venv.broken.20260831-112339/lib/python3.14/site-packages/pip/_vendor/rich/__pycache__/segment.cpython-314.pyc
/data/data/com.termux/files/home/GTA/BR/.venv.broken.20260831-112339/lib/python3.14/site-packages/pip/_vendor/rich/__pycache__/spinner.cpython-314.pyc
/data/data/com.termux/files/home/GTA/BR/.venv.broken.20260831-112339/lib/python3.14/site-packages/pip/_vendor/rich/__pycache__/status.cpython-314.pyc
/data/data/com.termux/files/home/GTA/BR/.venv.broken.20260831-112339/lib/python3.14/site-packages/pip/_vendor/rich/__pycache__/style.cpython-314.pyc
/data/data/com.termux/files/home/GTA/BR/.venv.broken.20260831-112339/lib/python3.14/site-packages/pip/_vendor/rich/__pycache__/styled.cpython-314.pyc
/data/data/com.termux/files/home/GTA/BR/.venv.broken.20260831-112339/lib/python3.14/site-packages/pip/_vendor/rich/__pycache__/syntax.cpython-314.pyc
/data/data/com.termux/files/home/GTA/BR/.venv.broken.20260831-112339/lib/python3.14/site-packages/pip/_vendor/rich/__pycache__/table.cpython-314.pyc
/data/data/com.termux/files/home/GTA/BR/.venv.broken.20260831-112339/lib/python3.14/site-packages/pip/_vendor/rich/__pycache__/terminal_theme.cpython-314.pyc
/data/data/com.termux/files/home/GTA/BR/.venv.broken.20260831-112339/lib/python3.14/site-packages/pip/_vendor/rich/__pycache__/text.cpython-314.pyc
/data/data/com.termux/files/home/GTA/BR/.venv.broken.20260831-112339/lib/python3.14/site-packages/pip/_vendor/rich/__pycache__/theme.cpython-314.pyc
/data/data/com.termux/files/home/GTA/BR/.venv.broken.20260831-112339/lib/python3.14/site-packages/pip/_vendor/rich/__pycache__/themes.cpython-314.pyc
/data/data/com.termux/files/home/GTA/BR/.venv.broken.20260831-112339/lib/python3.14/site-packages/pip/_vendor/rich/__pycache__/traceback.cpython-314.pyc
/data/data/com.termux/files/home/GTA/BR/.venv.broken.20260831-112339/lib/python3.14/site-packages/pip/_vendor/rich/__pycache__/tree.cpython-314.pyc
/data/data/com.termux/files/home/GTA/BR/.venv.broken.20260831-112339/lib/python3.14/site-packages/pip/_vendor/rich/_cell_widths.py
/data/data/com.termux/files/home/GTA/BR/.venv.broken.20260831-112339/lib/python3.14/site-packages/pip/_vendor/rich/_emoji_codes.py
/data/data/com.termux/files/home/GTA/BR/.venv.broken.20260831-112339/lib/python3.14/site-packages/pip/_vendor/rich/_emoji_replace.py
/data/data/com.termux/files/home/GTA/BR/.venv.broken.20260831-112339/lib/python3.14/site-packages/pip/_vendor/rich/_export_format.py
/data/data/com.termux/files/home/GTA/BR/.venv.broken.20260831-112339/lib/python3.14/site-packages/pip/_vendor/rich/_extension.py
/data/data/com.termux/files/home/GTA/BR/.venv.broken.20260831-112339/lib/python3.14/site-packages/pip/_vendor/rich/_fileno.py
/data/data/com.termux/files/home/GTA/BR/.venv.broken.20260831-112339/lib/python3.14/site-packages/pip/_vendor/rich/_inspect.py
/data/data/com.termux/files/home/GTA/BR/.venv.broken.20260831-112339/lib/python3.14/site-packages/pip/_vendor/rich/_log_render.py
/data/data/com.termux/files/home/GTA/BR/.venv.broken.20260831-112339/lib/python3.14/site-packages/pip/_vendor/rich/_loop.py
/data/data/com.termux/files/home/GTA/BR/.venv.broken.20260831-112339/lib/python3.14/site-packages/pip/_vendor/rich/_null_file.py
/data/data/com.termux/files/home/GTA/BR/.venv.broken.20260831-112339/lib/python3.14/site-packages/pip/_vendor/rich/_palettes.py
/data/data/com.termux/files/home/GTA/BR/.venv.broken.20260831-112339/lib/python3.14/site-packages/pip/_vendor/rich/_pick.py
/data/data/com.termux/files/home/GTA/BR/.venv.broken.20260831-112339/lib/python3.14/site-packages/pip/_vendor/rich/_ratio.py
/data/data/com.termux/files/home/GTA/BR/.venv.broken.20260831-112339/lib/python3.14/site-packages/pip/_vendor/rich/_spinners.py
/data/data/com.termux/files/home/GTA/BR/.venv.broken.20260831-112339/lib/python3.14/site-packages/pip/_vendor/rich/_stack.py
/data/data/com.termux/files/home/GTA/BR/.venv.broken.20260831-112339/lib/python3.14/site-packages/pip/_vendor/rich/_timer.py
/data/data/com.termux/files/home/GTA/BR/.venv.broken.20260831-112339/lib/python3.14/site-packages/pip/_vendor/rich/_win32_console.py
/data/data/com.termux/files/home/GTA/BR/.venv.broken.20260831-112339/lib/python3.14/site-packages/pip/_vendor/rich/_windows.py
/data/data/com.termux/files/home/GTA/BR/.venv.broken.20260831-112339/lib/python3.14/site-packages/pip/_vendor/rich/_windows_renderer.py
/data/data/com.termux/files/home/GTA/BR/.venv.broken.20260831-112339/lib/python3.14/site-packages/pip/_vendor/rich/_wrap.py
/data/data/com.termux/files/home/GTA/BR/.venv.broken.20260831-112339/lib/python3.14/site-packages/pip/_vendor/rich/abc.py
/data/data/com.termux/files/home/GTA/BR/.venv.broken.20260831-112339/lib/python3.14/site-packages/pip/_vendor/rich/align.py
/data/data/com.termux/files/home/GTA/BR/.venv.broken.20260831-112339/lib/python3.14/site-packages/pip/_vendor/rich/ansi.py
/data/data/com.termux/files/home/GTA/BR/.venv.broken.20260831-112339/lib/python3.14/site-packages/pip/_vendor/rich/bar.py
/data/data/com.termux/files/home/GTA/BR/.venv.broken.20260831-112339/lib/python3.14/site-packages/pip/_vendor/rich/box.py
/data/data/com.termux/files/home/GTA/BR/.venv.broken.20260831-112339/lib/python3.14/site-packages/pip/_vendor/rich/cells.py
/data/data/com.termux/files/home/GTA/BR/.venv.broken.20260831-112339/lib/python3.14/site-packages/pip/_vendor/rich/color.py
/data/data/com.termux/files/home/GTA/BR/.venv.broken.20260831-112339/lib/python3.14/site-packages/pip/_vendor/rich/color_triplet.py
/data/data/com.termux/files/home/GTA/BR/.venv.broken.20260831-112339/lib/python3.14/site-packages/pip/_vendor/rich/columns.py
/data/data/com.termux/files/home/GTA/BR/.venv.broken.20260831-112339/lib/python3.14/site-packages/pip/_vendor/rich/console.py
/data/data/com.termux/files/home/GTA/BR/.venv.broken.20260831-112339/lib/python3.14/site-packages/pip/_vendor/rich/constrain.py
/data/data/com.termux/files/home/GTA/BR/.venv.broken.20260831-112339/lib/python3.14/site-packages/pip/_vendor/rich/containers.py
/data/data/com.termux/files/home/GTA/BR/.venv.broken.20260831-112339/lib/python3.14/site-packages/pip/_vendor/rich/control.py
/data/data/com.termux/files/home/GTA/BR/.venv.broken.20260831-112339/lib/python3.14/site-packages/pip/_vendor/rich/default_styles.py
/data/data/com.termux/files/home/GTA/BR/.venv.broken.20260831-112339/lib/python3.14/site-packages/pip/_vendor/rich/diagnose.py
/data/data/com.termux/files/home/GTA/BR/.venv.broken.20260831-112339/lib/python3.14/site-packages/pip/_vendor/rich/emoji.py
/data/data/com.termux/files/home/GTA/BR/.venv.broken.20260831-112339/lib/python3.14/site-packages/pip/_vendor/rich/errors.py
/data/data/com.termux/files/home/GTA/BR/.venv.broken.20260831-112339/lib/python3.14/site-packages/pip/_vendor/rich/file_proxy.py
/data/data/com.termux/files/home/GTA/BR/.venv.broken.20260831-112339/lib/python3.14/site-packages/pip/_vendor/rich/filesize.py
/data/data/com.termux/files/home/GTA/BR/.venv.broken.20260831-112339/lib/python3.14/site-packages/pip/_vendor/rich/highlighter.py
/data/data/com.termux/files/home/GTA/BR/.venv.broken.20260831-112339/lib/python3.14/site-packages/pip/_vendor/rich/json.py
/data/data/com.termux/files/home/GTA/BR/.venv.broken.20260831-112339/lib/python3.14/site-packages/pip/_vendor/rich/jupyter.py
/data/data/com.termux/files/home/GTA/BR/.venv.broken.20260831-112339/lib/python3.14/site-packages/pip/_vendor/rich/layout.py
/data/data/com.termux/files/home/GTA/BR/.venv.broken.20260831-112339/lib/python3.14/site-packages/pip/_vendor/rich/live.py
/data/data/com.termux/files/home/GTA/BR/.venv.broken.20260831-112339/lib/python3.14/site-packages/pip/_vendor/rich/live_render.py
/data/data/com.termux/files/home/GTA/BR/.venv.broken.20260831-112339/lib/python3.14/site-packages/pip/_vendor/rich/logging.py
/data/data/com.termux/files/home/GTA/BR/.venv.broken.20260831-112339/lib/python3.14/site-packages/pip/_vendor/rich/markup.py
/data/data/com.termux/files/home/GTA/BR/.venv.broken.20260831-112339/lib/python3.14/site-packages/pip/_vendor/rich/measure.py
/data/data/com.termux/files/home/GTA/BR/.venv.broken.20260831-112339/lib/python3.14/site-packages/pip/_vendor/rich/padding.py
/data/data/com.termux/files/home/GTA/BR/.venv.broken.20260831-112339/lib/python3.14/site-packages/pip/_vendor/rich/pager.py
/data/data/com.termux/files/home/GTA/BR/.venv.broken.20260831-112339/lib/python3.14/site-packages/pip/_vendor/rich/palette.py
/data/data/com.termux/files/home/GTA/BR/.venv.broken.20260831-112339/lib/python3.14/site-packages/pip/_vendor/rich/panel.py
/data/data/com.termux/files/home/GTA/BR/.venv.broken.20260831-112339/lib/python3.14/site-packages/pip/_vendor/rich/pretty.py
/data/data/com.termux/files/home/GTA/BR/.venv.broken.20260831-112339/lib/python3.14/site-packages/pip/_vendor/rich/progress.py
/data/data/com.termux/files/home/GTA/BR/.venv.broken.20260831-112339/lib/python3.14/site-packages/pip/_vendor/rich/progress_bar.py
/data/data/com.termux/files/home/GTA/BR/.venv.broken.20260831-112339/lib/python3.14/site-packages/pip/_vendor/rich/prompt.py
/data/data/com.termux/files/home/GTA/BR/.venv.broken.20260831-112339/lib/python3.14/site-packages/pip/_vendor/rich/protocol.py
/data/data/com.termux/files/home/GTA/BR/.venv.broken.20260831-112339/lib/python3.14/site-packages/pip/_vendor/rich/py.typed
/data/data/com.termux/files/home/GTA/BR/.venv.broken.20260831-112339/lib/python3.14/site-packages/pip/_vendor/rich/region.py
/data/data/com.termux/files/home/GTA/BR/.venv.broken.20260831-112339/lib/python3.14/site-packages/pip/_vendor/rich/repr.py
/data/data/com.termux/files/home/GTA/BR/.venv.broken.20260831-112339/lib/python3.14/site-packages/pip/_vendor/rich/rule.py
/data/data/com.termux/files/home/GTA/BR/.venv.broken.20260831-112339/lib/python3.14/site-packages/pip/_vendor/rich/scope.py
/data/data/com.termux/files/home/GTA/BR/.venv.broken.20260831-112339/lib/python3.14/site-packages/pip/_vendor/rich/screen.py
/data/data/com.termux/files/home/GTA/BR/.venv.broken.20260831-112339/lib/python3.14/site-packages/pip/_vendor/rich/segment.py
/data/data/com.termux/files/home/GTA/BR/.venv.broken.20260831-112339/lib/python3.14/site-packages/pip/_vendor/rich/spinner.py
/data/data/com.termux/files/home/GTA/BR/.venv.broken.20260831-112339/lib/python3.14/site-packages/pip/_vendor/rich/status.py
/data/data/com.termux/files/home/GTA/BR/.venv.broken.20260831-112339/lib/python3.14/site-packages/pip/_vendor/rich/style.py
/data/data/com.termux/files/home/GTA/BR/.venv.broken.20260831-112339/lib/python3.14/site-packages/pip/_vendor/rich/styled.py
/data/data/com.termux/files/home/GTA/BR/.venv.broken.20260831-112339/lib/python3.14/site-packages/pip/_vendor/rich/syntax.py
/data/data/com.termux/files/home/GTA/BR/.venv.broken.20260831-112339/lib/python3.14/site-packages/pip/_vendor/rich/table.py
/data/data/com.termux/files/home/GTA/BR/.venv.broken.20260831-112339/lib/python3.14/site-packages/pip/_vendor/rich/terminal_theme.py
/data/data/com.termux/files/home/GTA/BR/.venv.broken.20260831-112339/lib/python3.14/site-packages/pip/_vendor/rich/text.py
/data/data/com.termux/files/home/GTA/BR/.venv.broken.20260831-112339/lib/python3.14/site-packages/pip/_vendor/rich/theme.py
/data/data/com.termux/files/home/GTA/BR/.venv.broken.20260831-112339/lib/python3.14/site-packages/pip/_vendor/rich/themes.py
/data/data/com.termux/files/home/GTA/BR/.venv.broken.20260831-112339/lib/python3.14/site-packages/pip/_vendor/rich/traceback.py
/data/data/com.termux/files/home/GTA/BR/.venv.broken.20260831-112339/lib/python3.14/site-packages/pip/_vendor/rich/tree.py
/data/data/com.termux/files/home/GTA/BR/.venv.broken.20260831-112339/lib/python3.14/site-packages/pip/_vendor/tomli/LICENSE
/data/data/com.termux/files/home/GTA/BR/.venv.broken.20260831-112339/lib/python3.14/site-packages/pip/_vendor/tomli/__init__.py
/data/data/com.termux/files/home/GTA/BR/.venv.broken.20260831-112339/lib/python3.14/site-packages/pip/_vendor/tomli/__pycache__/__init__.cpython-314.pyc
/data/data/com.termux/files/home/GTA/BR/.venv.broken.20260831-112339/lib/python3.14/site-packages/pip/_vendor/tomli/__pycache__/_parser.cpython-314.pyc
/data/data/com.termux/files/home/GTA/BR/.venv.broken.20260831-112339/lib/python3.14/site-packages/pip/_vendor/tomli/__pycache__/_re.cpython-314.pyc
/data/data/com.termux/files/home/GTA/BR/.venv.broken.20260831-112339/lib/python3.14/site-packages/pip/_vendor/tomli/__pycache__/_types.cpython-314.pyc
/data/data/com.termux/files/home/GTA/BR/.venv.broken.20260831-112339/lib/python3.14/site-packages/pip/_vendor/tomli/_parser.py
/data/data/com.termux/files/home/GTA/BR/.venv.broken.20260831-112339/lib/python3.14/site-packages/pip/_vendor/tomli/_re.py
/data/data/com.termux/files/home/GTA/BR/.venv.broken.20260831-112339/lib/python3.14/site-packages/pip/_vendor/tomli/_types.py
/data/data/com.termux/files/home/GTA/BR/.venv.broken.20260831-112339/lib/python3.14/site-packages/pip/_vendor/tomli/py.typed
/data/data/com.termux/files/home/GTA/BR/.venv.broken.20260831-112339/lib/python3.14/site-packages/pip/_vendor/tomli_w/LICENSE
/data/data/com.termux/files/home/GTA/BR/.venv.broken.20260831-112339/lib/python3.14/site-packages/pip/_vendor/tomli_w/__init__.py
/data/data/com.termux/files/home/GTA/BR/.venv.broken.20260831-112339/lib/python3.14/site-packages/pip/_vendor/tomli_w/__pycache__/__init__.cpython-314.pyc
/data/data/com.termux/files/home/GTA/BR/.venv.broken.20260831-112339/lib/python3.14/site-packages/pip/_vendor/tomli_w/__pycache__/_writer.cpython-314.pyc
/data/data/com.termux/files/home/GTA/BR/.venv.broken.20260831-112339/lib/python3.14/site-packages/pip/_vendor/tomli_w/_writer.py
/data/data/com.termux/files/home/GTA/BR/.venv.broken.20260831-112339/lib/python3.14/site-packages/pip/_vendor/tomli_w/py.typed
/data/data/com.termux/files/home/GTA/BR/.venv.broken.20260831-112339/lib/python3.14/site-packages/pip/_vendor/truststore/LICENSE
/data/data/com.termux/files/home/GTA/BR/.venv.broken.20260831-112339/lib/python3.14/site-packages/pip/_vendor/truststore/__init__.py
/data/data/com.termux/files/home/GTA/BR/.venv.broken.20260831-112339/lib/python3.14/site-packages/pip/_vendor/truststore/__pycache__/__init__.cpython-314.pyc
/data/data/com.termux/files/home/GTA/BR/.venv.broken.20260831-112339/lib/python3.14/site-packages/pip/_vendor/truststore/__pycache__/_api.cpython-314.pyc
/data/data/com.termux/files/home/GTA/BR/.venv.broken.20260831-112339/lib/python3.14/site-packages/pip/_vendor/truststore/__pycache__/_macos.cpython-314.pyc
/data/data/com.termux/files/home/GTA/BR/.venv.broken.20260831-112339/lib/python3.14/site-packages/pip/_vendor/truststore/__pycache__/_openssl.cpython-314.pyc
/data/data/com.termux/files/home/GTA/BR/.venv.broken.20260831-112339/lib/python3.14/site-packages/pip/_vendor/truststore/__pycache__/_ssl_constants.cpython-314.pyc
/data/data/com.termux/files/home/GTA/BR/.venv.broken.20260831-112339/lib/python3.14/site-packages/pip/_vendor/truststore/__pycache__/_windows.cpython-314.pyc
/data/data/com.termux/files/home/GTA/BR/.venv.broken.20260831-112339/lib/python3.14/site-packages/pip/_vendor/truststore/_api.py
/data/data/com.termux/files/home/GTA/BR/.venv.broken.20260831-112339/lib/python3.14/site-packages/pip/_vendor/truststore/_macos.py
/data/data/com.termux/files/home/GTA/BR/.venv.broken.20260831-112339/lib/python3.14/site-packages/pip/_vendor/truststore/_openssl.py
/data/data/com.termux/files/home/GTA/BR/.venv.broken.20260831-112339/lib/python3.14/site-packages/pip/_vendor/truststore/_ssl_constants.py
/data/data/com.termux/files/home/GTA/BR/.venv.broken.20260831-112339/lib/python3.14/site-packages/pip/_vendor/truststore/_windows.py
/data/data/com.termux/files/home/GTA/BR/.venv.broken.20260831-112339/lib/python3.14/site-packages/pip/_vendor/truststore/py.typed
/data/data/com.termux/files/home/GTA/BR/.venv.broken.20260831-112339/lib/python3.14/site-packages/pip/_vendor/urllib3/LICENSE.txt
/data/data/com.termux/files/home/GTA/BR/.venv.broken.20260831-112339/lib/python3.14/site-packages/pip/_vendor/urllib3/__init__.py
/data/data/com.termux/files/home/GTA/BR/.venv.broken.20260831-112339/lib/python3.14/site-packages/pip/_vendor/urllib3/__pycache__/__init__.cpython-314.pyc
/data/data/com.termux/files/home/GTA/BR/.venv.broken.20260831-112339/lib/python3.14/site-packages/pip/_vendor/urllib3/__pycache__/_base_connection.cpython-314.pyc
/data/data/com.termux/files/home/GTA/BR/.venv.broken.20260831-112339/lib/python3.14/site-packages/pip/_vendor/urllib3/__pycache__/_collections.cpython-314.pyc
/data/data/com.termux/files/home/GTA/BR/.venv.broken.20260831-112339/lib/python3.14/site-packages/pip/_vendor/urllib3/__pycache__/_request_methods.cpython-314.pyc
/data/data/com.termux/files/home/GTA/BR/.venv.broken.20260831-112339/lib/python3.14/site-packages/pip/_vendor/urllib3/__pycache__/_version.cpython-314.pyc
/data/data/com.termux/files/home/GTA/BR/.venv.broken.20260831-112339/lib/python3.14/site-packages/pip/_vendor/urllib3/__pycache__/connection.cpython-314.pyc
/data/data/com.termux/files/home/GTA/BR/.venv.broken.20260831-112339/lib/python3.14/site-packages/pip/_vendor/urllib3/__pycache__/connectionpool.cpython-314.pyc
/data/data/com.termux/files/home/GTA/BR/.venv.broken.20260831-112339/lib/python3.14/site-packages/pip/_vendor/urllib3/__pycache__/exceptions.cpython-314.pyc
/data/data/com.termux/files/home/GTA/BR/.venv.broken.20260831-112339/lib/python3.14/site-packages/pip/_vendor/urllib3/__pycache__/fields.cpython-314.pyc
/data/data/com.termux/files/home/GTA/BR/.venv.broken.20260831-112339/lib/python3.14/site-packages/pip/_vendor/urllib3/__pycache__/filepost.cpython-314.pyc
/data/data/com.termux/files/home/GTA/BR/.venv.broken.20260831-112339/lib/python3.14/site-packages/pip/_vendor/urllib3/__pycache__/poolmanager.cpython-314.pyc
/data/data/com.termux/files/home/GTA/BR/.venv.broken.20260831-112339/lib/python3.14/site-packages/pip/_vendor/urllib3/__pycache__/response.cpython-314.pyc
/data/data/com.termux/files/home/GTA/BR/.venv.broken.20260831-112339/lib/python3.14/site-packages/pip/_vendor/urllib3/_base_connection.py
/data/data/com.termux/files/home/GTA/BR/.venv.broken.20260831-112339/lib/python3.14/site-packages/pip/_vendor/urllib3/_collections.py
/data/data/com.termux/files/home/GTA/BR/.venv.broken.20260831-112339/lib/python3.14/site-packages/pip/_vendor/urllib3/_request_methods.py
/data/data/com.termux/files/home/GTA/BR/.venv.broken.20260831-112339/lib/python3.14/site-packages/pip/_vendor/urllib3/_version.py
/data/data/com.termux/files/home/GTA/BR/.venv.broken.20260831-112339/lib/python3.14/site-packages/pip/_vendor/urllib3/connection.py
/data/data/com.termux/files/home/GTA/BR/.venv.broken.20260831-112339/lib/python3.14/site-packages/pip/_vendor/urllib3/connectionpool.py
/data/data/com.termux/files/home/GTA/BR/.venv.broken.20260831-112339/lib/python3.14/site-packages/pip/_vendor/urllib3/contrib/__init__.py
/data/data/com.termux/files/home/GTA/BR/.venv.broken.20260831-112339/lib/python3.14/site-packages/pip/_vendor/urllib3/contrib/__pycache__/__init__.cpython-314.pyc
/data/data/com.termux/files/home/GTA/BR/.venv.broken.20260831-112339/lib/python3.14/site-packages/pip/_vendor/urllib3/contrib/__pycache__/pyopenssl.cpython-314.pyc
/data/data/com.termux/files/home/GTA/BR/.venv.broken.20260831-112339/lib/python3.14/site-packages/pip/_vendor/urllib3/contrib/__pycache__/socks.cpython-314.pyc
/data/data/com.termux/files/home/GTA/BR/.venv.broken.20260831-112339/lib/python3.14/site-packages/pip/_vendor/urllib3/contrib/emscripten/__init__.py
/data/data/com.termux/files/home/GTA/BR/.venv.broken.20260831-112339/lib/python3.14/site-packages/pip/_vendor/urllib3/contrib/emscripten/__pycache__/__init__.cpython-314.pyc
/data/data/com.termux/files/home/GTA/BR/.venv.broken.20260831-112339/lib/python3.14/site-packages/pip/_vendor/urllib3/contrib/emscripten/__pycache__/connection.cpython-314.pyc
/data/data/com.termux/files/home/GTA/BR/.venv.broken.20260831-112339/lib/python3.14/site-packages/pip/_vendor/urllib3/contrib/emscripten/__pycache__/fetch.cpython-314.pyc
/data/data/com.termux/files/home/GTA/BR/.venv.broken.20260831-112339/lib/python3.14/site-packages/pip/_vendor/urllib3/contrib/emscripten/__pycache__/request.cpython-314.pyc
/data/data/com.termux/files/home/GTA/BR/.venv.broken.20260831-112339/lib/python3.14/site-packages/pip/_vendor/urllib3/contrib/emscripten/__pycache__/response.cpython-314.pyc
/data/data/com.termux/files/home/GTA/BR/.venv.broken.20260831-112339/lib/python3.14/site-packages/pip/_vendor/urllib3/contrib/emscripten/connection.py
/data/data/com.termux/files/home/GTA/BR/.venv.broken.20260831-112339/lib/python3.14/site-packages/pip/_vendor/urllib3/contrib/emscripten/emscripten_fetch_worker.js
/data/data/com.termux/files/home/GTA/BR/.venv.broken.20260831-112339/lib/python3.14/site-packages/pip/_vendor/urllib3/contrib/emscripten/fetch.py
/data/data/com.termux/files/home/GTA/BR/.venv.broken.20260831-112339/lib/python3.14/site-packages/pip/_vendor/urllib3/contrib/emscripten/request.py
/data/data/com.termux/files/home/GTA/BR/.venv.broken.20260831-112339/lib/python3.14/site-packages/pip/_vendor/urllib3/contrib/emscripten/response.py
/data/data/com.termux/files/home/GTA/BR/.venv.broken.20260831-112339/lib/python3.14/site-packages/pip/_vendor/urllib3/contrib/pyopenssl.py
/data/data/com.termux/files/home/GTA/BR/.venv.broken.20260831-112339/lib/python3.14/site-packages/pip/_vendor/urllib3/contrib/socks.py
/data/data/com.termux/files/home/GTA/BR/.venv.broken.20260831-112339/lib/python3.14/site-packages/pip/_vendor/urllib3/exceptions.py
/data/data/com.termux/files/home/GTA/BR/.venv.broken.20260831-112339/lib/python3.14/site-packages/pip/_vendor/urllib3/fields.py
/data/data/com.termux/files/home/GTA/BR/.venv.broken.20260831-112339/lib/python3.14/site-packages/pip/_vendor/urllib3/filepost.py
/data/data/com.termux/files/home/GTA/BR/.venv.broken.20260831-112339/lib/python3.14/site-packages/pip/_vendor/urllib3/http2/__init__.py
/data/data/com.termux/files/home/GTA/BR/.venv.broken.20260831-112339/lib/python3.14/site-packages/pip/_vendor/urllib3/http2/__pycache__/__init__.cpython-314.pyc
/data/data/com.termux/files/home/GTA/BR/.venv.broken.20260831-112339/lib/python3.14/site-packages/pip/_vendor/urllib3/http2/__pycache__/connection.cpython-314.pyc
/data/data/com.termux/files/home/GTA/BR/.venv.broken.20260831-112339/lib/python3.14/site-packages/pip/_vendor/urllib3/http2/__pycache__/probe.cpython-314.pyc
/data/data/com.termux/files/home/GTA/BR/.venv.broken.20260831-112339/lib/python3.14/site-packages/pip/_vendor/urllib3/http2/connection.py
/data/data/com.termux/files/home/GTA/BR/.venv.broken.20260831-112339/lib/python3.14/site-packages/pip/_vendor/urllib3/http2/probe.py
/data/data/com.termux/files/home/GTA/BR/.venv.broken.20260831-112339/lib/python3.14/site-packages/pip/_vendor/urllib3/poolmanager.py
/data/data/com.termux/files/home/GTA/BR/.venv.broken.20260831-112339/lib/python3.14/site-packages/pip/_vendor/urllib3/py.typed
/data/data/com.termux/files/home/GTA/BR/.venv.broken.20260831-112339/lib/python3.14/site-packages/pip/_vendor/urllib3/response.py
/data/data/com.termux/files/home/GTA/BR/.venv.broken.20260831-112339/lib/python3.14/site-packages/pip/_vendor/urllib3/util/__init__.py
/data/data/com.termux/files/home/GTA/BR/.venv.broken.20260831-112339/lib/python3.14/site-packages/pip/_vendor/urllib3/util/__pycache__/__init__.cpython-314.pyc
/data/data/com.termux/files/home/GTA/BR/.venv.broken.20260831-112339/lib/python3.14/site-packages/pip/_vendor/urllib3/util/__pycache__/connection.cpython-314.pyc
/data/data/com.termux/files/home/GTA/BR/.venv.broken.20260831-112339/lib/python3.14/site-packages/pip/_vendor/urllib3/util/__pycache__/proxy.cpython-314.pyc
/data/data/com.termux/files/home/GTA/BR/.venv.broken.20260831-112339/lib/python3.14/site-packages/pip/_vendor/urllib3/util/__pycache__/request.cpython-314.pyc
/data/data/com.termux/files/home/GTA/BR/.venv.broken.20260831-112339/lib/python3.14/site-packages/pip/_vendor/urllib3/util/__pycache__/response.cpython-314.pyc
/data/data/com.termux/files/home/GTA/BR/.venv.broken.20260831-112339/lib/python3.14/site-packages/pip/_vendor/urllib3/util/__pycache__/retry.cpython-314.pyc
/data/data/com.termux/files/home/GTA/BR/.venv.broken.20260831-112339/lib/python3.14/site-packages/pip/_vendor/urllib3/util/__pycache__/ssl_.cpython-314.pyc
/data/data/com.termux/files/home/GTA/BR/.venv.broken.20260831-112339/lib/python3.14/site-packages/pip/_vendor/urllib3/util/__pycache__/ssl_match_hostname.cpython-314.pyc
/data/data/com.termux/files/home/GTA/BR/.venv.broken.20260831-112339/lib/python3.14/site-packages/pip/_vendor/urllib3/util/__pycache__/ssltransport.cpython-314.pyc
/data/data/com.termux/files/home/GTA/BR/.venv.broken.20260831-112339/lib/python3.14/site-packages/pip/_vendor/urllib3/util/__pycache__/timeout.cpython-314.pyc
/data/data/com.termux/files/home/GTA/BR/.venv.broken.20260831-112339/lib/python3.14/site-packages/pip/_vendor/urllib3/util/__pycache__/url.cpython-314.pyc
/data/data/com.termux/files/home/GTA/BR/.venv.broken.20260831-112339/lib/python3.14/site-packages/pip/_vendor/urllib3/util/__pycache__/util.cpython-314.pyc
/data/data/com.termux/files/home/GTA/BR/.venv.broken.20260831-112339/lib/python3.14/site-packages/pip/_vendor/urllib3/util/__pycache__/wait.cpython-314.pyc
/data/data/com.termux/files/home/GTA/BR/.venv.broken.20260831-112339/lib/python3.14/site-packages/pip/_vendor/urllib3/util/connection.py
/data/data/com.termux/files/home/GTA/BR/.venv.broken.20260831-112339/lib/python3.14/site-packages/pip/_vendor/urllib3/util/proxy.py
/data/data/com.termux/files/home/GTA/BR/.venv.broken.20260831-112339/lib/python3.14/site-packages/pip/_vendor/urllib3/util/request.py
/data/data/com.termux/files/home/GTA/BR/.venv.broken.20260831-112339/lib/python3.14/site-packages/pip/_vendor/urllib3/util/response.py
/data/data/com.termux/files/home/GTA/BR/.venv.broken.20260831-112339/lib/python3.14/site-packages/pip/_vendor/urllib3/util/retry.py
/data/data/com.termux/files/home/GTA/BR/.venv.broken.20260831-112339/lib/python3.14/site-packages/pip/_vendor/urllib3/util/ssl_.py
/data/data/com.termux/files/home/GTA/BR/.venv.broken.20260831-112339/lib/python3.14/site-packages/pip/_vendor/urllib3/util/ssl_match_hostname.py
/data/data/com.termux/files/home/GTA/BR/.venv.broken.20260831-112339/lib/python3.14/site-packages/pip/_vendor/urllib3/util/ssltransport.py
/data/data/com.termux/files/home/GTA/BR/.venv.broken.20260831-112339/lib/python3.14/site-packages/pip/_vendor/urllib3/util/timeout.py
/data/data/com.termux/files/home/GTA/BR/.venv.broken.20260831-112339/lib/python3.14/site-packages/pip/_vendor/urllib3/util/url.py
/data/data/com.termux/files/home/GTA/BR/.venv.broken.20260831-112339/lib/python3.14/site-packages/pip/_vendor/urllib3/util/util.py
/data/data/com.termux/files/home/GTA/BR/.venv.broken.20260831-112339/lib/python3.14/site-packages/pip/_vendor/urllib3/util/wait.py
/data/data/com.termux/files/home/GTA/BR/.venv.broken.20260831-112339/lib/python3.14/site-packages/pip/_vendor/vendor.txt
/data/data/com.termux/files/home/GTA/BR/.venv.broken.20260831-112339/lib/python3.14/site-packages/pip/py.typed
/data/data/com.termux/files/home/GTA/BR/.venv.broken.20260831-112339/lib/python3.14/site-packages/proto/__init__.py
/data/data/com.termux/files/home/GTA/BR/.venv.broken.20260831-112339/lib/python3.14/site-packages/proto/__pycache__/__init__.cpython-314.pyc
/data/data/com.termux/files/home/GTA/BR/.venv.broken.20260831-112339/lib/python3.14/site-packages/proto/__pycache__/_file_info.cpython-314.pyc
/data/data/com.termux/files/home/GTA/BR/.venv.broken.20260831-112339/lib/python3.14/site-packages/proto/__pycache__/_package_info.cpython-314.pyc
/data/data/com.termux/files/home/GTA/BR/.venv.broken.20260831-112339/lib/python3.14/site-packages/proto/__pycache__/datetime_helpers.cpython-314.pyc
/data/data/com.termux/files/home/GTA/BR/.venv.broken.20260831-112339/lib/python3.14/site-packages/proto/__pycache__/enums.cpython-314.pyc
/data/data/com.termux/files/home/GTA/BR/.venv.broken.20260831-112339/lib/python3.14/site-packages/proto/__pycache__/fields.cpython-314.pyc
/data/data/com.termux/files/home/GTA/BR/.venv.broken.20260831-112339/lib/python3.14/site-packages/proto/__pycache__/message.cpython-314.pyc
/data/data/com.termux/files/home/GTA/BR/.venv.broken.20260831-112339/lib/python3.14/site-packages/proto/__pycache__/modules.cpython-314.pyc
/data/data/com.termux/files/home/GTA/BR/.venv.broken.20260831-112339/lib/python3.14/site-packages/proto/__pycache__/primitives.cpython-314.pyc
/data/data/com.termux/files/home/GTA/BR/.venv.broken.20260831-112339/lib/python3.14/site-packages/proto/__pycache__/utils.cpython-314.pyc
/data/data/com.termux/files/home/GTA/BR/.venv.broken.20260831-112339/lib/python3.14/site-packages/proto/__pycache__/version.cpython-314.pyc
/data/data/com.termux/files/home/GTA/BR/.venv.broken.20260831-112339/lib/python3.14/site-packages/proto/_file_info.py
/data/data/com.termux/files/home/GTA/BR/.venv.broken.20260831-112339/lib/python3.14/site-packages/proto/_package_info.py
/data/data/com.termux/files/home/GTA/BR/.venv.broken.20260831-112339/lib/python3.14/site-packages/proto/datetime_helpers.py
/data/data/com.termux/files/home/GTA/BR/.venv.broken.20260831-112339/lib/python3.14/site-packages/proto/enums.py
/data/data/com.termux/files/home/GTA/BR/.venv.broken.20260831-112339/lib/python3.14/site-packages/proto/fields.py
/data/data/com.termux/files/home/GTA/BR/.venv.broken.20260831-112339/lib/python3.14/site-packages/proto/marshal/__init__.py
/data/data/com.termux/files/home/GTA/BR/.venv.broken.20260831-112339/lib/python3.14/site-packages/proto/marshal/__pycache__/__init__.cpython-314.pyc
/data/data/com.termux/files/home/GTA/BR/.venv.broken.20260831-112339/lib/python3.14/site-packages/proto/marshal/__pycache__/compat.cpython-314.pyc
/data/data/com.termux/files/home/GTA/BR/.venv.broken.20260831-112339/lib/python3.14/site-packages/proto/marshal/__pycache__/marshal.cpython-314.pyc
/data/data/com.termux/files/home/GTA/BR/.venv.broken.20260831-112339/lib/python3.14/site-packages/proto/marshal/collections/__init__.py
/data/data/com.termux/files/home/GTA/BR/.venv.broken.20260831-112339/lib/python3.14/site-packages/proto/marshal/collections/__pycache__/__init__.cpython-314.pyc
/data/data/com.termux/files/home/GTA/BR/.venv.broken.20260831-112339/lib/python3.14/site-packages/proto/marshal/collections/__pycache__/maps.cpython-314.pyc
/data/data/com.termux/files/home/GTA/BR/.venv.broken.20260831-112339/lib/python3.14/site-packages/proto/marshal/collections/__pycache__/repeated.cpython-314.pyc
/data/data/com.termux/files/home/GTA/BR/.venv.broken.20260831-112339/lib/python3.14/site-packages/proto/marshal/collections/maps.py
/data/data/com.termux/files/home/GTA/BR/.venv.broken.20260831-112339/lib/python3.14/site-packages/proto/marshal/collections/repeated.py
/data/data/com.termux/files/home/GTA/BR/.venv.broken.20260831-112339/lib/python3.14/site-packages/proto/marshal/compat.py
/data/data/com.termux/files/home/GTA/BR/.venv.broken.20260831-112339/lib/python3.14/site-packages/proto/marshal/marshal.py
/data/data/com.termux/files/home/GTA/BR/.venv.broken.20260831-112339/lib/python3.14/site-packages/proto/marshal/rules/__init__.py
/data/data/com.termux/files/home/GTA/BR/.venv.broken.20260831-112339/lib/python3.14/site-packages/proto/marshal/rules/__pycache__/__init__.cpython-314.pyc
/data/data/com.termux/files/home/GTA/BR/.venv.broken.20260831-112339/lib/python3.14/site-packages/proto/marshal/rules/__pycache__/bytes.cpython-314.pyc
/data/data/com.termux/files/home/GTA/BR/.venv.broken.20260831-112339/lib/python3.14/site-packages/proto/marshal/rules/__pycache__/dates.cpython-314.pyc
/data/data/com.termux/files/home/GTA/BR/.venv.broken.20260831-112339/lib/python3.14/site-packages/proto/marshal/rules/__pycache__/enums.cpython-314.pyc
/data/data/com.termux/files/home/GTA/BR/.venv.broken.20260831-112339/lib/python3.14/site-packages/proto/marshal/rules/__pycache__/field_mask.cpython-314.pyc
/data/data/com.termux/files/home/GTA/BR/.venv.broken.20260831-112339/lib/python3.14/site-packages/proto/marshal/rules/__pycache__/message.cpython-314.pyc
/data/data/com.termux/files/home/GTA/BR/.venv.broken.20260831-112339/lib/python3.14/site-packages/proto/marshal/rules/__pycache__/stringy_numbers.cpython-314.pyc
/data/data/com.termux/files/home/GTA/BR/.venv.broken.20260831-112339/lib/python3.14/site-packages/proto/marshal/rules/__pycache__/struct.cpython-314.pyc
/data/data/com.termux/files/home/GTA/BR/.venv.broken.20260831-112339/lib/python3.14/site-packages/proto/marshal/rules/__pycache__/wrappers.cpython-314.pyc
/data/data/com.termux/files/home/GTA/BR/.venv.broken.20260831-112339/lib/python3.14/site-packages/proto/marshal/rules/bytes.py
/data/data/com.termux/files/home/GTA/BR/.venv.broken.20260831-112339/lib/python3.14/site-packages/proto/marshal/rules/dates.py
/data/data/com.termux/files/home/GTA/BR/.venv.broken.20260831-112339/lib/python3.14/site-packages/proto/marshal/rules/enums.py
/data/data/com.termux/files/home/GTA/BR/.venv.broken.20260831-112339/lib/python3.14/site-packages/proto/marshal/rules/field_mask.py
/data/data/com.termux/files/home/GTA/BR/.venv.broken.20260831-112339/lib/python3.14/site-packages/proto/marshal/rules/message.py
/data/data/com.termux/files/home/GTA/BR/.venv.broken.20260831-112339/lib/python3.14/site-packages/proto/marshal/rules/stringy_numbers.py
/data/data/com.termux/files/home/GTA/BR/.venv.broken.20260831-112339/lib/python3.14/site-packages/proto/marshal/rules/struct.py
/data/data/com.termux/files/home/GTA/BR/.venv.broken.20260831-112339/lib/python3.14/site-packages/proto/marshal/rules/wrappers.py
/data/data/com.termux/files/home/GTA/BR/.venv.broken.20260831-112339/lib/python3.14/site-packages/proto/message.py
/data/data/com.termux/files/home/GTA/BR/.venv.broken.20260831-112339/lib/python3.14/site-packages/proto/modules.py
/data/data/com.termux/files/home/GTA/BR/.venv.broken.20260831-112339/lib/python3.14/site-packages/proto/primitives.py
/data/data/com.termux/files/home/GTA/BR/.venv.broken.20260831-112339/lib/python3.14/site-packages/proto/utils.py
/data/data/com.termux/files/home/GTA/BR/.venv.broken.20260831-112339/lib/python3.14/site-packages/proto/version.py
/data/data/com.termux/files/home/GTA/BR/.venv.broken.20260831-112339/lib/python3.14/site-packages/proto_plus-1.28.4.dist-info/INSTALLER
/data/data/com.termux/files/home/GTA/BR/.venv.broken.20260831-112339/lib/python3.14/site-packages/proto_plus-1.28.4.dist-info/METADATA
/data/data/com.termux/files/home/GTA/BR/.venv.broken.20260831-112339/lib/python3.14/site-packages/proto_plus-1.28.4.dist-info/RECORD
/data/data/com.termux/files/home/GTA/BR/.venv.broken.20260831-112339/lib/python3.14/site-packages/proto_plus-1.28.4.dist-info/WHEEL
/data/data/com.termux/files/home/GTA/BR/.venv.broken.20260831-112339/lib/python3.14/site-packages/proto_plus-1.28.4.dist-info/licenses/LICENSE
/data/data/com.termux/files/home/GTA/BR/.venv.broken.20260831-112339/lib/python3.14/site-packages/proto_plus-1.28.4.dist-info/top_level.txt
/data/data/com.termux/files/home/GTA/BR/.venv.broken.20260831-112339/lib/python3.14/site-packages/protobuf-7.36.0.dist-info/INSTALLER
/data/data/com.termux/files/home/GTA/BR/.venv.broken.20260831-112339/lib/python3.14/site-packages/protobuf-7.36.0.dist-info/LICENSE
/data/data/com.termux/files/home/GTA/BR/.venv.broken.20260831-112339/lib/python3.14/site-packages/protobuf-7.36.0.dist-info/METADATA
/data/data/com.termux/files/home/GTA/BR/.venv.broken.20260831-112339/lib/python3.14/site-packages/protobuf-7.36.0.dist-info/RECORD
/data/data/com.termux/files/home/GTA/BR/.venv.broken.20260831-112339/lib/python3.14/site-packages/protobuf-7.36.0.dist-info/WHEEL
/data/data/com.termux/files/home/GTA/BR/.venv.broken.20260831-112339/lib/python3.14/site-packages/pyasn1-0.6.4.dist-info/INSTALLER
/data/data/com.termux/files/home/GTA/BR/.venv.broken.20260831-112339/lib/python3.14/site-packages/pyasn1-0.6.4.dist-info/METADATA
/data/data/com.termux/files/home/GTA/BR/.venv.broken.20260831-112339/lib/python3.14/site-packages/pyasn1-0.6.4.dist-info/RECORD
/data/data/com.termux/files/home/GTA/BR/.venv.broken.20260831-112339/lib/python3.14/site-packages/pyasn1-0.6.4.dist-info/WHEEL
/data/data/com.termux/files/home/GTA/BR/.venv.broken.20260831-112339/lib/python3.14/site-packages/pyasn1-0.6.4.dist-info/licenses/LICENSE.rst
/data/data/com.termux/files/home/GTA/BR/.venv.broken.20260831-112339/lib/python3.14/site-packages/pyasn1-0.6.4.dist-info/top_level.txt
/data/data/com.termux/files/home/GTA/BR/.venv.broken.20260831-112339/lib/python3.14/site-packages/pyasn1-0.6.4.dist-info/zip-safe
/data/data/com.termux/files/home/GTA/BR/.venv.broken.20260831-112339/lib/python3.14/site-packages/pyasn1/__init__.py
/data/data/com.termux/files/home/GTA/BR/.venv.broken.20260831-112339/lib/python3.14/site-packages/pyasn1/__pycache__/__init__.cpython-314.pyc
/data/data/com.termux/files/home/GTA/BR/.venv.broken.20260831-112339/lib/python3.14/site-packages/pyasn1/__pycache__/debug.cpython-314.pyc
/data/data/com.termux/files/home/GTA/BR/.venv.broken.20260831-112339/lib/python3.14/site-packages/pyasn1/__pycache__/error.cpython-314.pyc
/data/data/com.termux/files/home/GTA/BR/.venv.broken.20260831-112339/lib/python3.14/site-packages/pyasn1/codec/__init__.py
/data/data/com.termux/files/home/GTA/BR/.venv.broken.20260831-112339/lib/python3.14/site-packages/pyasn1/codec/__pycache__/__init__.cpython-314.pyc
/data/data/com.termux/files/home/GTA/BR/.venv.broken.20260831-112339/lib/python3.14/site-packages/pyasn1/codec/__pycache__/streaming.cpython-314.pyc
/data/data/com.termux/files/home/GTA/BR/.venv.broken.20260831-112339/lib/python3.14/site-packages/pyasn1/codec/ber/__init__.py
/data/data/com.termux/files/home/GTA/BR/.venv.broken.20260831-112339/lib/python3.14/site-packages/pyasn1/codec/ber/__pycache__/__init__.cpython-314.pyc
/data/data/com.termux/files/home/GTA/BR/.venv.broken.20260831-112339/lib/python3.14/site-packages/pyasn1/codec/ber/__pycache__/decoder.cpython-314.pyc
/data/data/com.termux/files/home/GTA/BR/.venv.broken.20260831-112339/lib/python3.14/site-packages/pyasn1/codec/ber/__pycache__/encoder.cpython-314.pyc
/data/data/com.termux/files/home/GTA/BR/.venv.broken.20260831-112339/lib/python3.14/site-packages/pyasn1/codec/ber/__pycache__/eoo.cpython-314.pyc
/data/data/com.termux/files/home/GTA/BR/.venv.broken.20260831-112339/lib/python3.14/site-packages/pyasn1/codec/ber/decoder.py
/data/data/com.termux/files/home/GTA/BR/.venv.broken.20260831-112339/lib/python3.14/site-packages/pyasn1/codec/ber/encoder.py
/data/data/com.termux/files/home/GTA/BR/.venv.broken.20260831-112339/lib/python3.14/site-packages/pyasn1/codec/ber/eoo.py
/data/data/com.termux/files/home/GTA/BR/.venv.broken.20260831-112339/lib/python3.14/site-packages/pyasn1/codec/cer/__init__.py
/data/data/com.termux/files/home/GTA/BR/.venv.broken.20260831-112339/lib/python3.14/site-packages/pyasn1/codec/cer/__pycache__/__init__.cpython-314.pyc
/data/data/com.termux/files/home/GTA/BR/.venv.broken.20260831-112339/lib/python3.14/site-packages/pyasn1/codec/cer/__pycache__/decoder.cpython-314.pyc
/data/data/com.termux/files/home/GTA/BR/.venv.broken.20260831-112339/lib/python3.14/site-packages/pyasn1/codec/cer/__pycache__/encoder.cpython-314.pyc
/data/data/com.termux/files/home/GTA/BR/.venv.broken.20260831-112339/lib/python3.14/site-packages/pyasn1/codec/cer/decoder.py
/data/data/com.termux/files/home/GTA/BR/.venv.broken.20260831-112339/lib/python3.14/site-packages/pyasn1/codec/cer/encoder.py
/data/data/com.termux/files/home/GTA/BR/.venv.broken.20260831-112339/lib/python3.14/site-packages/pyasn1/codec/der/__init__.py
/data/data/com.termux/files/home/GTA/BR/.venv.broken.20260831-112339/lib/python3.14/site-packages/pyasn1/codec/der/__pycache__/__init__.cpython-314.pyc
/data/data/com.termux/files/home/GTA/BR/.venv.broken.20260831-112339/lib/python3.14/site-packages/pyasn1/codec/der/__pycache__/decoder.cpython-314.pyc
/data/data/com.termux/files/home/GTA/BR/.venv.broken.20260831-112339/lib/python3.14/site-packages/pyasn1/codec/der/__pycache__/encoder.cpython-314.pyc
/data/data/com.termux/files/home/GTA/BR/.venv.broken.20260831-112339/lib/python3.14/site-packages/pyasn1/codec/der/decoder.py
/data/data/com.termux/files/home/GTA/BR/.venv.broken.20260831-112339/lib/python3.14/site-packages/pyasn1/codec/der/encoder.py
/data/data/com.termux/files/home/GTA/BR/.venv.broken.20260831-112339/lib/python3.14/site-packages/pyasn1/codec/native/__init__.py
/data/data/com.termux/files/home/GTA/BR/.venv.broken.20260831-112339/lib/python3.14/site-packages/pyasn1/codec/native/__pycache__/__init__.cpython-314.pyc
/data/data/com.termux/files/home/GTA/BR/.venv.broken.20260831-112339/lib/python3.14/site-packages/pyasn1/codec/native/__pycache__/decoder.cpython-314.pyc
/data/data/com.termux/files/home/GTA/BR/.venv.broken.20260831-112339/lib/python3.14/site-packages/pyasn1/codec/native/__pycache__/encoder.cpython-314.pyc
/data/data/com.termux/files/home/GTA/BR/.venv.broken.20260831-112339/lib/python3.14/site-packages/pyasn1/codec/native/decoder.py
/data/data/com.termux/files/home/GTA/BR/.venv.broken.20260831-112339/lib/python3.14/site-packages/pyasn1/codec/native/encoder.py
/data/data/com.termux/files/home/GTA/BR/.venv.broken.20260831-112339/lib/python3.14/site-packages/pyasn1/codec/streaming.py
/data/data/com.termux/files/home/GTA/BR/.venv.broken.20260831-112339/lib/python3.14/site-packages/pyasn1/compat/__init__.py
/data/data/com.termux/files/home/GTA/BR/.venv.broken.20260831-112339/lib/python3.14/site-packages/pyasn1/compat/__pycache__/__init__.cpython-314.pyc
/data/data/com.termux/files/home/GTA/BR/.venv.broken.20260831-112339/lib/python3.14/site-packages/pyasn1/compat/__pycache__/integer.cpython-314.pyc
/data/data/com.termux/files/home/GTA/BR/.venv.broken.20260831-112339/lib/python3.14/site-packages/pyasn1/compat/integer.py
/data/data/com.termux/files/home/GTA/BR/.venv.broken.20260831-112339/lib/python3.14/site-packages/pyasn1/debug.py
/data/data/com.termux/files/home/GTA/BR/.venv.broken.20260831-112339/lib/python3.14/site-packages/pyasn1/error.py
/data/data/com.termux/files/home/GTA/BR/.venv.broken.20260831-112339/lib/python3.14/site-packages/pyasn1/type/__init__.py
/data/data/com.termux/files/home/GTA/BR/.venv.broken.20260831-112339/lib/python3.14/site-packages/pyasn1/type/__pycache__/__init__.cpython-314.pyc
/data/data/com.termux/files/home/GTA/BR/.venv.broken.20260831-112339/lib/python3.14/site-packages/pyasn1/type/__pycache__/base.cpython-314.pyc
/data/data/com.termux/files/home/GTA/BR/.venv.broken.20260831-112339/lib/python3.14/site-packages/pyasn1/type/__pycache__/char.cpython-314.pyc
/data/data/com.termux/files/home/GTA/BR/.venv.broken.20260831-112339/lib/python3.14/site-packages/pyasn1/type/__pycache__/constraint.cpython-314.pyc
/data/data/com.termux/files/home/GTA/BR/.venv.broken.20260831-112339/lib/python3.14/site-packages/pyasn1/type/__pycache__/error.cpython-314.pyc
/data/data/com.termux/files/home/GTA/BR/.venv.broken.20260831-112339/lib/python3.14/site-packages/pyasn1/type/__pycache__/namedtype.cpython-314.pyc
/data/data/com.termux/files/home/GTA/BR/.venv.broken.20260831-112339/lib/python3.14/site-packages/pyasn1/type/__pycache__/namedval.cpython-314.pyc
/data/data/com.termux/files/home/GTA/BR/.venv.broken.20260831-112339/lib/python3.14/site-packages/pyasn1/type/__pycache__/opentype.cpython-314.pyc
/data/data/com.termux/files/home/GTA/BR/.venv.broken.20260831-112339/lib/python3.14/site-packages/pyasn1/type/__pycache__/tag.cpython-314.pyc
/data/data/com.termux/files/home/GTA/BR/.venv.broken.20260831-112339/lib/python3.14/site-packages/pyasn1/type/__pycache__/tagmap.cpython-314.pyc
/data/data/com.termux/files/home/GTA/BR/.venv.broken.20260831-112339/lib/python3.14/site-packages/pyasn1/type/__pycache__/univ.cpython-314.pyc
/data/data/com.termux/files/home/GTA/BR/.venv.broken.20260831-112339/lib/python3.14/site-packages/pyasn1/type/__pycache__/useful.cpython-314.pyc
/data/data/com.termux/files/home/GTA/BR/.venv.broken.20260831-112339/lib/python3.14/site-packages/pyasn1/type/base.py
/data/data/com.termux/files/home/GTA/BR/.venv.broken.20260831-112339/lib/python3.14/site-packages/pyasn1/type/char.py
/data/data/com.termux/files/home/GTA/BR/.venv.broken.20260831-112339/lib/python3.14/site-packages/pyasn1/type/constraint.py
/data/data/com.termux/files/home/GTA/BR/.venv.broken.20260831-112339/lib/python3.14/site-packages/pyasn1/type/error.py
/data/data/com.termux/files/home/GTA/BR/.venv.broken.20260831-112339/lib/python3.14/site-packages/pyasn1/type/namedtype.py
/data/data/com.termux/files/home/GTA/BR/.venv.broken.20260831-112339/lib/python3.14/site-packages/pyasn1/type/namedval.py
/data/data/com.termux/files/home/GTA/BR/.venv.broken.20260831-112339/lib/python3.14/site-packages/pyasn1/type/opentype.py
/data/data/com.termux/files/home/GTA/BR/.venv.broken.20260831-112339/lib/python3.14/site-packages/pyasn1/type/tag.py
/data/data/com.termux/files/home/GTA/BR/.venv.broken.20260831-112339/lib/python3.14/site-packages/pyasn1/type/tagmap.py
/data/data/com.termux/files/home/GTA/BR/.venv.broken.20260831-112339/lib/python3.14/site-packages/pyasn1/type/univ.py
/data/data/com.termux/files/home/GTA/BR/.venv.broken.20260831-112339/lib/python3.14/site-packages/pyasn1/type/useful.py
/data/data/com.termux/files/home/GTA/BR/.venv.broken.20260831-112339/lib/python3.14/site-packages/pyasn1_modules-0.4.2.dist-info/INSTALLER
/data/data/com.termux/files/home/GTA/BR/.venv.broken.20260831-112339/lib/python3.14/site-packages/pyasn1_modules-0.4.2.dist-info/METADATA
/data/data/com.termux/files/home/GTA/BR/.venv.broken.20260831-112339/lib/python3.14/site-packages/pyasn1_modules-0.4.2.dist-info/RECORD
/data/data/com.termux/files/home/GTA/BR/.venv.broken.20260831-112339/lib/python3.14/site-packages/pyasn1_modules-0.4.2.dist-info/WHEEL
/data/data/com.termux/files/home/GTA/BR/.venv.broken.20260831-112339/lib/python3.14/site-packages/pyasn1_modules-0.4.2.dist-info/licenses/LICENSE.txt
/data/data/com.termux/files/home/GTA/BR/.venv.broken.20260831-112339/lib/python3.14/site-packages/pyasn1_modules-0.4.2.dist-info/top_level.txt
/data/data/com.termux/files/home/GTA/BR/.venv.broken.20260831-112339/lib/python3.14/site-packages/pyasn1_modules-0.4.2.dist-info/zip-safe
/data/data/com.termux/files/home/GTA/BR/.venv.broken.20260831-112339/lib/python3.14/site-packages/pyasn1_modules/__init__.py
/data/data/com.termux/files/home/GTA/BR/.venv.broken.20260831-112339/lib/python3.14/site-packages/pyasn1_modules/__pycache__/__init__.cpython-314.pyc
/data/data/com.termux/files/home/GTA/BR/.venv.broken.20260831-112339/lib/python3.14/site-packages/pyasn1_modules/__pycache__/pem.cpython-314.pyc
/data/data/com.termux/files/home/GTA/BR/.venv.broken.20260831-112339/lib/python3.14/site-packages/pyasn1_modules/__pycache__/rfc1155.cpython-314.pyc
/data/data/com.termux/files/home/GTA/BR/.venv.broken.20260831-112339/lib/python3.14/site-packages/pyasn1_modules/__pycache__/rfc1157.cpython-314.pyc
/data/data/com.termux/files/home/GTA/BR/.venv.broken.20260831-112339/lib/python3.14/site-packages/pyasn1_modules/__pycache__/rfc1901.cpython-314.pyc
/data/data/com.termux/files/home/GTA/BR/.venv.broken.20260831-112339/lib/python3.14/site-packages/pyasn1_modules/__pycache__/rfc1902.cpython-314.pyc
/data/data/com.termux/files/home/GTA/BR/.venv.broken.20260831-112339/lib/python3.14/site-packages/pyasn1_modules/__pycache__/rfc1905.cpython-314.pyc
/data/data/com.termux/files/home/GTA/BR/.venv.broken.20260831-112339/lib/python3.14/site-packages/pyasn1_modules/__pycache__/rfc2251.cpython-314.pyc
/data/data/com.termux/files/home/GTA/BR/.venv.broken.20260831-112339/lib/python3.14/site-packages/pyasn1_modules/__pycache__/rfc2314.cpython-314.pyc
/data/data/com.termux/files/home/GTA/BR/.venv.broken.20260831-112339/lib/python3.14/site-packages/pyasn1_modules/__pycache__/rfc2315.cpython-314.pyc
/data/data/com.termux/files/home/GTA/BR/.venv.broken.20260831-112339/lib/python3.14/site-packages/pyasn1_modules/__pycache__/rfc2437.cpython-314.pyc
/data/data/com.termux/files/home/GTA/BR/.venv.broken.20260831-112339/lib/python3.14/site-packages/pyasn1_modules/__pycache__/rfc2459.cpython-314.pyc
/data/data/com.termux/files/home/GTA/BR/.venv.broken.20260831-112339/lib/python3.14/site-packages/pyasn1_modules/__pycache__/rfc2511.cpython-314.pyc
/data/data/com.termux/files/home/GTA/BR/.venv.broken.20260831-112339/lib/python3.14/site-packages/pyasn1_modules/__pycache__/rfc2560.cpython-314.pyc
/data/data/com.termux/files/home/GTA/BR/.venv.broken.20260831-112339/lib/python3.14/site-packages/pyasn1_modules/__pycache__/rfc2631.cpython-314.pyc
/data/data/com.termux/files/home/GTA/BR/.venv.broken.20260831-112339/lib/python3.14/site-packages/pyasn1_modules/__pycache__/rfc2634.cpython-314.pyc
/data/data/com.termux/files/home/GTA/BR/.venv.broken.20260831-112339/lib/python3.14/site-packages/pyasn1_modules/__pycache__/rfc2876.cpython-314.pyc
/data/data/com.termux/files/home/GTA/BR/.venv.broken.20260831-112339/lib/python3.14/site-packages/pyasn1_modules/__pycache__/rfc2985.cpython-314.pyc
/data/data/com.termux/files/home/GTA/BR/.venv.broken.20260831-112339/lib/python3.14/site-packages/pyasn1_modules/__pycache__/rfc2986.cpython-314.pyc
/data/data/com.termux/files/home/GTA/BR/.venv.broken.20260831-112339/lib/python3.14/site-packages/pyasn1_modules/__pycache__/rfc3058.cpython-314.pyc
/data/data/com.termux/files/home/GTA/BR/.venv.broken.20260831-112339/lib/python3.14/site-packages/pyasn1_modules/__pycache__/rfc3114.cpython-314.pyc
/data/data/com.termux/files/home/GTA/BR/.venv.broken.20260831-112339/lib/python3.14/site-packages/pyasn1_modules/__pycache__/rfc3125.cpython-314.pyc
/data/data/com.termux/files/home/GTA/BR/.venv.broken.20260831-112339/lib/python3.14/site-packages/pyasn1_modules/__pycache__/rfc3161.cpython-314.pyc
/data/data/com.termux/files/home/GTA/BR/.venv.broken.20260831-112339/lib/python3.14/site-packages/pyasn1_modules/__pycache__/rfc3274.cpython-314.pyc
/data/data/com.termux/files/home/GTA/BR/.venv.broken.20260831-112339/lib/python3.14/site-packages/pyasn1_modules/__pycache__/rfc3279.cpython-314.pyc
/data/data/com.termux/files/home/GTA/BR/.venv.broken.20260831-112339/lib/python3.14/site-packages/pyasn1_modules/__pycache__/rfc3280.cpython-314.pyc
/data/data/com.termux/files/home/GTA/BR/.venv.broken.20260831-112339/lib/python3.14/site-packages/pyasn1_modules/__pycache__/rfc3281.cpython-314.pyc
/data/data/com.termux/files/home/GTA/BR/.venv.broken.20260831-112339/lib/python3.14/site-packages/pyasn1_modules/__pycache__/rfc3370.cpython-314.pyc
/data/data/com.termux/files/home/GTA/BR/.venv.broken.20260831-112339/lib/python3.14/site-packages/pyasn1_modules/__pycache__/rfc3412.cpython-314.pyc
/data/data/com.termux/files/home/GTA/BR/.venv.broken.20260831-112339/lib/python3.14/site-packages/pyasn1_modules/__pycache__/rfc3414.cpython-314.pyc
/data/data/com.termux/files/home/GTA/BR/.venv.broken.20260831-112339/lib/python3.14/site-packages/pyasn1_modules/__pycache__/rfc3447.cpython-314.pyc
/data/data/com.termux/files/home/GTA/BR/.venv.broken.20260831-112339/lib/python3.14/site-packages/pyasn1_modules/__pycache__/rfc3537.cpython-314.pyc
/data/data/com.termux/files/home/GTA/BR/.venv.broken.20260831-112339/lib/python3.14/site-packages/pyasn1_modules/__pycache__/rfc3560.cpython-314.pyc
/data/data/com.termux/files/home/GTA/BR/.venv.broken.20260831-112339/lib/python3.14/site-packages/pyasn1_modules/__pycache__/rfc3565.cpython-314.pyc
/data/data/com.termux/files/home/GTA/BR/.venv.broken.20260831-112339/lib/python3.14/site-packages/pyasn1_modules/__pycache__/rfc3657.cpython-314.pyc
/data/data/com.termux/files/home/GTA/BR/.venv.broken.20260831-112339/lib/python3.14/site-packages/pyasn1_modules/__pycache__/rfc3709.cpython-314.pyc
/data/data/com.termux/files/home/GTA/BR/.venv.broken.20260831-112339/lib/python3.14/site-packages/pyasn1_modules/__pycache__/rfc3739.cpython-314.pyc
/data/data/com.termux/files/home/GTA/BR/.venv.broken.20260831-112339/lib/python3.14/site-packages/pyasn1_modules/__pycache__/rfc3770.cpython-314.pyc
/data/data/com.termux/files/home/GTA/BR/.venv.broken.20260831-112339/lib/python3.14/site-packages/pyasn1_modules/__pycache__/rfc3779.cpython-314.pyc
/data/data/com.termux/files/home/GTA/BR/.venv.broken.20260831-112339/lib/python3.14/site-packages/pyasn1_modules/__pycache__/rfc3820.cpython-314.pyc
/data/data/com.termux/files/home/GTA/BR/.venv.broken.20260831-112339/lib/python3.14/site-packages/pyasn1_modules/__pycache__/rfc3852.cpython-314.pyc
/data/data/com.termux/files/home/GTA/BR/.venv.broken.20260831-112339/lib/python3.14/site-packages/pyasn1_modules/__pycache__/rfc4010.cpython-314.pyc
/data/data/com.termux/files/home/GTA/BR/.venv.broken.20260831-112339/lib/python3.14/site-packages/pyasn1_modules/__pycache__/rfc4043.cpython-314.pyc
/data/data/com.termux/files/home/GTA/BR/.venv.broken.20260831-112339/lib/python3.14/site-packages/pyasn1_modules/__pycache__/rfc4055.cpython-314.pyc
/data/data/com.termux/files/home/GTA/BR/.venv.broken.20260831-112339/lib/python3.14/site-packages/pyasn1_modules/__pycache__/rfc4073.cpython-314.pyc
/data/data/com.termux/files/home/GTA/BR/.venv.broken.20260831-112339/lib/python3.14/site-packages/pyasn1_modules/__pycache__/rfc4108.cpython-314.pyc
/data/data/com.termux/files/home/GTA/BR/.venv.broken.20260831-112339/lib/python3.14/site-packages/pyasn1_modules/__pycache__/rfc4210.cpython-314.pyc
/data/data/com.termux/files/home/GTA/BR/.venv.broken.20260831-112339/lib/python3.14/site-packages/pyasn1_modules/__pycache__/rfc4211.cpython-314.pyc
/data/data/com.termux/files/home/GTA/BR/.venv.broken.20260831-112339/lib/python3.14/site-packages/pyasn1_modules/__pycache__/rfc4334.cpython-314.pyc
/data/data/com.termux/files/home/GTA/BR/.venv.broken.20260831-112339/lib/python3.14/site-packages/pyasn1_modules/__pycache__/rfc4357.cpython-314.pyc
/data/data/com.termux/files/home/GTA/BR/.venv.broken.20260831-112339/lib/python3.14/site-packages/pyasn1_modules/__pycache__/rfc4387.cpython-314.pyc
/data/data/com.termux/files/home/GTA/BR/.venv.broken.20260831-112339/lib/python3.14/site-packages/pyasn1_modules/__pycache__/rfc4476.cpython-314.pyc
/data/data/com.termux/files/home/GTA/BR/.venv.broken.20260831-112339/lib/python3.14/site-packages/pyasn1_modules/__pycache__/rfc4490.cpython-314.pyc
/data/data/com.termux/files/home/GTA/BR/.venv.broken.20260831-112339/lib/python3.14/site-packages/pyasn1_modules/__pycache__/rfc4491.cpython-314.pyc
/data/data/com.termux/files/home/GTA/BR/.venv.broken.20260831-112339/lib/python3.14/site-packages/pyasn1_modules/__pycache__/rfc4683.cpython-314.pyc
/data/data/com.termux/files/home/GTA/BR/.venv.broken.20260831-112339/lib/python3.14/site-packages/pyasn1_modules/__pycache__/rfc4985.cpython-314.pyc
/data/data/com.termux/files/home/GTA/BR/.venv.broken.20260831-112339/lib/python3.14/site-packages/pyasn1_modules/__pycache__/rfc5035.cpython-314.pyc
/data/data/com.termux/files/home/GTA/BR/.venv.broken.20260831-112339/lib/python3.14/site-packages/pyasn1_modules/__pycache__/rfc5083.cpython-314.pyc
/data/data/com.termux/files/home/GTA/BR/.venv.broken.20260831-112339/lib/python3.14/site-packages/pyasn1_modules/__pycache__/rfc5084.cpython-314.pyc
/data/data/com.termux/files/home/GTA/BR/.venv.broken.20260831-112339/lib/python3.14/site-packages/pyasn1_modules/__pycache__/rfc5126.cpython-314.pyc
/data/data/com.termux/files/home/GTA/BR/.venv.broken.20260831-112339/lib/python3.14/site-packages/pyasn1_modules/__pycache__/rfc5208.cpython-314.pyc
/data/data/com.termux/files/home/GTA/BR/.venv.broken.20260831-112339/lib/python3.14/site-packages/pyasn1_modules/__pycache__/rfc5275.cpython-314.pyc
/data/data/com.termux/files/home/GTA/BR/.venv.broken.20260831-112339/lib/python3.14/site-packages/pyasn1_modules/__pycache__/rfc5280.cpython-314.pyc
/data/data/com.termux/files/home/GTA/BR/.venv.broken.20260831-112339/lib/python3.14/site-packages/pyasn1_modules/__pycache__/rfc5480.cpython-314.pyc
/data/data/com.termux/files/home/GTA/BR/.venv.broken.20260831-112339/lib/python3.14/site-packages/pyasn1_modules/__pycache__/rfc5636.cpython-314.pyc
/data/data/com.termux/files/home/GTA/BR/.venv.broken.20260831-112339/lib/python3.14/site-packages/pyasn1_modules/__pycache__/rfc5639.cpython-314.pyc
/data/data/com.termux/files/home/GTA/BR/.venv.broken.20260831-112339/lib/python3.14/site-packages/pyasn1_modules/__pycache__/rfc5649.cpython-314.pyc
/data/data/com.termux/files/home/GTA/BR/.venv.broken.20260831-112339/lib/python3.14/site-packages/pyasn1_modules/__pycache__/rfc5652.cpython-314.pyc
/data/data/com.termux/files/home/GTA/BR/.venv.broken.20260831-112339/lib/python3.14/site-packages/pyasn1_modules/__pycache__/rfc5697.cpython-314.pyc
/data/data/com.termux/files/home/GTA/BR/.venv.broken.20260831-112339/lib/python3.14/site-packages/pyasn1_modules/__pycache__/rfc5751.cpython-314.pyc
/data/data/com.termux/files/home/GTA/BR/.venv.broken.20260831-112339/lib/python3.14/site-packages/pyasn1_modules/__pycache__/rfc5752.cpython-314.pyc
/data/data/com.termux/files/home/GTA/BR/.venv.broken.20260831-112339/lib/python3.14/site-packages/pyasn1_modules/__pycache__/rfc5753.cpython-314.pyc
/data/data/com.termux/files/home/GTA/BR/.venv.broken.20260831-112339/lib/python3.14/site-packages/pyasn1_modules/__pycache__/rfc5755.cpython-314.pyc
/data/data/com.termux/files/home/GTA/BR/.venv.broken.20260831-112339/lib/python3.14/site-packages/pyasn1_modules/__pycache__/rfc5913.cpython-314.pyc
/data/data/com.termux/files/home/GTA/BR/.venv.broken.20260831-112339/lib/python3.14/site-packages/pyasn1_modules/__pycache__/rfc5914.cpython-314.pyc
/data/data/com.termux/files/home/GTA/BR/.venv.broken.20260831-112339/lib/python3.14/site-packages/pyasn1_modules/__pycache__/rfc5915.cpython-314.pyc
/data/data/com.termux/files/home/GTA/BR/.venv.broken.20260831-112339/lib/python3.14/site-packages/pyasn1_modules/__pycache__/rfc5916.cpython-314.pyc
/data/data/com.termux/files/home/GTA/BR/.venv.broken.20260831-112339/lib/python3.14/site-packages/pyasn1_modules/__pycache__/rfc5917.cpython-314.pyc
/data/data/com.termux/files/home/GTA/BR/.venv.broken.20260831-112339/lib/python3.14/site-packages/pyasn1_modules/__pycache__/rfc5924.cpython-314.pyc
/data/data/com.termux/files/home/GTA/BR/.venv.broken.20260831-112339/lib/python3.14/site-packages/pyasn1_modules/__pycache__/rfc5934.cpython-314.pyc
/data/data/com.termux/files/home/GTA/BR/.venv.broken.20260831-112339/lib/python3.14/site-packages/pyasn1_modules/__pycache__/rfc5940.cpython-314.pyc
/data/data/com.termux/files/home/GTA/BR/.venv.broken.20260831-112339/lib/python3.14/site-packages/pyasn1_modules/__pycache__/rfc5958.cpython-314.pyc
/data/data/com.termux/files/home/GTA/BR/.venv.broken.20260831-112339/lib/python3.14/site-packages/pyasn1_modules/__pycache__/rfc5990.cpython-314.pyc
/data/data/com.termux/files/home/GTA/BR/.venv.broken.20260831-112339/lib/python3.14/site-packages/pyasn1_modules/__pycache__/rfc6010.cpython-314.pyc
/data/data/com.termux/files/home/GTA/BR/.venv.broken.20260831-112339/lib/python3.14/site-packages/pyasn1_modules/__pycache__/rfc6019.cpython-314.pyc
/data/data/com.termux/files/home/GTA/BR/.venv.broken.20260831-112339/lib/python3.14/site-packages/pyasn1_modules/__pycache__/rfc6031.cpython-314.pyc
/data/data/com.termux/files/home/GTA/BR/.venv.broken.20260831-112339/lib/python3.14/site-packages/pyasn1_modules/__pycache__/rfc6032.cpython-314.pyc
/data/data/com.termux/files/home/GTA/BR/.venv.broken.20260831-112339/lib/python3.14/site-packages/pyasn1_modules/__pycache__/rfc6120.cpython-314.pyc
/data/data/com.termux/files/home/GTA/BR/.venv.broken.20260831-112339/lib/python3.14/site-packages/pyasn1_modules/__pycache__/rfc6170.cpython-314.pyc
/data/data/com.termux/files/home/GTA/BR/.venv.broken.20260831-112339/lib/python3.14/site-packages/pyasn1_modules/__pycache__/rfc6187.cpython-314.pyc
/data/data/com.termux/files/home/GTA/BR/.venv.broken.20260831-112339/lib/python3.14/site-packages/pyasn1_modules/__pycache__/rfc6210.cpython-314.pyc
/data/data/com.termux/files/home/GTA/BR/.venv.broken.20260831-112339/lib/python3.14/site-packages/pyasn1_modules/__pycache__/rfc6211.cpython-314.pyc
/data/data/com.termux/files/home/GTA/BR/.venv.broken.20260831-112339/lib/python3.14/site-packages/pyasn1_modules/__pycache__/rfc6402.cpython-314.pyc
/data/data/com.termux/files/home/GTA/BR/.venv.broken.20260831-112339/lib/python3.14/site-packages/pyasn1_modules/__pycache__/rfc6482.cpython-314.pyc
/data/data/com.termux/files/home/GTA/BR/.venv.broken.20260831-112339/lib/python3.14/site-packages/pyasn1_modules/__pycache__/rfc6486.cpython-314.pyc
/data/data/com.termux/files/home/GTA/BR/.venv.broken.20260831-112339/lib/python3.14/site-packages/pyasn1_modules/__pycache__/rfc6487.cpython-314.pyc
/data/data/com.termux/files/home/GTA/BR/.venv.broken.20260831-112339/lib/python3.14/site-packages/pyasn1_modules/__pycache__/rfc6664.cpython-314.pyc
/data/data/com.termux/files/home/GTA/BR/.venv.broken.20260831-112339/lib/python3.14/site-packages/pyasn1_modules/__pycache__/rfc6955.cpython-314.pyc
/data/data/com.termux/files/home/GTA/BR/.venv.broken.20260831-112339/lib/python3.14/site-packages/pyasn1_modules/__pycache__/rfc6960.cpython-314.pyc
/data/data/com.termux/files/home/GTA/BR/.venv.broken.20260831-112339/lib/python3.14/site-packages/pyasn1_modules/__pycache__/rfc7030.cpython-314.pyc
/data/data/com.termux/files/home/GTA/BR/.venv.broken.20260831-112339/lib/python3.14/site-packages/pyasn1_modules/__pycache__/rfc7191.cpython-314.pyc
/data/data/com.termux/files/home/GTA/BR/.venv.broken.20260831-112339/lib/python3.14/site-packages/pyasn1_modules/__pycache__/rfc7229.cpython-314.pyc
/data/data/com.termux/files/home/GTA/BR/.venv.broken.20260831-112339/lib/python3.14/site-packages/pyasn1_modules/__pycache__/rfc7292.cpython-314.pyc
/data/data/com.termux/files/home/GTA/BR/.venv.broken.20260831-112339/lib/python3.14/site-packages/pyasn1_modules/__pycache__/rfc7296.cpython-314.pyc
/data/data/com.termux/files/home/GTA/BR/.venv.broken.20260831-112339/lib/python3.14/site-packages/pyasn1_modules/__pycache__/rfc7508.cpython-314.pyc
/data/data/com.termux/files/home/GTA/BR/.venv.broken.20260831-112339/lib/python3.14/site-packages/pyasn1_modules/__pycache__/rfc7585.cpython-314.pyc
/data/data/com.termux/files/home/GTA/BR/.venv.broken.20260831-112339/lib/python3.14/site-packages/pyasn1_modules/__pycache__/rfc7633.cpython-314.pyc
/data/data/com.termux/files/home/GTA/BR/.venv.broken.20260831-112339/lib/python3.14/site-packages/pyasn1_modules/__pycache__/rfc7773.cpython-314.pyc
/data/data/com.termux/files/home/GTA/BR/.venv.broken.20260831-112339/lib/python3.14/site-packages/pyasn1_modules/__pycache__/rfc7894.cpython-314.pyc
/data/data/com.termux/files/home/GTA/BR/.venv.broken.20260831-112339/lib/python3.14/site-packages/pyasn1_modules/__pycache__/rfc7906.cpython-314.pyc
/data/data/com.termux/files/home/GTA/BR/.venv.broken.20260831-112339/lib/python3.14/site-packages/pyasn1_modules/__pycache__/rfc7914.cpython-314.pyc
/data/data/com.termux/files/home/GTA/BR/.venv.broken.20260831-112339/lib/python3.14/site-packages/pyasn1_modules/__pycache__/rfc8017.cpython-314.pyc
/data/data/com.termux/files/home/GTA/BR/.venv.broken.20260831-112339/lib/python3.14/site-packages/pyasn1_modules/__pycache__/rfc8018.cpython-314.pyc
/data/data/com.termux/files/home/GTA/BR/.venv.broken.20260831-112339/lib/python3.14/site-packages/pyasn1_modules/__pycache__/rfc8103.cpython-314.pyc
/data/data/com.termux/files/home/GTA/BR/.venv.broken.20260831-112339/lib/python3.14/site-packages/pyasn1_modules/__pycache__/rfc8209.cpython-314.pyc
/data/data/com.termux/files/home/GTA/BR/.venv.broken.20260831-112339/lib/python3.14/site-packages/pyasn1_modules/__pycache__/rfc8226.cpython-314.pyc
/data/data/com.termux/files/home/GTA/BR/.venv.broken.20260831-112339/lib/python3.14/site-packages/pyasn1_modules/__pycache__/rfc8358.cpython-314.pyc
/data/data/com.termux/files/home/GTA/BR/.venv.broken.20260831-112339/lib/python3.14/site-packages/pyasn1_modules/__pycache__/rfc8360.cpython-314.pyc
/data/data/com.termux/files/home/GTA/BR/.venv.broken.20260831-112339/lib/python3.14/site-packages/pyasn1_modules/__pycache__/rfc8398.cpython-314.pyc
/data/data/com.termux/files/home/GTA/BR/.venv.broken.20260831-112339/lib/python3.14/site-packages/pyasn1_modules/__pycache__/rfc8410.cpython-314.pyc
/data/data/com.termux/files/home/GTA/BR/.venv.broken.20260831-112339/lib/python3.14/site-packages/pyasn1_modules/__pycache__/rfc8418.cpython-314.pyc
/data/data/com.termux/files/home/GTA/BR/.venv.broken.20260831-112339/lib/python3.14/site-packages/pyasn1_modules/__pycache__/rfc8419.cpython-314.pyc
/data/data/com.termux/files/home/GTA/BR/.venv.broken.20260831-112339/lib/python3.14/site-packages/pyasn1_modules/__pycache__/rfc8479.cpython-314.pyc
/data/data/com.termux/files/home/GTA/BR/.venv.broken.20260831-112339/lib/python3.14/site-packages/pyasn1_modules/__pycache__/rfc8494.cpython-314.pyc
/data/data/com.termux/files/home/GTA/BR/.venv.broken.20260831-112339/lib/python3.14/site-packages/pyasn1_modules/__pycache__/rfc8520.cpython-314.pyc
/data/data/com.termux/files/home/GTA/BR/.venv.broken.20260831-112339/lib/python3.14/site-packages/pyasn1_modules/__pycache__/rfc8619.cpython-314.pyc
/data/data/com.termux/files/home/GTA/BR/.venv.broken.20260831-112339/lib/python3.14/site-packages/pyasn1_modules/__pycache__/rfc8649.cpython-314.pyc
/data/data/com.termux/files/home/GTA/BR/.venv.broken.20260831-112339/lib/python3.14/site-packages/pyasn1_modules/__pycache__/rfc8692.cpython-314.pyc
/data/data/com.termux/files/home/GTA/BR/.venv.broken.20260831-112339/lib/python3.14/site-packages/pyasn1_modules/__pycache__/rfc8696.cpython-314.pyc
/data/data/com.termux/files/home/GTA/BR/.venv.broken.20260831-112339/lib/python3.14/site-packages/pyasn1_modules/__pycache__/rfc8702.cpython-314.pyc
/data/data/com.termux/files/home/GTA/BR/.venv.broken.20260831-112339/lib/python3.14/site-packages/pyasn1_modules/__pycache__/rfc8708.cpython-314.pyc
/data/data/com.termux/files/home/GTA/BR/.venv.broken.20260831-112339/lib/python3.14/site-packages/pyasn1_modules/__pycache__/rfc8769.cpython-314.pyc
/data/data/com.termux/files/home/GTA/BR/.venv.broken.20260831-112339/lib/python3.14/site-packages/pyasn1_modules/pem.py
/data/data/com.termux/files/home/GTA/BR/.venv.broken.20260831-112339/lib/python3.14/site-packages/pyasn1_modules/rfc1155.py
/data/data/com.termux/files/home/GTA/BR/.venv.broken.20260831-112339/lib/python3.14/site-packages/pyasn1_modules/rfc1157.py
/data/data/com.termux/files/home/GTA/BR/.venv.broken.20260831-112339/lib/python3.14/site-packages/pyasn1_modules/rfc1901.py
/data/data/com.termux/files/home/GTA/BR/.venv.broken.20260831-112339/lib/python3.14/site-packages/pyasn1_modules/rfc1902.py
/data/data/com.termux/files/home/GTA/BR/.venv.broken.20260831-112339/lib/python3.14/site-packages/pyasn1_modules/rfc1905.py
/data/data/com.termux/files/home/GTA/BR/.venv.broken.20260831-112339/lib/python3.14/site-packages/pyasn1_modules/rfc2251.py
/data/data/com.termux/files/home/GTA/BR/.venv.broken.20260831-112339/lib/python3.14/site-packages/pyasn1_modules/rfc2314.py
/data/data/com.termux/files/home/GTA/BR/.venv.broken.20260831-112339/lib/python3.14/site-packages/pyasn1_modules/rfc2315.py
/data/data/com.termux/files/home/GTA/BR/.venv.broken.20260831-112339/lib/python3.14/site-packages/pyasn1_modules/rfc2437.py
/data/data/com.termux/files/home/GTA/BR/.venv.broken.20260831-112339/lib/python3.14/site-packages/pyasn1_modules/rfc2459.py
/data/data/com.termux/files/home/GTA/BR/.venv.broken.20260831-112339/lib/python3.14/site-packages/pyasn1_modules/rfc2511.py
/data/data/com.termux/files/home/GTA/BR/.venv.broken.20260831-112339/lib/python3.14/site-packages/pyasn1_modules/rfc2560.py
/data/data/com.termux/files/home/GTA/BR/.venv.broken.20260831-112339/lib/python3.14/site-packages/pyasn1_modules/rfc2631.py
/data/data/com.termux/files/home/GTA/BR/.venv.broken.20260831-112339/lib/python3.14/site-packages/pyasn1_modules/rfc2634.py
/data/data/com.termux/files/home/GTA/BR/.venv.broken.20260831-112339/lib/python3.14/site-packages/pyasn1_modules/rfc2876.py
/data/data/com.termux/files/home/GTA/BR/.venv.broken.20260831-112339/lib/python3.14/site-packages/pyasn1_modules/rfc2985.py
/data/data/com.termux/files/home/GTA/BR/.venv.broken.20260831-112339/lib/python3.14/site-packages/pyasn1_modules/rfc2986.py
/data/data/com.termux/files/home/GTA/BR/.venv.broken.20260831-112339/lib/python3.14/site-packages/pyasn1_modules/rfc3058.py
/data/data/com.termux/files/home/GTA/BR/.venv.broken.20260831-112339/lib/python3.14/site-packages/pyasn1_modules/rfc3114.py
/data/data/com.termux/files/home/GTA/BR/.venv.broken.20260831-112339/lib/python3.14/site-packages/pyasn1_modules/rfc3125.py
/data/data/com.termux/files/home/GTA/BR/.venv.broken.20260831-112339/lib/python3.14/site-packages/pyasn1_modules/rfc3161.py
/data/data/com.termux/files/home/GTA/BR/.venv.broken.20260831-112339/lib/python3.14/site-packages/pyasn1_modules/rfc3274.py
/data/data/com.termux/files/home/GTA/BR/.venv.broken.20260831-112339/lib/python3.14/site-packages/pyasn1_modules/rfc3279.py
/data/data/com.termux/files/home/GTA/BR/.venv.broken.20260831-112339/lib/python3.14/site-packages/pyasn1_modules/rfc3280.py
/data/data/com.termux/files/home/GTA/BR/.venv.broken.20260831-112339/lib/python3.14/site-packages/pyasn1_modules/rfc3281.py
/data/data/com.termux/files/home/GTA/BR/.venv.broken.20260831-112339/lib/python3.14/site-packages/pyasn1_modules/rfc3370.py
/data/data/com.termux/files/home/GTA/BR/.venv.broken.20260831-112339/lib/python3.14/site-packages/pyasn1_modules/rfc3412.py
/data/data/com.termux/files/home/GTA/BR/.venv.broken.20260831-112339/lib/python3.14/site-packages/pyasn1_modules/rfc3414.py
/data/data/com.termux/files/home/GTA/BR/.venv.broken.20260831-112339/lib/python3.14/site-packages/pyasn1_modules/rfc3447.py
/data/data/com.termux/files/home/GTA/BR/.venv.broken.20260831-112339/lib/python3.14/site-packages/pyasn1_modules/rfc3537.py
/data/data/com.termux/files/home/GTA/BR/.venv.broken.20260831-112339/lib/python3.14/site-packages/pyasn1_modules/rfc3560.py
/data/data/com.termux/files/home/GTA/BR/.venv.broken.20260831-112339/lib/python3.14/site-packages/pyasn1_modules/rfc3565.py
/data/data/com.termux/files/home/GTA/BR/.venv.broken.20260831-112339/lib/python3.14/site-packages/pyasn1_modules/rfc3657.py
/data/data/com.termux/files/home/GTA/BR/.venv.broken.20260831-112339/lib/python3.14/site-packages/pyasn1_modules/rfc3709.py
/data/data/com.termux/files/home/GTA/BR/.venv.broken.20260831-112339/lib/python3.14/site-packages/pyasn1_modules/rfc3739.py
/data/data/com.termux/files/home/GTA/BR/.venv.broken.20260831-112339/lib/python3.14/site-packages/pyasn1_modules/rfc3770.py
/data/data/com.termux/files/home/GTA/BR/.venv.broken.20260831-112339/lib/python3.14/site-packages/pyasn1_modules/rfc3779.py
/data/data/com.termux/files/home/GTA/BR/.venv.broken.20260831-112339/lib/python3.14/site-packages/pyasn1_modules/rfc3820.py
/data/data/com.termux/files/home/GTA/BR/.venv.broken.20260831-112339/lib/python3.14/site-packages/pyasn1_modules/rfc3852.py
/data/data/com.termux/files/home/GTA/BR/.venv.broken.20260831-112339/lib/python3.14/site-packages/pyasn1_modules/rfc4010.py
/data/data/com.termux/files/home/GTA/BR/.venv.broken.20260831-112339/lib/python3.14/site-packages/pyasn1_modules/rfc4043.py
/data/data/com.termux/files/home/GTA/BR/.venv.broken.20260831-112339/lib/python3.14/site-packages/pyasn1_modules/rfc4055.py
/data/data/com.termux/files/home/GTA/BR/.venv.broken.20260831-112339/lib/python3.14/site-packages/pyasn1_modules/rfc4073.py
/data/data/com.termux/files/home/GTA/BR/.venv.broken.20260831-112339/lib/python3.14/site-packages/pyasn1_modules/rfc4108.py
/data/data/com.termux/files/home/GTA/BR/.venv.broken.20260831-112339/lib/python3.14/site-packages/pyasn1_modules/rfc4210.py
/data/data/com.termux/files/home/GTA/BR/.venv.broken.20260831-112339/lib/python3.14/site-packages/pyasn1_modules/rfc4211.py
/data/data/com.termux/files/home/GTA/BR/.venv.broken.20260831-112339/lib/python3.14/site-packages/pyasn1_modules/rfc4334.py
/data/data/com.termux/files/home/GTA/BR/.venv.broken.20260831-112339/lib/python3.14/site-packages/pyasn1_modules/rfc4357.py
/data/data/com.termux/files/home/GTA/BR/.venv.broken.20260831-112339/lib/python3.14/site-packages/pyasn1_modules/rfc4387.py
/data/data/com.termux/files/home/GTA/BR/.venv.broken.20260831-112339/lib/python3.14/site-packages/pyasn1_modules/rfc4476.py
/data/data/com.termux/files/home/GTA/BR/.venv.broken.20260831-112339/lib/python3.14/site-packages/pyasn1_modules/rfc4490.py
/data/data/com.termux/files/home/GTA/BR/.venv.broken.20260831-112339/lib/python3.14/site-packages/pyasn1_modules/rfc4491.py
/data/data/com.termux/files/home/GTA/BR/.venv.broken.20260831-112339/lib/python3.14/site-packages/pyasn1_modules/rfc4683.py
/data/data/com.termux/files/home/GTA/BR/.venv.broken.20260831-112339/lib/python3.14/site-packages/pyasn1_modules/rfc4985.py
/data/data/com.termux/files/home/GTA/BR/.venv.broken.20260831-112339/lib/python3.14/site-packages/pyasn1_modules/rfc5035.py
/data/data/com.termux/files/home/GTA/BR/.venv.broken.20260831-112339/lib/python3.14/site-packages/pyasn1_modules/rfc5083.py
/data/data/com.termux/files/home/GTA/BR/.venv.broken.20260831-112339/lib/python3.14/site-packages/pyasn1_modules/rfc5084.py
/data/data/com.termux/files/home/GTA/BR/.venv.broken.20260831-112339/lib/python3.14/site-packages/pyasn1_modules/rfc5126.py
/data/data/com.termux/files/home/GTA/BR/.venv.broken.20260831-112339/lib/python3.14/site-packages/pyasn1_modules/rfc5208.py
/data/data/com.termux/files/home/GTA/BR/.venv.broken.20260831-112339/lib/python3.14/site-packages/pyasn1_modules/rfc5275.py
/data/data/com.termux/files/home/GTA/BR/.venv.broken.20260831-112339/lib/python3.14/site-packages/pyasn1_modules/rfc5280.py
/data/data/com.termux/files/home/GTA/BR/.venv.broken.20260831-112339/lib/python3.14/site-packages/pyasn1_modules/rfc5480.py
/data/data/com.termux/files/home/GTA/BR/.venv.broken.20260831-112339/lib/python3.14/site-packages/pyasn1_modules/rfc5636.py
/data/data/com.termux/files/home/GTA/BR/.venv.broken.20260831-112339/lib/python3.14/site-packages/pyasn1_modules/rfc5639.py
/data/data/com.termux/files/home/GTA/BR/.venv.broken.20260831-112339/lib/python3.14/site-packages/pyasn1_modules/rfc5649.py
/data/data/com.termux/files/home/GTA/BR/.venv.broken.20260831-112339/lib/python3.14/site-packages/pyasn1_modules/rfc5652.py
/data/data/com.termux/files/home/GTA/BR/.venv.broken.20260831-112339/lib/python3.14/site-packages/pyasn1_modules/rfc5697.py
/data/data/com.termux/files/home/GTA/BR/.venv.broken.20260831-112339/lib/python3.14/site-packages/pyasn1_modules/rfc5751.py
/data/data/com.termux/files/home/GTA/BR/.venv.broken.20260831-112339/lib/python3.14/site-packages/pyasn1_modules/rfc5752.py
/data/data/com.termux/files/home/GTA/BR/.venv.broken.20260831-112339/lib/python3.14/site-packages/pyasn1_modules/rfc5753.py
/data/data/com.termux/files/home/GTA/BR/.venv.broken.20260831-112339/lib/python3.14/site-packages/pyasn1_modules/rfc5755.py
/data/data/com.termux/files/home/GTA/BR/.venv.broken.20260831-112339/lib/python3.14/site-packages/pyasn1_modules/rfc5913.py
/data/data/com.termux/files/home/GTA/BR/.venv.broken.20260831-112339/lib/python3.14/site-packages/pyasn1_modules/rfc5914.py
/data/data/com.termux/files/home/GTA/BR/.venv.broken.20260831-112339/lib/python3.14/site-packages/pyasn1_modules/rfc5915.py
/data/data/com.termux/files/home/GTA/BR/.venv.broken.20260831-112339/lib/python3.14/site-packages/pyasn1_modules/rfc5916.py
/data/data/com.termux/files/home/GTA/BR/.venv.broken.20260831-112339/lib/python3.14/site-packages/pyasn1_modules/rfc5917.py
/data/data/com.termux/files/home/GTA/BR/.venv.broken.20260831-112339/lib/python3.14/site-packages/pyasn1_modules/rfc5924.py
/data/data/com.termux/files/home/GTA/BR/.venv.broken.20260831-112339/lib/python3.14/site-packages/pyasn1_modules/rfc5934.py
/data/data/com.termux/files/home/GTA/BR/.venv.broken.20260831-112339/lib/python3.14/site-packages/pyasn1_modules/rfc5940.py
/data/data/com.termux/files/home/GTA/BR/.venv.broken.20260831-112339/lib/python3.14/site-packages/pyasn1_modules/rfc5958.py
/data/data/com.termux/files/home/GTA/BR/.venv.broken.20260831-112339/lib/python3.14/site-packages/pyasn1_modules/rfc5990.py
/data/data/com.termux/files/home/GTA/BR/.venv.broken.20260831-112339/lib/python3.14/site-packages/pyasn1_modules/rfc6010.py
/data/data/com.termux/files/home/GTA/BR/.venv.broken.20260831-112339/lib/python3.14/site-packages/pyasn1_modules/rfc6019.py
/data/data/com.termux/files/home/GTA/BR/.venv.broken.20260831-112339/lib/python3.14/site-packages/pyasn1_modules/rfc6031.py
/data/data/com.termux/files/home/GTA/BR/.venv.broken.20260831-112339/lib/python3.14/site-packages/pyasn1_modules/rfc6032.py
/data/data/com.termux/files/home/GTA/BR/.venv.broken.20260831-112339/lib/python3.14/site-packages/pyasn1_modules/rfc6120.py
/data/data/com.termux/files/home/GTA/BR/.venv.broken.20260831-112339/lib/python3.14/site-packages/pyasn1_modules/rfc6170.py
/data/data/com.termux/files/home/GTA/BR/.venv.broken.20260831-112339/lib/python3.14/site-packages/pyasn1_modules/rfc6187.py
/data/data/com.termux/files/home/GTA/BR/.venv.broken.20260831-112339/lib/python3.14/site-packages/pyasn1_modules/rfc6210.py
/data/data/com.termux/files/home/GTA/BR/.venv.broken.20260831-112339/lib/python3.14/site-packages/pyasn1_modules/rfc6211.py
/data/data/com.termux/files/home/GTA/BR/.venv.broken.20260831-112339/lib/python3.14/site-packages/pyasn1_modules/rfc6402.py
/data/data/com.termux/files/home/GTA/BR/.venv.broken.20260831-112339/lib/python3.14/site-packages/pyasn1_modules/rfc6482.py
/data/data/com.termux/files/home/GTA/BR/.venv.broken.20260831-112339/lib/python3.14/site-packages/pyasn1_modules/rfc6486.py
/data/data/com.termux/files/home/GTA/BR/.venv.broken.20260831-112339/lib/python3.14/site-packages/pyasn1_modules/rfc6487.py
/data/data/com.termux/files/home/GTA/BR/.venv.broken.20260831-112339/lib/python3.14/site-packages/pyasn1_modules/rfc6664.py
/data/data/com.termux/files/home/GTA/BR/.venv.broken.20260831-112339/lib/python3.14/site-packages/pyasn1_modules/rfc6955.py
/data/data/com.termux/files/home/GTA/BR/.venv.broken.20260831-112339/lib/python3.14/site-packages/pyasn1_modules/rfc6960.py
/data/data/com.termux/files/home/GTA/BR/.venv.broken.20260831-112339/lib/python3.14/site-packages/pyasn1_modules/rfc7030.py
/data/data/com.termux/files/home/GTA/BR/.venv.broken.20260831-112339/lib/python3.14/site-packages/pyasn1_modules/rfc7191.py
/data/data/com.termux/files/home/GTA/BR/.venv.broken.20260831-112339/lib/python3.14/site-packages/pyasn1_modules/rfc7229.py
/data/data/com.termux/files/home/GTA/BR/.venv.broken.20260831-112339/lib/python3.14/site-packages/pyasn1_modules/rfc7292.py
/data/data/com.termux/files/home/GTA/BR/.venv.broken.20260831-112339/lib/python3.14/site-packages/pyasn1_modules/rfc7296.py
/data/data/com.termux/files/home/GTA/BR/.venv.broken.20260831-112339/lib/python3.14/site-packages/pyasn1_modules/rfc7508.py
/data/data/com.termux/files/home/GTA/BR/.venv.broken.20260831-112339/lib/python3.14/site-packages/pyasn1_modules/rfc7585.py
/data/data/com.termux/files/home/GTA/BR/.venv.broken.20260831-112339/lib/python3.14/site-packages/pyasn1_modules/rfc7633.py
/data/data/com.termux/files/home/GTA/BR/.venv.broken.20260831-112339/lib/python3.14/site-packages/pyasn1_modules/rfc7773.py
/data/data/com.termux/files/home/GTA/BR/.venv.broken.20260831-112339/lib/python3.14/site-packages/pyasn1_modules/rfc7894.py
/data/data/com.termux/files/home/GTA/BR/.venv.broken.20260831-112339/lib/python3.14/site-packages/pyasn1_modules/rfc7906.py
/data/data/com.termux/files/home/GTA/BR/.venv.broken.20260831-112339/lib/python3.14/site-packages/pyasn1_modules/rfc7914.py
/data/data/com.termux/files/home/GTA/BR/.venv.broken.20260831-112339/lib/python3.14/site-packages/pyasn1_modules/rfc8017.py
/data/data/com.termux/files/home/GTA/BR/.venv.broken.20260831-112339/lib/python3.14/site-packages/pyasn1_modules/rfc8018.py
/data/data/com.termux/files/home/GTA/BR/.venv.broken.20260831-112339/lib/python3.14/site-packages/pyasn1_modules/rfc8103.py
/data/data/com.termux/files/home/GTA/BR/.venv.broken.20260831-112339/lib/python3.14/site-packages/pyasn1_modules/rfc8209.py
/data/data/com.termux/files/home/GTA/BR/.venv.broken.20260831-112339/lib/python3.14/site-packages/pyasn1_modules/rfc8226.py
/data/data/com.termux/files/home/GTA/BR/.venv.broken.20260831-112339/lib/python3.14/site-packages/pyasn1_modules/rfc8358.py
/data/data/com.termux/files/home/GTA/BR/.venv.broken.20260831-112339/lib/python3.14/site-packages/pyasn1_modules/rfc8360.py
/data/data/com.termux/files/home/GTA/BR/.venv.broken.20260831-112339/lib/python3.14/site-packages/pyasn1_modules/rfc8398.py
/data/data/com.termux/files/home/GTA/BR/.venv.broken.20260831-112339/lib/python3.14/site-packages/pyasn1_modules/rfc8410.py
/data/data/com.termux/files/home/GTA/BR/.venv.broken.20260831-112339/lib/python3.14/site-packages/pyasn1_modules/rfc8418.py
/data/data/com.termux/files/home/GTA/BR/.venv.broken.20260831-112339/lib/python3.14/site-packages/pyasn1_modules/rfc8419.py
/data/data/com.termux/files/home/GTA/BR/.venv.broken.20260831-112339/lib/python3.14/site-packages/pyasn1_modules/rfc8479.py
/data/data/com.termux/files/home/GTA/BR/.venv.broken.20260831-112339/lib/python3.14/site-packages/pyasn1_modules/rfc8494.py
/data/data/com.termux/files/home/GTA/BR/.venv.broken.20260831-112339/lib/python3.14/site-packages/pyasn1_modules/rfc8520.py
/data/data/com.termux/files/home/GTA/BR/.venv.broken.20260831-112339/lib/python3.14/site-packages/pyasn1_modules/rfc8619.py
/data/data/com.termux/files/home/GTA/BR/.venv.broken.20260831-112339/lib/python3.14/site-packages/pyasn1_modules/rfc8649.py
/data/data/com.termux/files/home/GTA/BR/.venv.broken.20260831-112339/lib/python3.14/site-packages/pyasn1_modules/rfc8692.py
/data/data/com.termux/files/home/GTA/BR/.venv.broken.20260831-112339/lib/python3.14/site-packages/pyasn1_modules/rfc8696.py
/data/data/com.termux/files/home/GTA/BR/.venv.broken.20260831-112339/lib/python3.14/site-packages/pyasn1_modules/rfc8702.py
/data/data/com.termux/files/home/GTA/BR/.venv.broken.20260831-112339/lib/python3.14/site-packages/pyasn1_modules/rfc8708.py
/data/data/com.termux/files/home/GTA/BR/.venv.broken.20260831-112339/lib/python3.14/site-packages/pyasn1_modules/rfc8769.py
/data/data/com.termux/files/home/GTA/BR/.venv.broken.20260831-112339/lib/python3.14/site-packages/pycparser-3.0.dist-info/INSTALLER
/data/data/com.termux/files/home/GTA/BR/.venv.broken.20260831-112339/lib/python3.14/site-packages/pycparser-3.0.dist-info/METADATA
/data/data/com.termux/files/home/GTA/BR/.venv.broken.20260831-112339/lib/python3.14/site-packages/pycparser-3.0.dist-info/RECORD
/data/data/com.termux/files/home/GTA/BR/.venv.broken.20260831-112339/lib/python3.14/site-packages/pycparser-3.0.dist-info/WHEEL
/data/data/com.termux/files/home/GTA/BR/.venv.broken.20260831-112339/lib/python3.14/site-packages/pycparser-3.0.dist-info/licenses/LICENSE
/data/data/com.termux/files/home/GTA/BR/.venv.broken.20260831-112339/lib/python3.14/site-packages/pycparser-3.0.dist-info/top_level.txt
/data/data/com.termux/files/home/GTA/BR/.venv.broken.20260831-112339/lib/python3.14/site-packages/pycparser/__init__.py
/data/data/com.termux/files/home/GTA/BR/.venv.broken.20260831-112339/lib/python3.14/site-packages/pycparser/__pycache__/__init__.cpython-314.pyc
/data/data/com.termux/files/home/GTA/BR/.venv.broken.20260831-112339/lib/python3.14/site-packages/pycparser/__pycache__/_ast_gen.cpython-314.pyc
/data/data/com.termux/files/home/GTA/BR/.venv.broken.20260831-112339/lib/python3.14/site-packages/pycparser/__pycache__/ast_transforms.cpython-314.pyc
/data/data/com.termux/files/home/GTA/BR/.venv.broken.20260831-112339/lib/python3.14/site-packages/pycparser/__pycache__/c_ast.cpython-314.pyc
/data/data/com.termux/files/home/GTA/BR/.venv.broken.20260831-112339/lib/python3.14/site-packages/pycparser/__pycache__/c_generator.cpython-314.pyc
/data/data/com.termux/files/home/GTA/BR/.venv.broken.20260831-112339/lib/python3.14/site-packages/pycparser/__pycache__/c_lexer.cpython-314.pyc
/data/data/com.termux/files/home/GTA/BR/.venv.broken.20260831-112339/lib/python3.14/site-packages/pycparser/__pycache__/c_parser.cpython-314.pyc
/data/data/com.termux/files/home/GTA/BR/.venv.broken.20260831-112339/lib/python3.14/site-packages/pycparser/_ast_gen.py
/data/data/com.termux/files/home/GTA/BR/.venv.broken.20260831-112339/lib/python3.14/site-packages/pycparser/_c_ast.cfg
/data/data/com.termux/files/home/GTA/BR/.venv.broken.20260831-112339/lib/python3.14/site-packages/pycparser/ast_transforms.py
/data/data/com.termux/files/home/GTA/BR/.venv.broken.20260831-112339/lib/python3.14/site-packages/pycparser/c_ast.py
/data/data/com.termux/files/home/GTA/BR/.venv.broken.20260831-112339/lib/python3.14/site-packages/pycparser/c_generator.py
/data/data/com.termux/files/home/GTA/BR/.venv.broken.20260831-112339/lib/python3.14/site-packages/pycparser/c_lexer.py
/data/data/com.termux/files/home/GTA/BR/.venv.broken.20260831-112339/lib/python3.14/site-packages/pycparser/c_parser.py
/data/data/com.termux/files/home/GTA/BR/.venv.broken.20260831-112339/lib/python3.14/site-packages/pyparsing-3.3.2.dist-info/INSTALLER
/data/data/com.termux/files/home/GTA/BR/.venv.broken.20260831-112339/lib/python3.14/site-packages/pyparsing-3.3.2.dist-info/METADATA
/data/data/com.termux/files/home/GTA/BR/.venv.broken.20260831-112339/lib/python3.14/site-packages/pyparsing-3.3.2.dist-info/RECORD
/data/data/com.termux/files/home/GTA/BR/.venv.broken.20260831-112339/lib/python3.14/site-packages/pyparsing-3.3.2.dist-info/WHEEL
/data/data/com.termux/files/home/GTA/BR/.venv.broken.20260831-112339/lib/python3.14/site-packages/pyparsing-3.3.2.dist-info/licenses/LICENSE
/data/data/com.termux/files/home/GTA/BR/.venv.broken.20260831-112339/lib/python3.14/site-packages/pyparsing/__init__.py
/data/data/com.termux/files/home/GTA/BR/.venv.broken.20260831-112339/lib/python3.14/site-packages/pyparsing/__pycache__/__init__.cpython-314.pyc
/data/data/com.termux/files/home/GTA/BR/.venv.broken.20260831-112339/lib/python3.14/site-packages/pyparsing/__pycache__/actions.cpython-314.pyc
/data/data/com.termux/files/home/GTA/BR/.venv.broken.20260831-112339/lib/python3.14/site-packages/pyparsing/__pycache__/common.cpython-314.pyc
/data/data/com.termux/files/home/GTA/BR/.venv.broken.20260831-112339/lib/python3.14/site-packages/pyparsing/__pycache__/core.cpython-314.pyc
/data/data/com.termux/files/home/GTA/BR/.venv.broken.20260831-112339/lib/python3.14/site-packages/pyparsing/__pycache__/exceptions.cpython-314.pyc
/data/data/com.termux/files/home/GTA/BR/.venv.broken.20260831-112339/lib/python3.14/site-packages/pyparsing/__pycache__/helpers.cpython-314.pyc
/data/data/com.termux/files/home/GTA/BR/.venv.broken.20260831-112339/lib/python3.14/site-packages/pyparsing/__pycache__/results.cpython-314.pyc
/data/data/com.termux/files/home/GTA/BR/.venv.broken.20260831-112339/lib/python3.14/site-packages/pyparsing/__pycache__/testing.cpython-314.pyc
/data/data/com.termux/files/home/GTA/BR/.venv.broken.20260831-112339/lib/python3.14/site-packages/pyparsing/__pycache__/unicode.cpython-314.pyc
/data/data/com.termux/files/home/GTA/BR/.venv.broken.20260831-112339/lib/python3.14/site-packages/pyparsing/__pycache__/util.cpython-314.pyc
/data/data/com.termux/files/home/GTA/BR/.venv.broken.20260831-112339/lib/python3.14/site-packages/pyparsing/__pycache__/warnings.cpython-314.pyc
/data/data/com.termux/files/home/GTA/BR/.venv.broken.20260831-112339/lib/python3.14/site-packages/pyparsing/actions.py
/data/data/com.termux/files/home/GTA/BR/.venv.broken.20260831-112339/lib/python3.14/site-packages/pyparsing/ai/__init__.py
/data/data/com.termux/files/home/GTA/BR/.venv.broken.20260831-112339/lib/python3.14/site-packages/pyparsing/ai/__pycache__/__init__.cpython-314.pyc
/data/data/com.termux/files/home/GTA/BR/.venv.broken.20260831-112339/lib/python3.14/site-packages/pyparsing/ai/best_practices.md
/data/data/com.termux/files/home/GTA/BR/.venv.broken.20260831-112339/lib/python3.14/site-packages/pyparsing/ai/show_best_practices/__init__.py
/data/data/com.termux/files/home/GTA/BR/.venv.broken.20260831-112339/lib/python3.14/site-packages/pyparsing/ai/show_best_practices/__main__.py
/data/data/com.termux/files/home/GTA/BR/.venv.broken.20260831-112339/lib/python3.14/site-packages/pyparsing/ai/show_best_practices/__pycache__/__init__.cpython-314.pyc
/data/data/com.termux/files/home/GTA/BR/.venv.broken.20260831-112339/lib/python3.14/site-packages/pyparsing/ai/show_best_practices/__pycache__/__main__.cpython-314.pyc
/data/data/com.termux/files/home/GTA/BR/.venv.broken.20260831-112339/lib/python3.14/site-packages/pyparsing/common.py
/data/data/com.termux/files/home/GTA/BR/.venv.broken.20260831-112339/lib/python3.14/site-packages/pyparsing/core.py
/data/data/com.termux/files/home/GTA/BR/.venv.broken.20260831-112339/lib/python3.14/site-packages/pyparsing/diagram/__init__.py
/data/data/com.termux/files/home/GTA/BR/.venv.broken.20260831-112339/lib/python3.14/site-packages/pyparsing/diagram/__pycache__/__init__.cpython-314.pyc
/data/data/com.termux/files/home/GTA/BR/.venv.broken.20260831-112339/lib/python3.14/site-packages/pyparsing/exceptions.py
/data/data/com.termux/files/home/GTA/BR/.venv.broken.20260831-112339/lib/python3.14/site-packages/pyparsing/helpers.py
/data/data/com.termux/files/home/GTA/BR/.venv.broken.20260831-112339/lib/python3.14/site-packages/pyparsing/py.typed
/data/data/com.termux/files/home/GTA/BR/.venv.broken.20260831-112339/lib/python3.14/site-packages/pyparsing/results.py
/data/data/com.termux/files/home/GTA/BR/.venv.broken.20260831-112339/lib/python3.14/site-packages/pyparsing/testing.py
/data/data/com.termux/files/home/GTA/BR/.venv.broken.20260831-112339/lib/python3.14/site-packages/pyparsing/tools/__init__.py
/data/data/com.termux/files/home/GTA/BR/.venv.broken.20260831-112339/lib/python3.14/site-packages/pyparsing/tools/__pycache__/__init__.cpython-314.pyc
/data/data/com.termux/files/home/GTA/BR/.venv.broken.20260831-112339/lib/python3.14/site-packages/pyparsing/tools/__pycache__/cvt_pyparsing_pep8_names.cpython-314.pyc
/data/data/com.termux/files/home/GTA/BR/.venv.broken.20260831-112339/lib/python3.14/site-packages/pyparsing/tools/cvt_pyparsing_pep8_names.py
/data/data/com.termux/files/home/GTA/BR/.venv.broken.20260831-112339/lib/python3.14/site-packages/pyparsing/unicode.py
/data/data/com.termux/files/home/GTA/BR/.venv.broken.20260831-112339/lib/python3.14/site-packages/pyparsing/util.py
/data/data/com.termux/files/home/GTA/BR/.venv.broken.20260831-112339/lib/python3.14/site-packages/pyparsing/warnings.py
/data/data/com.termux/files/home/GTA/BR/.venv.broken.20260831-112339/lib/python3.14/site-packages/requests-2.34.2.dist-info/INSTALLER
/data/data/com.termux/files/home/GTA/BR/.venv.broken.20260831-112339/lib/python3.14/site-packages/requests-2.34.2.dist-info/METADATA
/data/data/com.termux/files/home/GTA/BR/.venv.broken.20260831-112339/lib/python3.14/site-packages/requests-2.34.2.dist-info/RECORD
/data/data/com.termux/files/home/GTA/BR/.venv.broken.20260831-112339/lib/python3.14/site-packages/requests-2.34.2.dist-info/WHEEL
/data/data/com.termux/files/home/GTA/BR/.venv.broken.20260831-112339/lib/python3.14/site-packages/requests-2.34.2.dist-info/licenses/LICENSE
/data/data/com.termux/files/home/GTA/BR/.venv.broken.20260831-112339/lib/python3.14/site-packages/requests-2.34.2.dist-info/licenses/NOTICE
/data/data/com.termux/files/home/GTA/BR/.venv.broken.20260831-112339/lib/python3.14/site-packages/requests-2.34.2.dist-info/top_level.txt
/data/data/com.termux/files/home/GTA/BR/.venv.broken.20260831-112339/lib/python3.14/site-packages/requests/__init__.py
/data/data/com.termux/files/home/GTA/BR/.venv.broken.20260831-112339/lib/python3.14/site-packages/requests/__pycache__/__init__.cpython-314.pyc
/data/data/com.termux/files/home/GTA/BR/.venv.broken.20260831-112339/lib/python3.14/site-packages/requests/__pycache__/__version__.cpython-314.pyc
/data/data/com.termux/files/home/GTA/BR/.venv.broken.20260831-112339/lib/python3.14/site-packages/requests/__pycache__/_internal_utils.cpython-314.pyc
/data/data/com.termux/files/home/GTA/BR/.venv.broken.20260831-112339/lib/python3.14/site-packages/requests/__pycache__/_types.cpython-314.pyc
/data/data/com.termux/files/home/GTA/BR/.venv.broken.20260831-112339/lib/python3.14/site-packages/requests/__pycache__/adapters.cpython-314.pyc
/data/data/com.termux/files/home/GTA/BR/.venv.broken.20260831-112339/lib/python3.14/site-packages/requests/__pycache__/api.cpython-314.pyc
/data/data/com.termux/files/home/GTA/BR/.venv.broken.20260831-112339/lib/python3.14/site-packages/requests/__pycache__/auth.cpython-314.pyc
/data/data/com.termux/files/home/GTA/BR/.venv.broken.20260831-112339/lib/python3.14/site-packages/requests/__pycache__/certs.cpython-314.pyc
/data/data/com.termux/files/home/GTA/BR/.venv.broken.20260831-112339/lib/python3.14/site-packages/requests/__pycache__/compat.cpython-314.pyc
/data/data/com.termux/files/home/GTA/BR/.venv.broken.20260831-112339/lib/python3.14/site-packages/requests/__pycache__/cookies.cpython-314.pyc
/data/data/com.termux/files/home/GTA/BR/.venv.broken.20260831-112339/lib/python3.14/site-packages/requests/__pycache__/exceptions.cpython-314.pyc
/data/data/com.termux/files/home/GTA/BR/.venv.broken.20260831-112339/lib/python3.14/site-packages/requests/__pycache__/help.cpython-314.pyc
/data/data/com.termux/files/home/GTA/BR/.venv.broken.20260831-112339/lib/python3.14/site-packages/requests/__pycache__/hooks.cpython-314.pyc
/data/data/com.termux/files/home/GTA/BR/.venv.broken.20260831-112339/lib/python3.14/site-packages/requests/__pycache__/models.cpython-314.pyc
/data/data/com.termux/files/home/GTA/BR/.venv.broken.20260831-112339/lib/python3.14/site-packages/requests/__pycache__/packages.cpython-314.pyc
/data/data/com.termux/files/home/GTA/BR/.venv.broken.20260831-112339/lib/python3.14/site-packages/requests/__pycache__/sessions.cpython-314.pyc
/data/data/com.termux/files/home/GTA/BR/.venv.broken.20260831-112339/lib/python3.14/site-packages/requests/__pycache__/status_codes.cpython-314.pyc
/data/data/com.termux/files/home/GTA/BR/.venv.broken.20260831-112339/lib/python3.14/site-packages/requests/__pycache__/structures.cpython-314.pyc
/data/data/com.termux/files/home/GTA/BR/.venv.broken.20260831-112339/lib/python3.14/site-packages/requests/__pycache__/utils.cpython-314.pyc
/data/data/com.termux/files/home/GTA/BR/.venv.broken.20260831-112339/lib/python3.14/site-packages/requests/__version__.py
/data/data/com.termux/files/home/GTA/BR/.venv.broken.20260831-112339/lib/python3.14/site-packages/requests/_internal_utils.py
/data/data/com.termux/files/home/GTA/BR/.venv.broken.20260831-112339/lib/python3.14/site-packages/requests/_types.py
/data/data/com.termux/files/home/GTA/BR/.venv.broken.20260831-112339/lib/python3.14/site-packages/requests/adapters.py
/data/data/com.termux/files/home/GTA/BR/.venv.broken.20260831-112339/lib/python3.14/site-packages/requests/api.py
/data/data/com.termux/files/home/GTA/BR/.venv.broken.20260831-112339/lib/python3.14/site-packages/requests/auth.py
/data/data/com.termux/files/home/GTA/BR/.venv.broken.20260831-112339/lib/python3.14/site-packages/requests/certs.py
/data/data/com.termux/files/home/GTA/BR/.venv.broken.20260831-112339/lib/python3.14/site-packages/requests/compat.py
/data/data/com.termux/files/home/GTA/BR/.venv.broken.20260831-112339/lib/python3.14/site-packages/requests/cookies.py
/data/data/com.termux/files/home/GTA/BR/.venv.broken.20260831-112339/lib/python3.14/site-packages/requests/exceptions.py
/data/data/com.termux/files/home/GTA/BR/.venv.broken.20260831-112339/lib/python3.14/site-packages/requests/help.py
/data/data/com.termux/files/home/GTA/BR/.venv.broken.20260831-112339/lib/python3.14/site-packages/requests/hooks.py
/data/data/com.termux/files/home/GTA/BR/.venv.broken.20260831-112339/lib/python3.14/site-packages/requests/models.py
/data/data/com.termux/files/home/GTA/BR/.venv.broken.20260831-112339/lib/python3.14/site-packages/requests/packages.py
/data/data/com.termux/files/home/GTA/BR/.venv.broken.20260831-112339/lib/python3.14/site-packages/requests/py.typed
/data/data/com.termux/files/home/GTA/BR/.venv.broken.20260831-112339/lib/python3.14/site-packages/requests/sessions.py
/data/data/com.termux/files/home/GTA/BR/.venv.broken.20260831-112339/lib/python3.14/site-packages/requests/status_codes.py
/data/data/com.termux/files/home/GTA/BR/.venv.broken.20260831-112339/lib/python3.14/site-packages/requests/structures.py
/data/data/com.termux/files/home/GTA/BR/.venv.broken.20260831-112339/lib/python3.14/site-packages/requests/utils.py
/data/data/com.termux/files/home/GTA/BR/.venv.broken.20260831-112339/lib/python3.14/site-packages/requests_oauthlib-2.0.0.dist-info/INSTALLER
/data/data/com.termux/files/home/GTA/BR/.venv.broken.20260831-112339/lib/python3.14/site-packages/requests_oauthlib-2.0.0.dist-info/LICENSE
/data/data/com.termux/files/home/GTA/BR/.venv.broken.20260831-112339/lib/python3.14/site-packages/requests_oauthlib-2.0.0.dist-info/METADATA
/data/data/com.termux/files/home/GTA/BR/.venv.broken.20260831-112339/lib/python3.14/site-packages/requests_oauthlib-2.0.0.dist-info/RECORD
/data/data/com.termux/files/home/GTA/BR/.venv.broken.20260831-112339/lib/python3.14/site-packages/requests_oauthlib-2.0.0.dist-info/WHEEL
/data/data/com.termux/files/home/GTA/BR/.venv.broken.20260831-112339/lib/python3.14/site-packages/requests_oauthlib-2.0.0.dist-info/top_level.txt
/data/data/com.termux/files/home/GTA/BR/.venv.broken.20260831-112339/lib/python3.14/site-packages/requests_oauthlib/__init__.py
/data/data/com.termux/files/home/GTA/BR/.venv.broken.20260831-112339/lib/python3.14/site-packages/requests_oauthlib/__pycache__/__init__.cpython-314.pyc
/data/data/com.termux/files/home/GTA/BR/.venv.broken.20260831-112339/lib/python3.14/site-packages/requests_oauthlib/__pycache__/oauth1_auth.cpython-314.pyc
/data/data/com.termux/files/home/GTA/BR/.venv.broken.20260831-112339/lib/python3.14/site-packages/requests_oauthlib/__pycache__/oauth1_session.cpython-314.pyc
/data/data/com.termux/files/home/GTA/BR/.venv.broken.20260831-112339/lib/python3.14/site-packages/requests_oauthlib/__pycache__/oauth2_auth.cpython-314.pyc
/data/data/com.termux/files/home/GTA/BR/.venv.broken.20260831-112339/lib/python3.14/site-packages/requests_oauthlib/__pycache__/oauth2_session.cpython-314.pyc
/data/data/com.termux/files/home/GTA/BR/.venv.broken.20260831-112339/lib/python3.14/site-packages/requests_oauthlib/compliance_fixes/__init__.py
/data/data/com.termux/files/home/GTA/BR/.venv.broken.20260831-112339/lib/python3.14/site-packages/requests_oauthlib/compliance_fixes/__pycache__/__init__.cpython-314.pyc
/data/data/com.termux/files/home/GTA/BR/.venv.broken.20260831-112339/lib/python3.14/site-packages/requests_oauthlib/compliance_fixes/__pycache__/douban.cpython-314.pyc
/data/data/com.termux/files/home/GTA/BR/.venv.broken.20260831-112339/lib/python3.14/site-packages/requests_oauthlib/compliance_fixes/__pycache__/ebay.cpython-314.pyc
/data/data/com.termux/files/home/GTA/BR/.venv.broken.20260831-112339/lib/python3.14/site-packages/requests_oauthlib/compliance_fixes/__pycache__/facebook.cpython-314.pyc
/data/data/com.termux/files/home/GTA/BR/.venv.broken.20260831-112339/lib/python3.14/site-packages/requests_oauthlib/compliance_fixes/__pycache__/fitbit.cpython-314.pyc
/data/data/com.termux/files/home/GTA/BR/.venv.broken.20260831-112339/lib/python3.14/site-packages/requests_oauthlib/compliance_fixes/__pycache__/instagram.cpython-314.pyc
/data/data/com.termux/files/home/GTA/BR/.venv.broken.20260831-112339/lib/python3.14/site-packages/requests_oauthlib/compliance_fixes/__pycache__/mailchimp.cpython-314.pyc
/data/data/com.termux/files/home/GTA/BR/.venv.broken.20260831-112339/lib/python3.14/site-packages/requests_oauthlib/compliance_fixes/__pycache__/plentymarkets.cpython-314.pyc
/data/data/com.termux/files/home/GTA/BR/.venv.broken.20260831-112339/lib/python3.14/site-packages/requests_oauthlib/compliance_fixes/__pycache__/slack.cpython-314.pyc
/data/data/com.termux/files/home/GTA/BR/.venv.broken.20260831-112339/lib/python3.14/site-packages/requests_oauthlib/compliance_fixes/__pycache__/weibo.cpython-314.pyc
/data/data/com.termux/files/home/GTA/BR/.venv.broken.20260831-112339/lib/python3.14/site-packages/requests_oauthlib/compliance_fixes/douban.py
/data/data/com.termux/files/home/GTA/BR/.venv.broken.20260831-112339/lib/python3.14/site-packages/requests_oauthlib/compliance_fixes/ebay.py
/data/data/com.termux/files/home/GTA/BR/.venv.broken.20260831-112339/lib/python3.14/site-packages/requests_oauthlib/compliance_fixes/facebook.py
/data/data/com.termux/files/home/GTA/BR/.venv.broken.20260831-112339/lib/python3.14/site-packages/requests_oauthlib/compliance_fixes/fitbit.py
/data/data/com.termux/files/home/GTA/BR/.venv.broken.20260831-112339/lib/python3.14/site-packages/requests_oauthlib/compliance_fixes/instagram.py
/data/data/com.termux/files/home/GTA/BR/.venv.broken.20260831-112339/lib/python3.14/site-packages/requests_oauthlib/compliance_fixes/mailchimp.py
/data/data/com.termux/files/home/GTA/BR/.venv.broken.20260831-112339/lib/python3.14/site-packages/requests_oauthlib/compliance_fixes/plentymarkets.py
/data/data/com.termux/files/home/GTA/BR/.venv.broken.20260831-112339/lib/python3.14/site-packages/requests_oauthlib/compliance_fixes/slack.py
/data/data/com.termux/files/home/GTA/BR/.venv.broken.20260831-112339/lib/python3.14/site-packages/requests_oauthlib/compliance_fixes/weibo.py
/data/data/com.termux/files/home/GTA/BR/.venv.broken.20260831-112339/lib/python3.14/site-packages/requests_oauthlib/oauth1_auth.py
/data/data/com.termux/files/home/GTA/BR/.venv.broken.20260831-112339/lib/python3.14/site-packages/requests_oauthlib/oauth1_session.py
/data/data/com.termux/files/home/GTA/BR/.venv.broken.20260831-112339/lib/python3.14/site-packages/requests_oauthlib/oauth2_auth.py
/data/data/com.termux/files/home/GTA/BR/.venv.broken.20260831-112339/lib/python3.14/site-packages/requests_oauthlib/oauth2_session.py
/data/data/com.termux/files/home/GTA/BR/.venv.broken.20260831-112339/lib/python3.14/site-packages/uritemplate-4.2.0.dist-info/INSTALLER
/data/data/com.termux/files/home/GTA/BR/.venv.broken.20260831-112339/lib/python3.14/site-packages/uritemplate-4.2.0.dist-info/METADATA
/data/data/com.termux/files/home/GTA/BR/.venv.broken.20260831-112339/lib/python3.14/site-packages/uritemplate-4.2.0.dist-info/RECORD
/data/data/com.termux/files/home/GTA/BR/.venv.broken.20260831-112339/lib/python3.14/site-packages/uritemplate-4.2.0.dist-info/WHEEL
/data/data/com.termux/files/home/GTA/BR/.venv.broken.20260831-112339/lib/python3.14/site-packages/uritemplate-4.2.0.dist-info/licenses/LICENSE
/data/data/com.termux/files/home/GTA/BR/.venv.broken.20260831-112339/lib/python3.14/site-packages/uritemplate-4.2.0.dist-info/top_level.txt
/data/data/com.termux/files/home/GTA/BR/.venv.broken.20260831-112339/lib/python3.14/site-packages/uritemplate/__init__.py
/data/data/com.termux/files/home/GTA/BR/.venv.broken.20260831-112339/lib/python3.14/site-packages/uritemplate/__pycache__/__init__.cpython-314.pyc
/data/data/com.termux/files/home/GTA/BR/.venv.broken.20260831-112339/lib/python3.14/site-packages/uritemplate/__pycache__/api.cpython-314.pyc
/data/data/com.termux/files/home/GTA/BR/.venv.broken.20260831-112339/lib/python3.14/site-packages/uritemplate/__pycache__/orderedset.cpython-314.pyc
/data/data/com.termux/files/home/GTA/BR/.venv.broken.20260831-112339/lib/python3.14/site-packages/uritemplate/__pycache__/template.cpython-314.pyc
/data/data/com.termux/files/home/GTA/BR/.venv.broken.20260831-112339/lib/python3.14/site-packages/uritemplate/__pycache__/variable.cpython-314.pyc
/data/data/com.termux/files/home/GTA/BR/.venv.broken.20260831-112339/lib/python3.14/site-packages/uritemplate/api.py
/data/data/com.termux/files/home/GTA/BR/.venv.broken.20260831-112339/lib/python3.14/site-packages/uritemplate/orderedset.py
/data/data/com.termux/files/home/GTA/BR/.venv.broken.20260831-112339/lib/python3.14/site-packages/uritemplate/py.typed
/data/data/com.termux/files/home/GTA/BR/.venv.broken.20260831-112339/lib/python3.14/site-packages/uritemplate/template.py
/data/data/com.termux/files/home/GTA/BR/.venv.broken.20260831-112339/lib/python3.14/site-packages/uritemplate/variable.py
/data/data/com.termux/files/home/GTA/BR/.venv.broken.20260831-112339/lib/python3.14/site-packages/urllib3-2.7.0.dist-info/INSTALLER
/data/data/com.termux/files/home/GTA/BR/.venv.broken.20260831-112339/lib/python3.14/site-packages/urllib3-2.7.0.dist-info/METADATA
/data/data/com.termux/files/home/GTA/BR/.venv.broken.20260831-112339/lib/python3.14/site-packages/urllib3-2.7.0.dist-info/RECORD
/data/data/com.termux/files/home/GTA/BR/.venv.broken.20260831-112339/lib/python3.14/site-packages/urllib3-2.7.0.dist-info/WHEEL
/data/data/com.termux/files/home/GTA/BR/.venv.broken.20260831-112339/lib/python3.14/site-packages/urllib3-2.7.0.dist-info/licenses/LICENSE.txt
/data/data/com.termux/files/home/GTA/BR/.venv.broken.20260831-112339/lib/python3.14/site-packages/urllib3/__init__.py
/data/data/com.termux/files/home/GTA/BR/.venv.broken.20260831-112339/lib/python3.14/site-packages/urllib3/__pycache__/__init__.cpython-314.pyc
/data/data/com.termux/files/home/GTA/BR/.venv.broken.20260831-112339/lib/python3.14/site-packages/urllib3/__pycache__/_base_connection.cpython-314.pyc
/data/data/com.termux/files/home/GTA/BR/.venv.broken.20260831-112339/lib/python3.14/site-packages/urllib3/__pycache__/_collections.cpython-314.pyc
/data/data/com.termux/files/home/GTA/BR/.venv.broken.20260831-112339/lib/python3.14/site-packages/urllib3/__pycache__/_request_methods.cpython-314.pyc
/data/data/com.termux/files/home/GTA/BR/.venv.broken.20260831-112339/lib/python3.14/site-packages/urllib3/__pycache__/_version.cpython-314.pyc
/data/data/com.termux/files/home/GTA/BR/.venv.broken.20260831-112339/lib/python3.14/site-packages/urllib3/__pycache__/connection.cpython-314.pyc
/data/data/com.termux/files/home/GTA/BR/.venv.broken.20260831-112339/lib/python3.14/site-packages/urllib3/__pycache__/connectionpool.cpython-314.pyc
/data/data/com.termux/files/home/GTA/BR/.venv.broken.20260831-112339/lib/python3.14/site-packages/urllib3/__pycache__/exceptions.cpython-314.pyc
/data/data/com.termux/files/home/GTA/BR/.venv.broken.20260831-112339/lib/python3.14/site-packages/urllib3/__pycache__/fields.cpython-314.pyc
/data/data/com.termux/files/home/GTA/BR/.venv.broken.20260831-112339/lib/python3.14/site-packages/urllib3/__pycache__/filepost.cpython-314.pyc
/data/data/com.termux/files/home/GTA/BR/.venv.broken.20260831-112339/lib/python3.14/site-packages/urllib3/__pycache__/poolmanager.cpython-314.pyc
/data/data/com.termux/files/home/GTA/BR/.venv.broken.20260831-112339/lib/python3.14/site-packages/urllib3/__pycache__/response.cpython-314.pyc
/data/data/com.termux/files/home/GTA/BR/.venv.broken.20260831-112339/lib/python3.14/site-packages/urllib3/_base_connection.py
/data/data/com.termux/files/home/GTA/BR/.venv.broken.20260831-112339/lib/python3.14/site-packages/urllib3/_collections.py
/data/data/com.termux/files/home/GTA/BR/.venv.broken.20260831-112339/lib/python3.14/site-packages/urllib3/_request_methods.py
/data/data/com.termux/files/home/GTA/BR/.venv.broken.20260831-112339/lib/python3.14/site-packages/urllib3/_version.py
/data/data/com.termux/files/home/GTA/BR/.venv.broken.20260831-112339/lib/python3.14/site-packages/urllib3/connection.py
/data/data/com.termux/files/home/GTA/BR/.venv.broken.20260831-112339/lib/python3.14/site-packages/urllib3/connectionpool.py
/data/data/com.termux/files/home/GTA/BR/.venv.broken.20260831-112339/lib/python3.14/site-packages/urllib3/contrib/__init__.py
/data/data/com.termux/files/home/GTA/BR/.venv.broken.20260831-112339/lib/python3.14/site-packages/urllib3/contrib/__pycache__/__init__.cpython-314.pyc
/data/data/com.termux/files/home/GTA/BR/.venv.broken.20260831-112339/lib/python3.14/site-packages/urllib3/contrib/__pycache__/pyopenssl.cpython-314.pyc
/data/data/com.termux/files/home/GTA/BR/.venv.broken.20260831-112339/lib/python3.14/site-packages/urllib3/contrib/__pycache__/socks.cpython-314.pyc
/data/data/com.termux/files/home/GTA/BR/.venv.broken.20260831-112339/lib/python3.14/site-packages/urllib3/contrib/emscripten/__init__.py
/data/data/com.termux/files/home/GTA/BR/.venv.broken.20260831-112339/lib/python3.14/site-packages/urllib3/contrib/emscripten/__pycache__/__init__.cpython-314.pyc
/data/data/com.termux/files/home/GTA/BR/.venv.broken.20260831-112339/lib/python3.14/site-packages/urllib3/contrib/emscripten/__pycache__/connection.cpython-314.pyc
/data/data/com.termux/files/home/GTA/BR/.venv.broken.20260831-112339/lib/python3.14/site-packages/urllib3/contrib/emscripten/__pycache__/fetch.cpython-314.pyc
/data/data/com.termux/files/home/GTA/BR/.venv.broken.20260831-112339/lib/python3.14/site-packages/urllib3/contrib/emscripten/__pycache__/request.cpython-314.pyc
/data/data/com.termux/files/home/GTA/BR/.venv.broken.20260831-112339/lib/python3.14/site-packages/urllib3/contrib/emscripten/__pycache__/response.cpython-314.pyc
/data/data/com.termux/files/home/GTA/BR/.venv.broken.20260831-112339/lib/python3.14/site-packages/urllib3/contrib/emscripten/connection.py
/data/data/com.termux/files/home/GTA/BR/.venv.broken.20260831-112339/lib/python3.14/site-packages/urllib3/contrib/emscripten/emscripten_fetch_worker.js
/data/data/com.termux/files/home/GTA/BR/.venv.broken.20260831-112339/lib/python3.14/site-packages/urllib3/contrib/emscripten/fetch.py
/data/data/com.termux/files/home/GTA/BR/.venv.broken.20260831-112339/lib/python3.14/site-packages/urllib3/contrib/emscripten/request.py
/data/data/com.termux/files/home/GTA/BR/.venv.broken.20260831-112339/lib/python3.14/site-packages/urllib3/contrib/emscripten/response.py
/data/data/com.termux/files/home/GTA/BR/.venv.broken.20260831-112339/lib/python3.14/site-packages/urllib3/contrib/pyopenssl.py
/data/data/com.termux/files/home/GTA/BR/.venv.broken.20260831-112339/lib/python3.14/site-packages/urllib3/contrib/socks.py
/data/data/com.termux/files/home/GTA/BR/.venv.broken.20260831-112339/lib/python3.14/site-packages/urllib3/exceptions.py
/data/data/com.termux/files/home/GTA/BR/.venv.broken.20260831-112339/lib/python3.14/site-packages/urllib3/fields.py
/data/data/com.termux/files/home/GTA/BR/.venv.broken.20260831-112339/lib/python3.14/site-packages/urllib3/filepost.py
/data/data/com.termux/files/home/GTA/BR/.venv.broken.20260831-112339/lib/python3.14/site-packages/urllib3/http2/__init__.py
/data/data/com.termux/files/home/GTA/BR/.venv.broken.20260831-112339/lib/python3.14/site-packages/urllib3/http2/__pycache__/__init__.cpython-314.pyc
/data/data/com.termux/files/home/GTA/BR/.venv.broken.20260831-112339/lib/python3.14/site-packages/urllib3/http2/__pycache__/connection.cpython-314.pyc
/data/data/com.termux/files/home/GTA/BR/.venv.broken.20260831-112339/lib/python3.14/site-packages/urllib3/http2/__pycache__/probe.cpython-314.pyc
/data/data/com.termux/files/home/GTA/BR/.venv.broken.20260831-112339/lib/python3.14/site-packages/urllib3/http2/connection.py
/data/data/com.termux/files/home/GTA/BR/.venv.broken.20260831-112339/lib/python3.14/site-packages/urllib3/http2/probe.py
/data/data/com.termux/files/home/GTA/BR/.venv.broken.20260831-112339/lib/python3.14/site-packages/urllib3/poolmanager.py
/data/data/com.termux/files/home/GTA/BR/.venv.broken.20260831-112339/lib/python3.14/site-packages/urllib3/py.typed
/data/data/com.termux/files/home/GTA/BR/.venv.broken.20260831-112339/lib/python3.14/site-packages/urllib3/response.py
/data/data/com.termux/files/home/GTA/BR/.venv.broken.20260831-112339/lib/python3.14/site-packages/urllib3/util/__init__.py
/data/data/com.termux/files/home/GTA/BR/.venv.broken.20260831-112339/lib/python3.14/site-packages/urllib3/util/__pycache__/__init__.cpython-314.pyc
/data/data/com.termux/files/home/GTA/BR/.venv.broken.20260831-112339/lib/python3.14/site-packages/urllib3/util/__pycache__/connection.cpython-314.pyc
/data/data/com.termux/files/home/GTA/BR/.venv.broken.20260831-112339/lib/python3.14/site-packages/urllib3/util/__pycache__/proxy.cpython-314.pyc
/data/data/com.termux/files/home/GTA/BR/.venv.broken.20260831-112339/lib/python3.14/site-packages/urllib3/util/__pycache__/request.cpython-314.pyc
/data/data/com.termux/files/home/GTA/BR/.venv.broken.20260831-112339/lib/python3.14/site-packages/urllib3/util/__pycache__/response.cpython-314.pyc
/data/data/com.termux/files/home/GTA/BR/.venv.broken.20260831-112339/lib/python3.14/site-packages/urllib3/util/__pycache__/retry.cpython-314.pyc
/data/data/com.termux/files/home/GTA/BR/.venv.broken.20260831-112339/lib/python3.14/site-packages/urllib3/util/__pycache__/ssl_.cpython-314.pyc
/data/data/com.termux/files/home/GTA/BR/.venv.broken.20260831-112339/lib/python3.14/site-packages/urllib3/util/__pycache__/ssl_match_hostname.cpython-314.pyc
/data/data/com.termux/files/home/GTA/BR/.venv.broken.20260831-112339/lib/python3.14/site-packages/urllib3/util/__pycache__/ssltransport.cpython-314.pyc
/data/data/com.termux/files/home/GTA/BR/.venv.broken.20260831-112339/lib/python3.14/site-packages/urllib3/util/__pycache__/timeout.cpython-314.pyc
/data/data/com.termux/files/home/GTA/BR/.venv.broken.20260831-112339/lib/python3.14/site-packages/urllib3/util/__pycache__/url.cpython-314.pyc
/data/data/com.termux/files/home/GTA/BR/.venv.broken.20260831-112339/lib/python3.14/site-packages/urllib3/util/__pycache__/util.cpython-314.pyc
/data/data/com.termux/files/home/GTA/BR/.venv.broken.20260831-112339/lib/python3.14/site-packages/urllib3/util/__pycache__/wait.cpython-314.pyc
/data/data/com.termux/files/home/GTA/BR/.venv.broken.20260831-112339/lib/python3.14/site-packages/urllib3/util/connection.py
/data/data/com.termux/files/home/GTA/BR/.venv.broken.20260831-112339/lib/python3.14/site-packages/urllib3/util/proxy.py
/data/data/com.termux/files/home/GTA/BR/.venv.broken.20260831-112339/lib/python3.14/site-packages/urllib3/util/request.py
/data/data/com.termux/files/home/GTA/BR/.venv.broken.20260831-112339/lib/python3.14/site-packages/urllib3/util/response.py
/data/data/com.termux/files/home/GTA/BR/.venv.broken.20260831-112339/lib/python3.14/site-packages/urllib3/util/retry.py
/data/data/com.termux/files/home/GTA/BR/.venv.broken.20260831-112339/lib/python3.14/site-packages/urllib3/util/ssl_.py
/data/data/com.termux/files/home/GTA/BR/.venv.broken.20260831-112339/lib/python3.14/site-packages/urllib3/util/ssl_match_hostname.py
/data/data/com.termux/files/home/GTA/BR/.venv.broken.20260831-112339/lib/python3.14/site-packages/urllib3/util/ssltransport.py
/data/data/com.termux/files/home/GTA/BR/.venv.broken.20260831-112339/lib/python3.14/site-packages/urllib3/util/timeout.py
/data/data/com.termux/files/home/GTA/BR/.venv.broken.20260831-112339/lib/python3.14/site-packages/urllib3/util/url.py
/data/data/com.termux/files/home/GTA/BR/.venv.broken.20260831-112339/lib/python3.14/site-packages/urllib3/util/util.py
/data/data/com.termux/files/home/GTA/BR/.venv.broken.20260831-112339/lib/python3.14/site-packages/urllib3/util/wait.py
/data/data/com.termux/files/home/GTA/BR/.venv.broken.20260831-112339/pyvenv.cfg
/data/data/com.termux/files/home/GTA/BR/YouTube/.gitignore
/data/data/com.termux/files/home/GTA/BR/YouTube/credentials/client_secret.json
/data/data/com.termux/files/home/GTA/BR/YouTube/tokens/youtube_token.json
/data/data/com.termux/files/home/GTA/BR/YouTube/youtube_oauth.py
/data/data/com.termux/files/home/GTA/BR/YouTube/youtube_oauth.py.bak
/data/data/com.termux/files/home/GTA/BR/consolidar_br_no_gta.sh
/data/data/com.termux/files/home/GTA/BR/logs/consolidacao_20260831_202031.log

============================================================
 CONSOLIDAÇÃO SEGURA CONCLUÍDA
============================================================
Relatório: /data/data/com.termux/files/home/GTA/BR/logs/consolidacao_20260831_202031.log
